solid OpenSCAD_Model
  facet normal 0 0 -1
    outer loop
      vertex -44.99999999999999 -28.939934640057523 0
      vertex -45.57643557374622 -28.554772703543545 0
      vertex -46.0976659402887 -28.0976659402887 0
    endloop
  endfacet
  facet normal 0 0 -1
    outer loop
      vertex -44.99999999999999 -28.939934640057523 0
      vertex -46.0976659402887 -28.0976659402887 0
      vertex -46.93993464005752 -27 0
    endloop
  endfacet
  facet normal 0 0 -1
    outer loop
      vertex -46.0976659402887 -28.0976659402887 0
      vertex -46.55477270354354 -27.576435573746217 0
      vertex -46.93993464005752 -27 0
    endloop
  endfacet
  facet normal 0 0 -1
    outer loop
      vertex -46.93993464005752 -27 0
      vertex -47.24656152230982 -26.378222191534974 0
      vertex -47.469406879332055 -25.721740939043357 0
    endloop
  endfacet
  facet normal 0 0 -1
    outer loop
      vertex -44.99999999999999 -28.939934640057523 0
      vertex -46.93993464005752 -27 0
      vertex -47.64999999999999 -24.349999999999998 0
    endloop
  endfacet
  facet normal 0 0 -1
    outer loop
      vertex -44.99999999999999 -28.939934640057523 0
      vertex -43.72174093904336 -29.469406879332062 0
      vertex -44.378222191534974 -29.24656152230982 0
    endloop
  endfacet
  facet normal 0 0 -1
    outer loop
      vertex -44.99999999999999 -28.939934640057523 0
      vertex -42.349999999999994 -29.65 0
      vertex -43.72174093904336 -29.469406879332062 0
    endloop
  endfacet
  facet normal 0 0 -1
    outer loop
      vertex -43.72174093904336 -29.469406879332062 0
      vertex -42.349999999999994 -29.65 0
      vertex -43.04178881876627 -29.604657765281193 0
    endloop
  endfacet
  facet normal -0.6593458151000695 -0.7518398074789767 0
    outer loop
      vertex -45.57643557374622 -28.554772703543545 0
      vertex -45.57643557374622 -28.554772703543545 2.4
      vertex -46.0976659402887 -28.0976659402887 0
    endloop
  endfacet
  facet normal -0.5555702330195983 -0.8314696123025479 0
    outer loop
      vertex -44.99999999999999 -28.939934640057523 0
      vertex -45.57643557374622 -28.554772703543545 2.4
      vertex -45.57643557374622 -28.554772703543545 0
    endloop
  endfacet
  facet normal -0.8314696123025423 -0.5555702330196066 0
    outer loop
      vertex -46.93993464005752 -27 0
      vertex -46.55477270354354 -27.576435573746217 0
      vertex -46.55477270354354 -27.576435573746217 2.4
    endloop
  endfacet
  facet normal -0.7518398074789794 -0.6593458151000667 0
    outer loop
      vertex -46.0976659402887 -28.0976659402887 0
      vertex -46.55477270354354 -27.576435573746217 2.4
      vertex -46.55477270354354 -27.576435573746217 0
    endloop
  endfacet
  facet normal -0.8968727415326884 -0.44228869021900097 0
    outer loop
      vertex -46.93993464005752 -27 0
      vertex -47.24656152230982 -26.378222191534974 2.4
      vertex -47.24656152230982 -26.378222191534974 0
    endloop
  endfacet
  facet normal -0.9469301294951079 -0.32143946530315476 0
    outer loop
      vertex -47.24656152230982 -26.378222191534974 0
      vertex -47.24656152230982 -26.378222191534974 2.4
      vertex -47.469406879332055 -25.721740939043357 0
    endloop
  endfacet
  facet normal -0.3214394653031639 -0.9469301294951048 0
    outer loop
      vertex -44.378222191534974 -29.24656152230982 0
      vertex -43.72174093904336 -29.469406879332062 0
      vertex -44.378222191534974 -29.24656152230982 2.4
    endloop
  endfacet
  facet normal -0.442288690219005 -0.8968727415326864 0
    outer loop
      vertex -44.99999999999999 -28.939934640057523 0
      vertex -44.378222191534974 -29.24656152230982 0
      vertex -44.378222191534974 -29.24656152230982 2.4
    endloop
  endfacet
  facet normal -0.19509032201612408 -0.9807852804032313 0
    outer loop
      vertex -43.72174093904336 -29.469406879332062 0
      vertex -43.04178881876627 -29.604657765281193 0
      vertex -43.04178881876627 -29.604657765281193 2.4
    endloop
  endfacet
  facet normal -0.06540312923014435 -0.9978589232386034 0
    outer loop
      vertex -43.04178881876627 -29.604657765281193 0
      vertex -42.349999999999994 -29.65 0
      vertex -43.04178881876627 -29.604657765281193 2.4
    endloop
  endfacet
  facet normal 0 0 -1
    outer loop
      vertex -46.93993464005752 -27 0
      vertex -47.469406879332055 -25.721740939043357 0
      vertex -47.64999999999999 -24.349999999999998 0
    endloop
  endfacet
  facet normal 0 0 -1
    outer loop
      vertex -47.469406879332055 -25.721740939043357 0
      vertex -47.60465776528119 -25.04178881876627 0
      vertex -47.64999999999999 -24.349999999999998 0
    endloop
  endfacet
  facet normal -0.9807852804032304 -0.19509032201612905 0
    outer loop
      vertex -47.469406879332055 -25.721740939043357 0
      vertex -47.60465776528119 -25.04178881876627 2.4
      vertex -47.60465776528119 -25.04178881876627 0
    endloop
  endfacet
  facet normal -0.9978589232386037 -0.06540312923013959 0
    outer loop
      vertex -47.60465776528119 -25.04178881876627 0
      vertex -47.60465776528119 -25.04178881876627 2.4
      vertex -47.64999999999999 -24.349999999999998 0
    endloop
  endfacet
  facet normal -0.7518398074789794 -0.6593458151000667 0
    outer loop
      vertex -46.0976659402887 -28.0976659402887 0
      vertex -46.0976659402887 -28.0976659402887 2.4
      vertex -46.55477270354354 -27.576435573746217 2.4
    endloop
  endfacet
  facet normal -0.5555702330195983 -0.8314696123025479 0
    outer loop
      vertex -44.99999999999999 -28.939934640057523 0
      vertex -44.99999999999999 -28.939934640057523 2.4
      vertex -45.57643557374622 -28.554772703543545 2.4
    endloop
  endfacet
  facet normal -0.442288690219005 -0.8968727415326864 0
    outer loop
      vertex -44.99999999999999 -28.939934640057523 0
      vertex -44.378222191534974 -29.24656152230982 2.4
      vertex -44.99999999999999 -28.939934640057523 2.4
    endloop
  endfacet
  facet normal -0.6593458151000695 -0.7518398074789767 0
    outer loop
      vertex -46.0976659402887 -28.0976659402887 0
      vertex -45.57643557374622 -28.554772703543545 2.4
      vertex -46.0976659402887 -28.0976659402887 2.4
    endloop
  endfacet
  facet normal -0.8314696123025423 -0.5555702330196066 0
    outer loop
      vertex -46.93993464005752 -27 0
      vertex -46.55477270354354 -27.576435573746217 2.4
      vertex -46.93993464005752 -27 2.4
    endloop
  endfacet
  facet normal -0.8968727415326884 -0.44228869021900097 0
    outer loop
      vertex -46.93993464005752 -27 0
      vertex -46.93993464005752 -27 2.4
      vertex -47.24656152230982 -26.378222191534974 2.4
    endloop
  endfacet
  facet normal -0.3214394653031639 -0.9469301294951048 0
    outer loop
      vertex -43.72174093904336 -29.469406879332062 0
      vertex -43.72174093904336 -29.469406879332062 2.4
      vertex -44.378222191534974 -29.24656152230982 2.4
    endloop
  endfacet
  facet normal -0.19509032201612408 -0.9807852804032313 0
    outer loop
      vertex -43.72174093904336 -29.469406879332062 0
      vertex -43.04178881876627 -29.604657765281193 2.4
      vertex -43.72174093904336 -29.469406879332062 2.4
    endloop
  endfacet
  facet normal -0.06540312923014435 -0.9978589232386034 0
    outer loop
      vertex -42.349999999999994 -29.65 0
      vertex -42.349999999999994 -29.65 2.4
      vertex -43.04178881876627 -29.604657765281193 2.4
    endloop
  endfacet
  facet normal -0.9469301294951079 -0.32143946530315476 0
    outer loop
      vertex -47.469406879332055 -25.721740939043357 0
      vertex -47.24656152230982 -26.378222191534974 2.4
      vertex -47.469406879332055 -25.721740939043357 2.4
    endloop
  endfacet
  facet normal -0.9807852804032304 -0.19509032201612905 0
    outer loop
      vertex -47.469406879332055 -25.721740939043357 0
      vertex -47.469406879332055 -25.721740939043357 2.4
      vertex -47.60465776528119 -25.04178881876627 2.4
    endloop
  endfacet
  facet normal -0.9978589232386037 -0.06540312923013959 0
    outer loop
      vertex -47.64999999999999 -24.349999999999998 0
      vertex -47.60465776528119 -25.04178881876627 2.4
      vertex -47.64999999999999 -24.349999999999998 2.4
    endloop
  endfacet
  facet normal 0 0 1
    outer loop
      vertex -43.76592869975083 -27.76835427029176 2.4
      vertex -40.704532001224415 -23.221389352815457 2.4
      vertex -40.979898987322336 -22.979898987322333 2.4
    endloop
  endfacet
  facet normal 0 0 1
    outer loop
      vertex -43.76592869975083 -27.76835427029176 2.4
      vertex -41.22138935281546 -22.70453200122442 2.4
      vertex -41.42487113059643 -22.4 2.4
    endloop
  endfacet
  facet normal 0 0 1
    outer loop
      vertex -43.76592869975083 -27.76835427029176 2.4
      vertex -40.979898987322336 -22.979898987322333 2.4
      vertex -41.22138935281546 -22.70453200122442 2.4
    endloop
  endfacet
  facet normal 0 0 1
    outer loop
      vertex -43.76592869975083 -27.76835427029176 2.4
      vertex -41.77604561184667 -21.365473338216145 2.4
      vertex -41.8 -21 2.4
    endloop
  endfacet
  facet normal 0 0 1
    outer loop
      vertex -43.76592869975083 -27.76835427029176 2.4
      vertex -41.42487113059643 -22.4 2.4
      vertex -41.586862691031605 -22.07151361062225 2.4
    endloop
  endfacet
  facet normal 0 0 1
    outer loop
      vertex -43.76592869975083 -27.76835427029176 2.4
      vertex -41.586862691031605 -22.07151361062225 2.4
      vertex -41.70459231360939 -21.72469332628706 2.4
    endloop
  endfacet
  facet normal 0 0 1
    outer loop
      vertex -43.76592869975083 -27.76835427029176 2.4
      vertex -41.70459231360939 -21.72469332628706 2.4
      vertex -41.77604561184667 -21.365473338216145 2.4
    endloop
  endfacet
  facet normal 0 0 1
    outer loop
      vertex -43.76592869975083 -27.76835427029176 2.4
      vertex -41.8 -21 2.4
      vertex -41.77604561184667 -20.634526661783855 2.4
    endloop
  endfacet
  facet normal 0 0 1
    outer loop
      vertex -43.76592869975083 -27.76835427029176 2.4
      vertex -41.77604561184667 -20.634526661783855 2.4
      vertex -41.70459231360939 -20.27530667371294 2.4
    endloop
  endfacet
  facet normal 0 0 1
    outer loop
      vertex -43.30763046687933 -27.923925557269552 2.4
      vertex -34.8 -25.2 2.4
      vertex -43.76592869975083 -27.76835427029176 2.4
    endloop
  endfacet
  facet normal 0 0 1
    outer loop
      vertex -43.30763046687933 -27.923925557269552 2.4
      vertex -42.832946911214194 -28.018345987083098 2.4
      vertex -34.8 -25.2 2.4
    endloop
  endfacet
  facet normal 0 0 1
    outer loop
      vertex -42.832946911214194 -28.018345987083098 2.4
      vertex -42.35 -28.049999999999997 2.4
      vertex -34.8 -25.2 2.4
    endloop
  endfacet
  facet normal 0 0 1
    outer loop
      vertex -43.76592869975083 -27.76835427029176 2.4
      vertex -39.72469332628706 -23.704592313609393 2.4
      vertex -40.071513610622254 -23.5868626910316 2.4
    endloop
  endfacet
  facet normal 0 0 1
    outer loop
      vertex -43.76592869975083 -27.76835427029176 2.4
      vertex -39.36547333821614 -23.77604561184667 2.4
      vertex -39.72469332628706 -23.704592313609393 2.4
    endloop
  endfacet
  facet normal 0 0 1
    outer loop
      vertex -43.76592869975083 -27.76835427029176 2.4
      vertex -39 -23.8 2.4
      vertex -39.36547333821614 -23.77604561184667 2.4
    endloop
  endfacet
  facet normal 0 0 1
    outer loop
      vertex -43.76592869975083 -27.76835427029176 2.4
      vertex -38.63452666178386 -23.77604561184667 2.4
      vertex -39 -23.8 2.4
    endloop
  endfacet
  facet normal 0 0 1
    outer loop
      vertex -43.76592869975083 -27.76835427029176 2.4
      vertex -38.27530667371294 -23.704592313609393 2.4
      vertex -38.63452666178386 -23.77604561184667 2.4
    endloop
  endfacet
  facet normal 0 0 1
    outer loop
      vertex -43.76592869975083 -27.76835427029176 2.4
      vertex -40.4 -23.42487113059643 2.4
      vertex -40.704532001224415 -23.221389352815457 2.4
    endloop
  endfacet
  facet normal 0 0 1
    outer loop
      vertex -43.76592869975083 -27.76835427029176 2.4
      vertex -40.071513610622254 -23.5868626910316 2.4
      vertex -40.4 -23.42487113059643 2.4
    endloop
  endfacet
  facet normal 0 0 1
    outer loop
      vertex -43.76592869975083 -27.76835427029176 2.4
      vertex -37.928486389377746 -23.5868626910316 2.4
      vertex -38.27530667371294 -23.704592313609393 2.4
    endloop
  endfacet
  facet normal 0 0 1
    outer loop
      vertex -43.76592869975083 -27.76835427029176 2.4
      vertex -34.8 -25.2 2.4
      vertex -37.6 -23.42487113059643 2.4
    endloop
  endfacet
  facet normal 0 0 1
    outer loop
      vertex -43.76592869975083 -27.76835427029176 2.4
      vertex -37.6 -23.42487113059643 2.4
      vertex -37.928486389377746 -23.5868626910316 2.4
    endloop
  endfacet
  facet normal 0 0 1
    outer loop
      vertex -37.6 -23.42487113059643 2.4
      vertex -34.8 -25.2 2.4
      vertex -37.295467998775585 -23.221389352815457 2.4
    endloop
  endfacet
  facet normal 0 0 1
    outer loop
      vertex -37.295467998775585 -23.221389352815457 2.4
      vertex -34.8 -25.2 2.4
      vertex -37.020101012677664 -22.979898987322333 2.4
    endloop
  endfacet
  facet normal 0 0 1
    outer loop
      vertex -37.020101012677664 -22.979898987322333 2.4
      vertex -34.8 -25.2 2.4
      vertex -36.77861064718454 -22.70453200122442 2.4
    endloop
  endfacet
  facet normal 0 0 1
    outer loop
      vertex -36.77861064718454 -22.70453200122442 2.4
      vertex -34.8 -25.2 2.4
      vertex -36.57512886940357 -22.4 2.4
    endloop
  endfacet
  facet normal 0 0 1
    outer loop
      vertex -36.57512886940357 -22.4 2.4
      vertex -34.8 -25.2 2.4
      vertex -36.413137308968395 -22.07151361062225 2.4
    endloop
  endfacet
  facet normal 0 0 1
    outer loop
      vertex -36.413137308968395 -22.07151361062225 2.4
      vertex -34.8 -25.2 2.4
      vertex -36.29540768639061 -21.72469332628706 2.4
    endloop
  endfacet
  facet normal 0 0 1
    outer loop
      vertex -36.29540768639061 -21.72469332628706 2.4
      vertex -34.8 -25.2 2.4
      vertex -36.22395438815333 -21.365473338216145 2.4
    endloop
  endfacet
  facet normal 0 0 1
    outer loop
      vertex -36.22395438815333 -21.365473338216145 2.4
      vertex -34.8 -25.2 2.4
      vertex -36.2 -21 2.4
    endloop
  endfacet
  facet normal 0 0 1
    outer loop
      vertex -36.2 -21 2.4
      vertex -34.8 -25.2 2.4
      vertex -36.22395438815333 -20.634526661783855 2.4
    endloop
  endfacet
  facet normal 0 0 1
    outer loop
      vertex -36.22395438815333 -20.634526661783855 2.4
      vertex -34.8 -25.2 2.4
      vertex -36.29540768639061 -20.27530667371294 2.4
    endloop
  endfacet
  facet normal 0 0 -1
    outer loop
      vertex -44.99999999999999 -28.939934640057523 0
      vertex -47.64999999999999 -24.349999999999998 0
      vertex -47.64999999999999 24.349999999999998 0
    endloop
  endfacet
  facet normal -1 0 0
    outer loop
      vertex -47.64999999999999 -24.349999999999998 0
      vertex -47.64999999999999 -24.349999999999998 2.4
      vertex -47.64999999999999 24.349999999999998 0
    endloop
  endfacet
  facet normal 0 0 -1
    outer loop
      vertex -44.99999999999999 -28.939934640057523 0
      vertex -42.349999999999994 29.65 0
      vertex -34.8 -25.2 0
    endloop
  endfacet
  facet normal 0 0 1
    outer loop
      vertex -44.2 -27.55429399400242 2.4
      vertex -40.979898987322336 19.020101012677667 2.4
      vertex -44.602417287332266 -27.285407359077567 2.4
    endloop
  endfacet
  facet normal 0 0 1
    outer loop
      vertex -44.966295090390226 -26.966295090390226 2.4
      vertex -44.602417287332266 -27.285407359077567 2.4
      vertex -40.979898987322336 19.020101012677667 2.4
    endloop
  endfacet
  facet normal 0 0 1
    outer loop
      vertex -44.966295090390226 -26.966295090390226 2.4
      vertex -40.979898987322336 19.020101012677667 2.4
      vertex -45.285407359077574 -26.602417287332266 2.4
    endloop
  endfacet
  facet normal 0 0 1
    outer loop
      vertex -44.2 -27.55429399400242 2.4
      vertex -43.76592869975083 -27.76835427029176 2.4
      vertex -40.979898987322336 19.020101012677667 2.4
    endloop
  endfacet
  facet normal 0 0 1
    outer loop
      vertex -45.55429399400242 -26.2 2.4
      vertex -45.285407359077574 -26.602417287332266 2.4
      vertex -46.050000000000004 24.349999999999998 2.4
    endloop
  endfacet
  facet normal 0 0 1
    outer loop
      vertex -45.55429399400242 -26.2 2.4
      vertex -46.050000000000004 24.349999999999998 2.4
      vertex -45.768354270291766 -25.76592869975083 2.4
    endloop
  endfacet
  facet normal 0 0 1
    outer loop
      vertex -45.768354270291766 -25.76592869975083 2.4
      vertex -46.050000000000004 24.349999999999998 2.4
      vertex -45.923925557269555 -25.307630466879324 2.4
    endloop
  endfacet
  facet normal 0 0 1
    outer loop
      vertex -45.923925557269555 -25.307630466879324 2.4
      vertex -46.050000000000004 24.349999999999998 2.4
      vertex -46.0183459870831 -24.83294691121419 2.4
    endloop
  endfacet
  facet normal 0 0 1
    outer loop
      vertex -46.0183459870831 -24.83294691121419 2.4
      vertex -46.050000000000004 24.349999999999998 2.4
      vertex -46.050000000000004 -24.349999999999998 2.4
    endloop
  endfacet
  facet normal 0 0 1
    outer loop
      vertex -43.76592869975083 -27.76835427029176 2.4
      vertex -41.70459231360939 -20.27530667371294 2.4
      vertex -40.979898987322336 19.020101012677667 2.4
    endloop
  endfacet
  facet normal 0 0 1
    outer loop
      vertex -41.70459231360939 -20.27530667371294 2.4
      vertex -41.586862691031605 -19.92848638937775 2.4
      vertex -40.979898987322336 19.020101012677667 2.4
    endloop
  endfacet
  facet normal 0 0 1
    outer loop
      vertex -41.586862691031605 -19.92848638937775 2.4
      vertex -41.42487113059643 -19.6 2.4
      vertex -40.979898987322336 19.020101012677667 2.4
    endloop
  endfacet
  facet normal 0 0 1
    outer loop
      vertex -41.42487113059643 -19.6 2.4
      vertex -41.22138935281546 -19.29546799877558 2.4
      vertex -40.979898987322336 19.020101012677667 2.4
    endloop
  endfacet
  facet normal 0 0 1
    outer loop
      vertex -41.22138935281546 -19.29546799877558 2.4
      vertex -40.979898987322336 -19.020101012677667 2.4
      vertex -40.979898987322336 19.020101012677667 2.4
    endloop
  endfacet
  facet normal 0 0 1
    outer loop
      vertex -40.979898987322336 -19.020101012677667 2.4
      vertex -40.704532001224415 -18.778610647184543 2.4
      vertex -40.704532001224415 18.778610647184543 2.4
    endloop
  endfacet
  facet normal 0 0 1
    outer loop
      vertex -40.704532001224415 -18.778610647184543 2.4
      vertex -40.4 -18.57512886940357 2.4
      vertex -40.4 18.57512886940357 2.4
    endloop
  endfacet
  facet normal 0 0 1
    outer loop
      vertex -40.4 -18.57512886940357 2.4
      vertex -40.071513610622254 -18.4131373089684 2.4
      vertex -40.071513610622254 18.4131373089684 2.4
    endloop
  endfacet
  facet normal 0 0 1
    outer loop
      vertex -40.071513610622254 -18.4131373089684 2.4
      vertex -39.72469332628706 -18.295407686390607 2.4
      vertex -39.72469332628706 18.295407686390607 2.4
    endloop
  endfacet
  facet normal 0 0 1
    outer loop
      vertex -39.72469332628706 -18.295407686390607 2.4
      vertex -39.36547333821614 -18.22395438815333 2.4
      vertex -39.36547333821614 18.22395438815333 2.4
    endloop
  endfacet
  facet normal 0 0 1
    outer loop
      vertex -39.36547333821614 -18.22395438815333 2.4
      vertex -39 -18.2 2.4
      vertex -39 18.2 2.4
    endloop
  endfacet
  facet normal 0 0 1
    outer loop
      vertex -39 -18.2 2.4
      vertex -38.63452666178386 -18.22395438815333 2.4
      vertex -38.63452666178386 18.22395438815333 2.4
    endloop
  endfacet
  facet normal 0 0 1
    outer loop
      vertex -38.63452666178386 -18.22395438815333 2.4
      vertex -38.27530667371294 -18.295407686390607 2.4
      vertex -38.27530667371294 18.295407686390607 2.4
    endloop
  endfacet
  facet normal 0 0 1
    outer loop
      vertex -38.27530667371294 -18.295407686390607 2.4
      vertex -37.928486389377746 -18.4131373089684 2.4
      vertex -37.928486389377746 18.4131373089684 2.4
    endloop
  endfacet
  facet normal 0 0 1
    outer loop
      vertex -37.6 -18.57512886940357 2.4
      vertex -37.6 18.57512886940357 2.4
      vertex -37.928486389377746 -18.4131373089684 2.4
    endloop
  endfacet
  facet normal 0 0 1
    outer loop
      vertex -37.6 -18.57512886940357 2.4
      vertex -37.295467998775585 -18.778610647184543 2.4
      vertex -37.295467998775585 18.778610647184543 2.4
    endloop
  endfacet
  facet normal 0 0 1
    outer loop
      vertex -37.295467998775585 -18.778610647184543 2.4
      vertex -37.020101012677664 -19.020101012677667 2.4
      vertex -37.020101012677664 19.020101012677667 2.4
    endloop
  endfacet
  facet normal 0 0 1
    outer loop
      vertex -36.29540768639061 -20.27530667371294 2.4
      vertex -34.8 25.2 2.4
      vertex -36.413137308968395 -19.92848638937775 2.4
    endloop
  endfacet
  facet normal 0 0 1
    outer loop
      vertex -36.57512886940357 -19.6 2.4
      vertex -36.413137308968395 -19.92848638937775 2.4
      vertex -34.8 25.2 2.4
    endloop
  endfacet
  facet normal 0 0 1
    outer loop
      vertex -37.020101012677664 -19.020101012677667 2.4
      vertex -36.77861064718454 -19.29546799877558 2.4
      vertex -34.8 25.2 2.4
    endloop
  endfacet
  facet normal 0 0 1
    outer loop
      vertex -36.57512886940357 -19.6 2.4
      vertex -34.8 25.2 2.4
      vertex -36.77861064718454 -19.29546799877558 2.4
    endloop
  endfacet
  facet normal 0 0 1
    outer loop
      vertex -36.29540768639061 -20.27530667371294 2.4
      vertex -34.8 -25.2 2.4
      vertex -34.8 25.2 2.4
    endloop
  endfacet
  facet normal 0 0 -1
    outer loop
      vertex -44.99999999999999 -28.939934640057523 0
      vertex 44.99999999999999 -28.939934640057523 0
      vertex -42.349999999999994 -29.65 0
    endloop
  endfacet
  facet normal 0 0 -1
    outer loop
      vertex -44.99999999999999 -28.939934640057523 0
      vertex -34.8 -25.2 0
      vertex 35.2 -25.2 0
    endloop
  endfacet
  facet normal 0 -1 0
    outer loop
      vertex -42.349999999999994 -29.65 0
      vertex 42.349999999999994 -29.65 2.4
      vertex -42.349999999999994 -29.65 2.4
    endloop
  endfacet
  facet normal 0 0 1
    outer loop
      vertex -42.35 -28.049999999999997 2.4
      vertex 42.35 -28.049999999999997 2.4
      vertex -34.8 -25.2 2.4
    endloop
  endfacet
  facet normal 0 0 -1
    outer loop
      vertex -44.99999999999999 -28.939934640057523 0
      vertex -47.64999999999999 24.349999999999998 0
      vertex -42.349999999999994 29.65 0
    endloop
  endfacet
  facet normal 0 0 -1
    outer loop
      vertex -42.349999999999994 29.65 0
      vertex -34.8 25.2 0
      vertex -34.8 -25.2 0
    endloop
  endfacet
  facet normal -1 0 0
    outer loop
      vertex -47.64999999999999 -24.349999999999998 2.4
      vertex -47.64999999999999 24.349999999999998 2.4
      vertex -47.64999999999999 24.349999999999998 0
    endloop
  endfacet
  facet normal 0 0 1
    outer loop
      vertex -45.285407359077574 -26.602417287332266 2.4
      vertex -40.979898987322336 19.020101012677667 2.4
      vertex -41.22138935281546 19.29546799877558 2.4
    endloop
  endfacet
  facet normal 0 0 1
    outer loop
      vertex -45.285407359077574 -26.602417287332266 2.4
      vertex -41.22138935281546 19.29546799877558 2.4
      vertex -41.42487113059643 19.6 2.4
    endloop
  endfacet
  facet normal 0 0 1
    outer loop
      vertex -45.285407359077574 -26.602417287332266 2.4
      vertex -41.586862691031605 19.92848638937775 2.4
      vertex -41.70459231360939 20.27530667371294 2.4
    endloop
  endfacet
  facet normal 0 0 1
    outer loop
      vertex -45.285407359077574 -26.602417287332266 2.4
      vertex -41.42487113059643 19.6 2.4
      vertex -41.586862691031605 19.92848638937775 2.4
    endloop
  endfacet
  facet normal 0 0 1
    outer loop
      vertex -45.285407359077574 -26.602417287332266 2.4
      vertex -41.70459231360939 20.27530667371294 2.4
      vertex -41.77604561184667 20.634526661783855 2.4
    endloop
  endfacet
  facet normal 0 0 1
    outer loop
      vertex -45.285407359077574 -26.602417287332266 2.4
      vertex -41.77604561184667 20.634526661783855 2.4
      vertex -41.8 21 2.4
    endloop
  endfacet
  facet normal 0 0 1
    outer loop
      vertex -45.285407359077574 -26.602417287332266 2.4
      vertex -41.8 21 2.4
      vertex -41.77604561184667 21.365473338216145 2.4
    endloop
  endfacet
  facet normal 0 0 1
    outer loop
      vertex -45.285407359077574 -26.602417287332266 2.4
      vertex -41.77604561184667 21.365473338216145 2.4
      vertex -44.966295090390226 26.966295090390226 2.4
    endloop
  endfacet
  facet normal 0 0 1
    outer loop
      vertex -40.704532001224415 -18.778610647184543 2.4
      vertex -40.4 18.57512886940357 2.4
      vertex -40.704532001224415 18.778610647184543 2.4
    endloop
  endfacet
  facet normal 0 0 1
    outer loop
      vertex -40.979898987322336 -19.020101012677667 2.4
      vertex -40.704532001224415 18.778610647184543 2.4
      vertex -40.979898987322336 19.020101012677667 2.4
    endloop
  endfacet
  facet normal 0 0 1
    outer loop
      vertex -40.4 -18.57512886940357 2.4
      vertex -40.071513610622254 18.4131373089684 2.4
      vertex -40.4 18.57512886940357 2.4
    endloop
  endfacet
  facet normal 0 0 1
    outer loop
      vertex -40.071513610622254 -18.4131373089684 2.4
      vertex -39.72469332628706 18.295407686390607 2.4
      vertex -40.071513610622254 18.4131373089684 2.4
    endloop
  endfacet
  facet normal 0 0 1
    outer loop
      vertex -39.72469332628706 -18.295407686390607 2.4
      vertex -39.36547333821614 18.22395438815333 2.4
      vertex -39.72469332628706 18.295407686390607 2.4
    endloop
  endfacet
  facet normal 0 0 1
    outer loop
      vertex -39.36547333821614 -18.22395438815333 2.4
      vertex -39 18.2 2.4
      vertex -39.36547333821614 18.22395438815333 2.4
    endloop
  endfacet
  facet normal 0 0 1
    outer loop
      vertex -39 -18.2 2.4
      vertex -38.63452666178386 18.22395438815333 2.4
      vertex -39 18.2 2.4
    endloop
  endfacet
  facet normal 0 0 1
    outer loop
      vertex -38.63452666178386 -18.22395438815333 2.4
      vertex -38.27530667371294 18.295407686390607 2.4
      vertex -38.63452666178386 18.22395438815333 2.4
    endloop
  endfacet
  facet normal 0 0 1
    outer loop
      vertex -38.27530667371294 -18.295407686390607 2.4
      vertex -37.928486389377746 18.4131373089684 2.4
      vertex -38.27530667371294 18.295407686390607 2.4
    endloop
  endfacet
  facet normal 0 0 1
    outer loop
      vertex -37.928486389377746 -18.4131373089684 2.4
      vertex -37.6 18.57512886940357 2.4
      vertex -37.928486389377746 18.4131373089684 2.4
    endloop
  endfacet
  facet normal 0 0 1
    outer loop
      vertex -37.6 -18.57512886940357 2.4
      vertex -37.295467998775585 18.778610647184543 2.4
      vertex -37.6 18.57512886940357 2.4
    endloop
  endfacet
  facet normal 0 0 1
    outer loop
      vertex -37.295467998775585 -18.778610647184543 2.4
      vertex -37.020101012677664 19.020101012677667 2.4
      vertex -37.295467998775585 18.778610647184543 2.4
    endloop
  endfacet
  facet normal 0 0 1
    outer loop
      vertex -37.020101012677664 -19.020101012677667 2.4
      vertex -36.77861064718454 19.29546799877558 2.4
      vertex -37.020101012677664 19.020101012677667 2.4
    endloop
  endfacet
  facet normal 0 0 1
    outer loop
      vertex -37.020101012677664 -19.020101012677667 2.4
      vertex -36.57512886940357 19.6 2.4
      vertex -36.77861064718454 19.29546799877558 2.4
    endloop
  endfacet
  facet normal 0 0 1
    outer loop
      vertex -37.020101012677664 -19.020101012677667 2.4
      vertex -36.413137308968395 19.92848638937775 2.4
      vertex -36.57512886940357 19.6 2.4
    endloop
  endfacet
  facet normal 0 0 1
    outer loop
      vertex -37.020101012677664 -19.020101012677667 2.4
      vertex -36.29540768639061 20.27530667371294 2.4
      vertex -36.413137308968395 19.92848638937775 2.4
    endloop
  endfacet
  facet normal 0 0 1
    outer loop
      vertex -37.020101012677664 -19.020101012677667 2.4
      vertex -36.22395438815333 20.634526661783855 2.4
      vertex -36.29540768639061 20.27530667371294 2.4
    endloop
  endfacet
  facet normal 0 0 1
    outer loop
      vertex -45.285407359077574 -26.602417287332266 2.4
      vertex -44.966295090390226 26.966295090390226 2.4
      vertex -46.050000000000004 24.349999999999998 2.4
    endloop
  endfacet
  facet normal 0 0 1
    outer loop
      vertex -37.020101012677664 -19.020101012677667 2.4
      vertex -34.8 25.2 2.4
      vertex -36.22395438815333 20.634526661783855 2.4
    endloop
  endfacet
  facet normal 0 0 -1
    outer loop
      vertex -47.64999999999999 24.349999999999998 0
      vertex -47.60465776528119 25.04178881876627 0
      vertex -47.24656152230982 26.378222191534974 0
    endloop
  endfacet
  facet normal 0 0 -1
    outer loop
      vertex -47.60465776528119 25.04178881876627 0
      vertex -47.469406879332055 25.721740939043357 0
      vertex -47.24656152230982 26.378222191534974 0
    endloop
  endfacet
  facet normal -0.9978589232386037 0.06540312923013959 0
    outer loop
      vertex -47.64999999999999 24.349999999999998 0
      vertex -47.60465776528119 25.04178881876627 2.4
      vertex -47.60465776528119 25.04178881876627 0
    endloop
  endfacet
  facet normal -0.9807852804032304 0.19509032201612905 0
    outer loop
      vertex -47.60465776528119 25.04178881876627 0
      vertex -47.60465776528119 25.04178881876627 2.4
      vertex -47.469406879332055 25.721740939043357 0
    endloop
  endfacet
  facet normal 0 0 -1
    outer loop
      vertex -47.64999999999999 24.349999999999998 0
      vertex -47.24656152230982 26.378222191534974 0
      vertex -46.0976659402887 28.0976659402887 0
    endloop
  endfacet
  facet normal 0 0 -1
    outer loop
      vertex -47.24656152230982 26.378222191534974 0
      vertex -46.93993464005752 27 0
      vertex -46.0976659402887 28.0976659402887 0
    endloop
  endfacet
  facet normal 0 0 -1
    outer loop
      vertex -46.93993464005752 27 0
      vertex -46.55477270354354 27.576435573746217 0
      vertex -46.0976659402887 28.0976659402887 0
    endloop
  endfacet
  facet normal 0 0 -1
    outer loop
      vertex -47.64999999999999 24.349999999999998 0
      vertex -46.0976659402887 28.0976659402887 0
      vertex -42.349999999999994 29.65 0
    endloop
  endfacet
  facet normal 0 0 -1
    outer loop
      vertex -46.0976659402887 28.0976659402887 0
      vertex -45.57643557374622 28.554772703543545 0
      vertex -44.378222191534974 29.24656152230982 0
    endloop
  endfacet
  facet normal 0 0 -1
    outer loop
      vertex -45.57643557374622 28.554772703543545 0
      vertex -44.99999999999999 28.939934640057523 0
      vertex -44.378222191534974 29.24656152230982 0
    endloop
  endfacet
  facet normal 0 0 -1
    outer loop
      vertex -46.0976659402887 28.0976659402887 0
      vertex -44.378222191534974 29.24656152230982 0
      vertex -42.349999999999994 29.65 0
    endloop
  endfacet
  facet normal 0 0 -1
    outer loop
      vertex -44.378222191534974 29.24656152230982 0
      vertex -43.72174093904336 29.469406879332062 0
      vertex -43.04178881876627 29.604657765281193 0
    endloop
  endfacet
  facet normal 0 0 -1
    outer loop
      vertex -44.378222191534974 29.24656152230982 0
      vertex -43.04178881876627 29.604657765281193 0
      vertex -42.349999999999994 29.65 0
    endloop
  endfacet
  facet normal -0.9469301294951079 0.32143946530315476 0
    outer loop
      vertex -47.469406879332055 25.721740939043357 0
      vertex -47.24656152230982 26.378222191534974 2.4
      vertex -47.24656152230982 26.378222191534974 0
    endloop
  endfacet
  facet normal -0.8968727415326884 0.44228869021900097 0
    outer loop
      vertex -47.24656152230982 26.378222191534974 0
      vertex -47.24656152230982 26.378222191534974 2.4
      vertex -46.93993464005752 27 0
    endloop
  endfacet
  facet normal -0.8314696123025423 0.5555702330196066 0
    outer loop
      vertex -46.93993464005752 27 0
      vertex -46.55477270354354 27.576435573746217 2.4
      vertex -46.55477270354354 27.576435573746217 0
    endloop
  endfacet
  facet normal -0.7518398074789794 0.6593458151000667 0
    outer loop
      vertex -46.55477270354354 27.576435573746217 0
      vertex -46.55477270354354 27.576435573746217 2.4
      vertex -46.0976659402887 28.0976659402887 0
    endloop
  endfacet
  facet normal -0.6593458151000695 0.7518398074789767 0
    outer loop
      vertex -46.0976659402887 28.0976659402887 0
      vertex -46.0976659402887 28.0976659402887 2.4
      vertex -45.57643557374622 28.554772703543545 0
    endloop
  endfacet
  facet normal -0.5555702330195983 0.8314696123025479 0
    outer loop
      vertex -45.57643557374622 28.554772703543545 0
      vertex -44.99999999999999 28.939934640057523 2.4
      vertex -44.99999999999999 28.939934640057523 0
    endloop
  endfacet
  facet normal -0.442288690219005 0.8968727415326864 0
    outer loop
      vertex -44.99999999999999 28.939934640057523 0
      vertex -44.99999999999999 28.939934640057523 2.4
      vertex -44.378222191534974 29.24656152230982 0
    endloop
  endfacet
  facet normal -0.3214394653031639 0.9469301294951048 0
    outer loop
      vertex -44.378222191534974 29.24656152230982 0
      vertex -43.72174093904336 29.469406879332062 2.4
      vertex -43.72174093904336 29.469406879332062 0
    endloop
  endfacet
  facet normal -0.19509032201612408 0.9807852804032313 0
    outer loop
      vertex -43.72174093904336 29.469406879332062 0
      vertex -43.72174093904336 29.469406879332062 2.4
      vertex -43.04178881876627 29.604657765281193 0
    endloop
  endfacet
  facet normal -0.06540312923014435 0.9978589232386034 0
    outer loop
      vertex -43.04178881876627 29.604657765281193 0
      vertex -43.04178881876627 29.604657765281193 2.4
      vertex -42.349999999999994 29.65 0
    endloop
  endfacet
  facet normal -0.9978589232386037 0.06540312923013959 0
    outer loop
      vertex -47.64999999999999 24.349999999999998 0
      vertex -47.64999999999999 24.349999999999998 2.4
      vertex -47.60465776528119 25.04178881876627 2.4
    endloop
  endfacet
  facet normal -0.9807852804032304 0.19509032201612905 0
    outer loop
      vertex -47.469406879332055 25.721740939043357 0
      vertex -47.60465776528119 25.04178881876627 2.4
      vertex -47.469406879332055 25.721740939043357 2.4
    endloop
  endfacet
  facet normal -0.9469301294951079 0.32143946530315476 0
    outer loop
      vertex -47.469406879332055 25.721740939043357 0
      vertex -47.469406879332055 25.721740939043357 2.4
      vertex -47.24656152230982 26.378222191534974 2.4
    endloop
  endfacet
  facet normal -0.8968727415326884 0.44228869021900097 0
    outer loop
      vertex -46.93993464005752 27 0
      vertex -47.24656152230982 26.378222191534974 2.4
      vertex -46.93993464005752 27 2.4
    endloop
  endfacet
  facet normal -0.8314696123025423 0.5555702330196066 0
    outer loop
      vertex -46.93993464005752 27 0
      vertex -46.93993464005752 27 2.4
      vertex -46.55477270354354 27.576435573746217 2.4
    endloop
  endfacet
  facet normal -0.7518398074789794 0.6593458151000667 0
    outer loop
      vertex -46.0976659402887 28.0976659402887 0
      vertex -46.55477270354354 27.576435573746217 2.4
      vertex -46.0976659402887 28.0976659402887 2.4
    endloop
  endfacet
  facet normal -0.6593458151000695 0.7518398074789767 0
    outer loop
      vertex -45.57643557374622 28.554772703543545 0
      vertex -46.0976659402887 28.0976659402887 2.4
      vertex -45.57643557374622 28.554772703543545 2.4
    endloop
  endfacet
  facet normal -0.5555702330195983 0.8314696123025479 0
    outer loop
      vertex -45.57643557374622 28.554772703543545 0
      vertex -45.57643557374622 28.554772703543545 2.4
      vertex -44.99999999999999 28.939934640057523 2.4
    endloop
  endfacet
  facet normal -0.442288690219005 0.8968727415326864 0
    outer loop
      vertex -44.378222191534974 29.24656152230982 0
      vertex -44.99999999999999 28.939934640057523 2.4
      vertex -44.378222191534974 29.24656152230982 2.4
    endloop
  endfacet
  facet normal -0.3214394653031639 0.9469301294951048 0
    outer loop
      vertex -44.378222191534974 29.24656152230982 0
      vertex -44.378222191534974 29.24656152230982 2.4
      vertex -43.72174093904336 29.469406879332062 2.4
    endloop
  endfacet
  facet normal -0.19509032201612408 0.9807852804032313 0
    outer loop
      vertex -43.04178881876627 29.604657765281193 0
      vertex -43.72174093904336 29.469406879332062 2.4
      vertex -43.04178881876627 29.604657765281193 2.4
    endloop
  endfacet
  facet normal -0.06540312923014435 0.9978589232386034 0
    outer loop
      vertex -42.349999999999994 29.65 0
      vertex -43.04178881876627 29.604657765281193 2.4
      vertex -42.349999999999994 29.65 2.4
    endloop
  endfacet
  facet normal 0 0 1
    outer loop
      vertex -46.050000000000004 24.349999999999998 2.4
      vertex -45.923925557269555 25.307630466879324 2.4
      vertex -46.0183459870831 24.83294691121419 2.4
    endloop
  endfacet
  facet normal 0 0 1
    outer loop
      vertex -46.050000000000004 24.349999999999998 2.4
      vertex -45.768354270291766 25.76592869975083 2.4
      vertex -45.923925557269555 25.307630466879324 2.4
    endloop
  endfacet
  facet normal 0 0 1
    outer loop
      vertex -46.050000000000004 24.349999999999998 2.4
      vertex -45.55429399400242 26.2 2.4
      vertex -45.768354270291766 25.76592869975083 2.4
    endloop
  endfacet
  facet normal 0 0 1
    outer loop
      vertex -46.050000000000004 24.349999999999998 2.4
      vertex -45.285407359077574 26.602417287332266 2.4
      vertex -45.55429399400242 26.2 2.4
    endloop
  endfacet
  facet normal 0 0 1
    outer loop
      vertex -41.77604561184667 21.365473338216145 2.4
      vertex -41.70459231360939 21.72469332628706 2.4
      vertex -44.966295090390226 26.966295090390226 2.4
    endloop
  endfacet
  facet normal 0 0 1
    outer loop
      vertex -41.70459231360939 21.72469332628706 2.4
      vertex -41.586862691031605 22.07151361062225 2.4
      vertex -44.966295090390226 26.966295090390226 2.4
    endloop
  endfacet
  facet normal 0 0 1
    outer loop
      vertex -41.586862691031605 22.07151361062225 2.4
      vertex -41.42487113059643 22.4 2.4
      vertex -44.966295090390226 26.966295090390226 2.4
    endloop
  endfacet
  facet normal 0 0 1
    outer loop
      vertex -44.966295090390226 26.966295090390226 2.4
      vertex -41.42487113059643 22.4 2.4
      vertex -41.22138935281546 22.70453200122442 2.4
    endloop
  endfacet
  facet normal 0 0 1
    outer loop
      vertex -44.966295090390226 26.966295090390226 2.4
      vertex -40.979898987322336 22.979898987322333 2.4
      vertex -44.602417287332266 27.285407359077567 2.4
    endloop
  endfacet
  facet normal 0 0 1
    outer loop
      vertex -44.602417287332266 27.285407359077567 2.4
      vertex -40.979898987322336 22.979898987322333 2.4
      vertex -44.2 27.55429399400242 2.4
    endloop
  endfacet
  facet normal 0 0 1
    outer loop
      vertex -44.966295090390226 26.966295090390226 2.4
      vertex -41.22138935281546 22.70453200122442 2.4
      vertex -40.979898987322336 22.979898987322333 2.4
    endloop
  endfacet
  facet normal 0 0 1
    outer loop
      vertex -43.76592869975083 27.76835427029176 2.4
      vertex -40.979898987322336 22.979898987322333 2.4
      vertex -40.704532001224415 23.221389352815457 2.4
    endloop
  endfacet
  facet normal 0 0 1
    outer loop
      vertex -46.050000000000004 24.349999999999998 2.4
      vertex -44.966295090390226 26.966295090390226 2.4
      vertex -45.285407359077574 26.602417287332266 2.4
    endloop
  endfacet
  facet normal 0 0 1
    outer loop
      vertex -44.2 27.55429399400242 2.4
      vertex -40.979898987322336 22.979898987322333 2.4
      vertex -43.76592869975083 27.76835427029176 2.4
    endloop
  endfacet
  facet normal 0 0 1
    outer loop
      vertex -43.76592869975083 27.76835427029176 2.4
      vertex -40.704532001224415 23.221389352815457 2.4
      vertex -43.30763046687933 27.923925557269552 2.4
    endloop
  endfacet
  facet normal 0 0 1
    outer loop
      vertex -43.30763046687933 27.923925557269552 2.4
      vertex -40.704532001224415 23.221389352815457 2.4
      vertex -42.832946911214194 28.018345987083098 2.4
    endloop
  endfacet
  facet normal 0 0 1
    outer loop
      vertex -42.832946911214194 28.018345987083098 2.4
      vertex -40.704532001224415 23.221389352815457 2.4
      vertex -42.35 28.049999999999997 2.4
    endloop
  endfacet
  facet normal 0 0 1
    outer loop
      vertex -42.35 28.049999999999997 2.4
      vertex -40.704532001224415 23.221389352815457 2.4
      vertex -40.4 23.42487113059643 2.4
    endloop
  endfacet
  facet normal 0 0 1
    outer loop
      vertex -42.35 28.049999999999997 2.4
      vertex -40.4 23.42487113059643 2.4
      vertex -40.071513610622254 23.5868626910316 2.4
    endloop
  endfacet
  facet normal 0 0 1
    outer loop
      vertex -42.35 28.049999999999997 2.4
      vertex -40.071513610622254 23.5868626910316 2.4
      vertex -39.72469332628706 23.704592313609393 2.4
    endloop
  endfacet
  facet normal 0 0 1
    outer loop
      vertex -42.35 28.049999999999997 2.4
      vertex -39.72469332628706 23.704592313609393 2.4
      vertex -39.36547333821614 23.77604561184667 2.4
    endloop
  endfacet
  facet normal 0 0 1
    outer loop
      vertex -42.35 28.049999999999997 2.4
      vertex -39.36547333821614 23.77604561184667 2.4
      vertex -39 23.8 2.4
    endloop
  endfacet
  facet normal 0 0 1
    outer loop
      vertex -42.35 28.049999999999997 2.4
      vertex -37.6 23.42487113059643 2.4
      vertex -37.295467998775585 23.221389352815457 2.4
    endloop
  endfacet
  facet normal 0 0 1
    outer loop
      vertex -42.35 28.049999999999997 2.4
      vertex -39 23.8 2.4
      vertex -38.63452666178386 23.77604561184667 2.4
    endloop
  endfacet
  facet normal 0 0 1
    outer loop
      vertex -42.35 28.049999999999997 2.4
      vertex -38.63452666178386 23.77604561184667 2.4
      vertex -38.27530667371294 23.704592313609393 2.4
    endloop
  endfacet
  facet normal 0 0 1
    outer loop
      vertex -42.35 28.049999999999997 2.4
      vertex -38.27530667371294 23.704592313609393 2.4
      vertex -37.928486389377746 23.5868626910316 2.4
    endloop
  endfacet
  facet normal 0 0 1
    outer loop
      vertex -42.35 28.049999999999997 2.4
      vertex -37.928486389377746 23.5868626910316 2.4
      vertex -37.6 23.42487113059643 2.4
    endloop
  endfacet
  facet normal 0 0 1
    outer loop
      vertex -36.22395438815333 20.634526661783855 2.4
      vertex -34.8 25.2 2.4
      vertex -36.2 21 2.4
    endloop
  endfacet
  facet normal 0 0 1
    outer loop
      vertex -36.2 21 2.4
      vertex -34.8 25.2 2.4
      vertex -36.22395438815333 21.365473338216145 2.4
    endloop
  endfacet
  facet normal 0 0 1
    outer loop
      vertex -36.22395438815333 21.365473338216145 2.4
      vertex -34.8 25.2 2.4
      vertex -36.29540768639061 21.72469332628706 2.4
    endloop
  endfacet
  facet normal 0 0 1
    outer loop
      vertex -36.29540768639061 21.72469332628706 2.4
      vertex -34.8 25.2 2.4
      vertex -36.413137308968395 22.07151361062225 2.4
    endloop
  endfacet
  facet normal 0 0 1
    outer loop
      vertex -36.413137308968395 22.07151361062225 2.4
      vertex -34.8 25.2 2.4
      vertex -36.57512886940357 22.4 2.4
    endloop
  endfacet
  facet normal 0 0 1
    outer loop
      vertex -36.57512886940357 22.4 2.4
      vertex -34.8 25.2 2.4
      vertex -36.77861064718454 22.70453200122442 2.4
    endloop
  endfacet
  facet normal 0 0 1
    outer loop
      vertex -37.295467998775585 23.221389352815457 2.4
      vertex -37.020101012677664 22.979898987322333 2.4
      vertex -34.8 25.2 2.4
    endloop
  endfacet
  facet normal 0 0 1
    outer loop
      vertex -37.020101012677664 22.979898987322333 2.4
      vertex -36.77861064718454 22.70453200122442 2.4
      vertex -34.8 25.2 2.4
    endloop
  endfacet
  facet normal 0 0 1
    outer loop
      vertex -42.35 28.049999999999997 2.4
      vertex -37.295467998775585 23.221389352815457 2.4
      vertex -34.8 25.2 2.4
    endloop
  endfacet
  facet normal 0 0 -1
    outer loop
      vertex -42.349999999999994 29.65 0
      vertex 35.2 25.2 0
      vertex -34.8 25.2 0
    endloop
  endfacet
  facet normal 0 1 0
    outer loop
      vertex -42.349999999999994 29.65 0
      vertex -42.349999999999994 29.65 2.4
      vertex 42.349999999999994 29.65 0
    endloop
  endfacet
  facet normal 0 0 1
    outer loop
      vertex -42.35 28.049999999999997 2.4
      vertex -34.8 25.2 2.4
      vertex 35.2 25.2 2.4
    endloop
  endfacet
  facet normal 0 0 -1
    outer loop
      vertex -44.99999999999999 -28.939934640057523 0
      vertex 35.2 -25.2 0
      vertex 44.99999999999999 -28.939934640057523 0
    endloop
  endfacet
  facet normal 0 0 -1
    outer loop
      vertex -42.349999999999994 -29.65 0
      vertex 44.99999999999999 -28.939934640057523 0
      vertex 42.349999999999994 -29.65 0
    endloop
  endfacet
  facet normal 0 -1 0
    outer loop
      vertex -42.349999999999994 -29.65 0
      vertex 42.349999999999994 -29.65 0
      vertex 42.349999999999994 -29.65 2.4
    endloop
  endfacet
  facet normal 0 0 1
    outer loop
      vertex 42.35 -28.049999999999997 2.4
      vertex 35.2 -25.2 2.4
      vertex -34.8 -25.2 2.4
    endloop
  endfacet
  facet normal 0 0 -1
    outer loop
      vertex 42.349999999999994 -29.65 0
      vertex 43.72174093904336 -29.469406879332062 0
      vertex 43.04178881876627 -29.604657765281193 0
    endloop
  endfacet
  facet normal 0 0 -1
    outer loop
      vertex 42.349999999999994 -29.65 0
      vertex 44.99999999999999 -28.939934640057523 0
      vertex 43.72174093904336 -29.469406879332062 0
    endloop
  endfacet
  facet normal 0 0 -1
    outer loop
      vertex 43.72174093904336 -29.469406879332062 0
      vertex 44.99999999999999 -28.939934640057523 0
      vertex 44.378222191534974 -29.24656152230982 0
    endloop
  endfacet
  facet normal 0 0 -1
    outer loop
      vertex 44.99999999999999 -28.939934640057523 0
      vertex 46.0976659402887 -28.0976659402887 0
      vertex 45.57643557374622 -28.554772703543545 0
    endloop
  endfacet
  facet normal 0 0 -1
    outer loop
      vertex 44.99999999999999 -28.939934640057523 0
      vertex 46.93993464005752 -27 0
      vertex 46.0976659402887 -28.0976659402887 0
    endloop
  endfacet
  facet normal 0 0 -1
    outer loop
      vertex 46.0976659402887 -28.0976659402887 0
      vertex 46.93993464005752 -27 0
      vertex 46.55477270354354 -27.576435573746217 0
    endloop
  endfacet
  facet normal 0 0 -1
    outer loop
      vertex 44.99999999999999 -28.939934640057523 0
      vertex 47.64999999999999 -24.349999999999998 0
      vertex 46.93993464005752 -27 0
    endloop
  endfacet
  facet normal 0 0 -1
    outer loop
      vertex 46.93993464005752 -27 0
      vertex 47.469406879332055 -25.721740939043357 0
      vertex 47.24656152230982 -26.378222191534974 0
    endloop
  endfacet
  facet normal 0.06540312923014435 -0.9978589232386034 0
    outer loop
      vertex 42.349999999999994 -29.65 0
      vertex 43.04178881876627 -29.604657765281193 0
      vertex 43.04178881876627 -29.604657765281193 2.4
    endloop
  endfacet
  facet normal 0.19509032201612408 -0.9807852804032313 0
    outer loop
      vertex 43.04178881876627 -29.604657765281193 0
      vertex 43.72174093904336 -29.469406879332062 0
      vertex 43.04178881876627 -29.604657765281193 2.4
    endloop
  endfacet
  facet normal 0.3214394653031639 -0.9469301294951048 0
    outer loop
      vertex 43.72174093904336 -29.469406879332062 0
      vertex 44.378222191534974 -29.24656152230982 0
      vertex 44.378222191534974 -29.24656152230982 2.4
    endloop
  endfacet
  facet normal 0.442288690219005 -0.8968727415326864 0
    outer loop
      vertex 44.378222191534974 -29.24656152230982 0
      vertex 44.99999999999999 -28.939934640057523 0
      vertex 44.378222191534974 -29.24656152230982 2.4
    endloop
  endfacet
  facet normal 0.5555702330195983 -0.8314696123025479 0
    outer loop
      vertex 44.99999999999999 -28.939934640057523 0
      vertex 45.57643557374622 -28.554772703543545 0
      vertex 44.99999999999999 -28.939934640057523 2.4
    endloop
  endfacet
  facet normal 0.6593458151000695 -0.7518398074789767 0
    outer loop
      vertex 45.57643557374622 -28.554772703543545 0
      vertex 46.0976659402887 -28.0976659402887 0
      vertex 46.0976659402887 -28.0976659402887 2.4
    endloop
  endfacet
  facet normal 0.7518398074789794 -0.6593458151000667 0
    outer loop
      vertex 46.0976659402887 -28.0976659402887 0
      vertex 46.55477270354354 -27.576435573746217 0
      vertex 46.0976659402887 -28.0976659402887 2.4
    endloop
  endfacet
  facet normal 0.8314696123025423 -0.5555702330196066 0
    outer loop
      vertex 46.55477270354354 -27.576435573746217 0
      vertex 46.93993464005752 -27 0
      vertex 46.93993464005752 -27 2.4
    endloop
  endfacet
  facet normal 0.8968727415326884 -0.44228869021900097 0
    outer loop
      vertex 46.93993464005752 -27 0
      vertex 47.24656152230982 -26.378222191534974 0
      vertex 46.93993464005752 -27 2.4
    endloop
  endfacet
  facet normal 0 0 -1
    outer loop
      vertex 46.93993464005752 -27 0
      vertex 47.64999999999999 -24.349999999999998 0
      vertex 47.469406879332055 -25.721740939043357 0
    endloop
  endfacet
  facet normal 0 0 -1
    outer loop
      vertex 47.469406879332055 -25.721740939043357 0
      vertex 47.64999999999999 -24.349999999999998 0
      vertex 47.60465776528119 -25.04178881876627 0
    endloop
  endfacet
  facet normal 0.9469301294951079 -0.32143946530315476 0
    outer loop
      vertex 47.24656152230982 -26.378222191534974 0
      vertex 47.469406879332055 -25.721740939043357 0
      vertex 47.469406879332055 -25.721740939043357 2.4
    endloop
  endfacet
  facet normal 0.9807852804032304 -0.19509032201612905 0
    outer loop
      vertex 47.469406879332055 -25.721740939043357 0
      vertex 47.60465776528119 -25.04178881876627 0
      vertex 47.469406879332055 -25.721740939043357 2.4
    endloop
  endfacet
  facet normal 0.9978589232386037 -0.06540312923013959 0
    outer loop
      vertex 47.60465776528119 -25.04178881876627 0
      vertex 47.64999999999999 -24.349999999999998 0
      vertex 47.64999999999999 -24.349999999999998 2.4
    endloop
  endfacet
  facet normal 0.06540312923014435 -0.9978589232386034 0
    outer loop
      vertex 42.349999999999994 -29.65 0
      vertex 43.04178881876627 -29.604657765281193 2.4
      vertex 42.349999999999994 -29.65 2.4
    endloop
  endfacet
  facet normal 0.19509032201612408 -0.9807852804032313 0
    outer loop
      vertex 43.72174093904336 -29.469406879332062 0
      vertex 43.72174093904336 -29.469406879332062 2.4
      vertex 43.04178881876627 -29.604657765281193 2.4
    endloop
  endfacet
  facet normal 0.3214394653031639 -0.9469301294951048 0
    outer loop
      vertex 43.72174093904336 -29.469406879332062 0
      vertex 44.378222191534974 -29.24656152230982 2.4
      vertex 43.72174093904336 -29.469406879332062 2.4
    endloop
  endfacet
  facet normal 0.442288690219005 -0.8968727415326864 0
    outer loop
      vertex 44.99999999999999 -28.939934640057523 0
      vertex 44.99999999999999 -28.939934640057523 2.4
      vertex 44.378222191534974 -29.24656152230982 2.4
    endloop
  endfacet
  facet normal 0.5555702330195983 -0.8314696123025479 0
    outer loop
      vertex 45.57643557374622 -28.554772703543545 0
      vertex 45.57643557374622 -28.554772703543545 2.4
      vertex 44.99999999999999 -28.939934640057523 2.4
    endloop
  endfacet
  facet normal 0.6593458151000695 -0.7518398074789767 0
    outer loop
      vertex 45.57643557374622 -28.554772703543545 0
      vertex 46.0976659402887 -28.0976659402887 2.4
      vertex 45.57643557374622 -28.554772703543545 2.4
    endloop
  endfacet
  facet normal 0.7518398074789794 -0.6593458151000667 0
    outer loop
      vertex 46.55477270354354 -27.576435573746217 0
      vertex 46.55477270354354 -27.576435573746217 2.4
      vertex 46.0976659402887 -28.0976659402887 2.4
    endloop
  endfacet
  facet normal 0.8314696123025423 -0.5555702330196066 0
    outer loop
      vertex 46.55477270354354 -27.576435573746217 0
      vertex 46.93993464005752 -27 2.4
      vertex 46.55477270354354 -27.576435573746217 2.4
    endloop
  endfacet
  facet normal 0.8968727415326884 -0.44228869021900097 0
    outer loop
      vertex 47.24656152230982 -26.378222191534974 0
      vertex 47.24656152230982 -26.378222191534974 2.4
      vertex 46.93993464005752 -27 2.4
    endloop
  endfacet
  facet normal 0.9469301294951079 -0.32143946530315476 0
    outer loop
      vertex 47.24656152230982 -26.378222191534974 0
      vertex 47.469406879332055 -25.721740939043357 2.4
      vertex 47.24656152230982 -26.378222191534974 2.4
    endloop
  endfacet
  facet normal 0.9807852804032304 -0.19509032201612905 0
    outer loop
      vertex 47.60465776528119 -25.04178881876627 0
      vertex 47.60465776528119 -25.04178881876627 2.4
      vertex 47.469406879332055 -25.721740939043357 2.4
    endloop
  endfacet
  facet normal 0.9978589232386037 -0.06540312923013959 0
    outer loop
      vertex 47.60465776528119 -25.04178881876627 0
      vertex 47.64999999999999 -24.349999999999998 2.4
      vertex 47.60465776528119 -25.04178881876627 2.4
    endloop
  endfacet
  facet normal 0 0 1
    outer loop
      vertex 36.29540768639061 -20.27530667371294 2.4
      vertex 35.2 -20.053576774333994 2.4
      vertex 35.2 -25.2 2.4
    endloop
  endfacet
  facet normal 0 0 1
    outer loop
      vertex 37.928486389377746 -23.5868626910316 2.4
      vertex 35.2 -25.2 2.4
      vertex 38.27530667371294 -23.704592313609393 2.4
    endloop
  endfacet
  facet normal 0 0 1
    outer loop
      vertex 38.27530667371294 -23.704592313609393 2.4
      vertex 35.2 -25.2 2.4
      vertex 38.63452666178386 -23.77604561184667 2.4
    endloop
  endfacet
  facet normal 0 0 1
    outer loop
      vertex 38.63452666178386 -23.77604561184667 2.4
      vertex 35.2 -25.2 2.4
      vertex 39 -23.8 2.4
    endloop
  endfacet
  facet normal 0 0 1
    outer loop
      vertex 36.77861064718454 -22.70453200122442 2.4
      vertex 35.2 -25.2 2.4
      vertex 37.020101012677664 -22.979898987322333 2.4
    endloop
  endfacet
  facet normal 0 0 1
    outer loop
      vertex 36.57512886940357 -22.4 2.4
      vertex 36.413137308968395 -22.07151361062225 2.4
      vertex 35.2 -25.2 2.4
    endloop
  endfacet
  facet normal 0 0 1
    outer loop
      vertex 36.77861064718454 -22.70453200122442 2.4
      vertex 36.57512886940357 -22.4 2.4
      vertex 35.2 -25.2 2.4
    endloop
  endfacet
  facet normal 0 0 1
    outer loop
      vertex 37.295467998775585 -23.221389352815457 2.4
      vertex 35.2 -25.2 2.4
      vertex 37.6 -23.42487113059643 2.4
    endloop
  endfacet
  facet normal 0 0 1
    outer loop
      vertex 37.020101012677664 -22.979898987322333 2.4
      vertex 35.2 -25.2 2.4
      vertex 37.295467998775585 -23.221389352815457 2.4
    endloop
  endfacet
  facet normal 0 0 1
    outer loop
      vertex 37.6 -23.42487113059643 2.4
      vertex 35.2 -25.2 2.4
      vertex 37.928486389377746 -23.5868626910316 2.4
    endloop
  endfacet
  facet normal 0 0 1
    outer loop
      vertex 36.413137308968395 -22.07151361062225 2.4
      vertex 36.29540768639061 -21.72469332628706 2.4
      vertex 35.2 -25.2 2.4
    endloop
  endfacet
  facet normal 0 0 1
    outer loop
      vertex 36.29540768639061 -21.72469332628706 2.4
      vertex 36.22395438815333 -21.365473338216145 2.4
      vertex 35.2 -25.2 2.4
    endloop
  endfacet
  facet normal 0 0 1
    outer loop
      vertex 36.22395438815333 -21.365473338216145 2.4
      vertex 36.2 -21 2.4
      vertex 35.2 -25.2 2.4
    endloop
  endfacet
  facet normal 0 0 1
    outer loop
      vertex 36.2 -21 2.4
      vertex 36.22395438815333 -20.634526661783855 2.4
      vertex 35.2 -25.2 2.4
    endloop
  endfacet
  facet normal 0 0 1
    outer loop
      vertex 39 -23.8 2.4
      vertex 35.2 -25.2 2.4
      vertex 42.35 -28.049999999999997 2.4
    endloop
  endfacet
  facet normal 0 0 1
    outer loop
      vertex 39 -23.8 2.4
      vertex 42.35 -28.049999999999997 2.4
      vertex 39.36547333821614 -23.77604561184667 2.4
    endloop
  endfacet
  facet normal 0 0 1
    outer loop
      vertex 39.36547333821614 -23.77604561184667 2.4
      vertex 42.35 -28.049999999999997 2.4
      vertex 39.72469332628706 -23.704592313609393 2.4
    endloop
  endfacet
  facet normal 0 0 1
    outer loop
      vertex 39.72469332628706 -23.704592313609393 2.4
      vertex 42.35 -28.049999999999997 2.4
      vertex 40.071513610622254 -23.5868626910316 2.4
    endloop
  endfacet
  facet normal 0 0 1
    outer loop
      vertex 40.071513610622254 -23.5868626910316 2.4
      vertex 42.35 -28.049999999999997 2.4
      vertex 40.4 -23.42487113059643 2.4
    endloop
  endfacet
  facet normal 0 0 1
    outer loop
      vertex 40.4 -23.42487113059643 2.4
      vertex 42.35 -28.049999999999997 2.4
      vertex 40.704532001224415 -23.221389352815457 2.4
    endloop
  endfacet
  facet normal 0 0 1
    outer loop
      vertex 40.704532001224415 -23.221389352815457 2.4
      vertex 42.832946911214194 -28.018345987083098 2.4
      vertex 40.979898987322336 -22.979898987322333 2.4
    endloop
  endfacet
  facet normal 0 0 1
    outer loop
      vertex 40.704532001224415 -23.221389352815457 2.4
      vertex 42.35 -28.049999999999997 2.4
      vertex 42.832946911214194 -28.018345987083098 2.4
    endloop
  endfacet
  facet normal 0 0 1
    outer loop
      vertex 40.979898987322336 -22.979898987322333 2.4
      vertex 42.832946911214194 -28.018345987083098 2.4
      vertex 43.30763046687933 -27.923925557269552 2.4
    endloop
  endfacet
  facet normal 0 0 1
    outer loop
      vertex 40.979898987322336 -22.979898987322333 2.4
      vertex 43.30763046687933 -27.923925557269552 2.4
      vertex 43.76592869975083 -27.76835427029176 2.4
    endloop
  endfacet
  facet normal 0 0 1
    outer loop
      vertex 40.979898987322336 -22.979898987322333 2.4
      vertex 43.76592869975083 -27.76835427029176 2.4
      vertex 44.2 -27.55429399400242 2.4
    endloop
  endfacet
  facet normal 0 0 1
    outer loop
      vertex 44.966295090390226 -26.966295090390226 2.4
      vertex 45.285407359077574 -26.602417287332266 2.4
      vertex 46.050000000000004 -24.349999999999998 2.4
    endloop
  endfacet
  facet normal 0 0 1
    outer loop
      vertex 40.979898987322336 -22.979898987322333 2.4
      vertex 44.966295090390226 -26.966295090390226 2.4
      vertex 41.22138935281546 -22.70453200122442 2.4
    endloop
  endfacet
  facet normal 0 0 1
    outer loop
      vertex 40.979898987322336 -22.979898987322333 2.4
      vertex 44.2 -27.55429399400242 2.4
      vertex 44.602417287332266 -27.285407359077567 2.4
    endloop
  endfacet
  facet normal 0 0 1
    outer loop
      vertex 40.979898987322336 -22.979898987322333 2.4
      vertex 44.602417287332266 -27.285407359077567 2.4
      vertex 44.966295090390226 -26.966295090390226 2.4
    endloop
  endfacet
  facet normal 0 0 1
    outer loop
      vertex 41.22138935281546 -22.70453200122442 2.4
      vertex 44.966295090390226 -26.966295090390226 2.4
      vertex 41.42487113059643 -22.4 2.4
    endloop
  endfacet
  facet normal 0 0 1
    outer loop
      vertex 41.42487113059643 -22.4 2.4
      vertex 44.966295090390226 -26.966295090390226 2.4
      vertex 41.586862691031605 -22.07151361062225 2.4
    endloop
  endfacet
  facet normal 0 0 1
    outer loop
      vertex 44.966295090390226 -26.966295090390226 2.4
      vertex 41.70459231360939 -21.72469332628706 2.4
      vertex 41.586862691031605 -22.07151361062225 2.4
    endloop
  endfacet
  facet normal 0 0 1
    outer loop
      vertex 44.966295090390226 -26.966295090390226 2.4
      vertex 41.77604561184667 -21.365473338216145 2.4
      vertex 41.70459231360939 -21.72469332628706 2.4
    endloop
  endfacet
  facet normal 0 0 1
    outer loop
      vertex 44.966295090390226 -26.966295090390226 2.4
      vertex 41.8 -21 2.4
      vertex 41.77604561184667 -21.365473338216145 2.4
    endloop
  endfacet
  facet normal 0 0 1
    outer loop
      vertex 45.285407359077574 -26.602417287332266 2.4
      vertex 45.55429399400242 -26.2 2.4
      vertex 46.050000000000004 -24.349999999999998 2.4
    endloop
  endfacet
  facet normal 0 0 1
    outer loop
      vertex 45.55429399400242 -26.2 2.4
      vertex 45.768354270291766 -25.76592869975083 2.4
      vertex 46.050000000000004 -24.349999999999998 2.4
    endloop
  endfacet
  facet normal 0 0 1
    outer loop
      vertex 45.768354270291766 -25.76592869975083 2.4
      vertex 45.923925557269555 -25.307630466879324 2.4
      vertex 46.050000000000004 -24.349999999999998 2.4
    endloop
  endfacet
  facet normal 0 0 1
    outer loop
      vertex 45.923925557269555 -25.307630466879324 2.4
      vertex 46.0183459870831 -24.83294691121419 2.4
      vertex 46.050000000000004 -24.349999999999998 2.4
    endloop
  endfacet
  facet normal 0 0 1
    outer loop
      vertex 36.22395438815333 -20.634526661783855 2.4
      vertex 36.29540768639061 -20.27530667371294 2.4
      vertex 35.2 -25.2 2.4
    endloop
  endfacet
  facet normal 0 0 1
    outer loop
      vertex 36.29540768639061 -20.27530667371294 2.4
      vertex 36.413137308968395 -19.92848638937775 2.4
      vertex 35.2 -20.053576774333994 2.4
    endloop
  endfacet
  facet normal 0 0 1
    outer loop
      vertex 36.413137308968395 -19.92848638937775 2.4
      vertex 36.57512886940357 -19.6 2.4
      vertex 35.2 -20.053576774333994 2.4
    endloop
  endfacet
  facet normal 0 0 1
    outer loop
      vertex 36.57512886940357 -19.6 2.4
      vertex 36.77861064718454 -19.29546799877558 2.4
      vertex 35.2 -20.053576774333994 2.4
    endloop
  endfacet
  facet normal 0 0 1
    outer loop
      vertex 36.77861064718454 -19.29546799877558 2.4
      vertex 37.020101012677664 -19.020101012677667 2.4
      vertex 35.2 -20.053576774333994 2.4
    endloop
  endfacet
  facet normal 0 0 -1
    outer loop
      vertex 44.99999999999999 -28.939934640057523 0
      vertex 35.2 -25.2 0
      vertex 35.2 25.2 0
    endloop
  endfacet
  facet normal 0 0 -1
    outer loop
      vertex 44.99999999999999 -28.939934640057523 0
      vertex 35.2 25.2 0
      vertex 47.64999999999999 -24.349999999999998 0
    endloop
  endfacet
  facet normal 1 0 0
    outer loop
      vertex 47.64999999999999 -24.349999999999998 0
      vertex 47.64999999999999 24.349999999999998 0
      vertex 47.64999999999999 -24.349999999999998 2.4
    endloop
  endfacet
  facet normal 0 0 1
    outer loop
      vertex 44.966295090390226 -26.966295090390226 2.4
      vertex 46.050000000000004 -24.349999999999998 2.4
      vertex 45.285407359077574 26.602417287332266 2.4
    endloop
  endfacet
  facet normal 0 0 1
    outer loop
      vertex 37.020101012677664 -19.020101012677667 2.4
      vertex 37.020101012677664 19.020101012677667 2.4
      vertex 35.2 -20.053576774333994 2.4
    endloop
  endfacet
  facet normal 0 0 1
    outer loop
      vertex 37.020101012677664 -19.020101012677667 2.4
      vertex 37.295467998775585 -18.778610647184543 2.4
      vertex 37.295467998775585 18.778610647184543 2.4
    endloop
  endfacet
  facet normal 0 0 1
    outer loop
      vertex 37.295467998775585 -18.778610647184543 2.4
      vertex 37.6 -18.57512886940357 2.4
      vertex 37.6 18.57512886940357 2.4
    endloop
  endfacet
  facet normal 0 0 1
    outer loop
      vertex 37.6 -18.57512886940357 2.4
      vertex 37.928486389377746 -18.4131373089684 2.4
      vertex 37.928486389377746 18.4131373089684 2.4
    endloop
  endfacet
  facet normal 0 0 1
    outer loop
      vertex 37.928486389377746 -18.4131373089684 2.4
      vertex 38.27530667371294 -18.295407686390607 2.4
      vertex 38.27530667371294 18.295407686390607 2.4
    endloop
  endfacet
  facet normal 0 0 1
    outer loop
      vertex 38.27530667371294 -18.295407686390607 2.4
      vertex 38.63452666178386 -18.22395438815333 2.4
      vertex 38.63452666178386 18.22395438815333 2.4
    endloop
  endfacet
  facet normal 0 0 1
    outer loop
      vertex 38.63452666178386 -18.22395438815333 2.4
      vertex 39 -18.2 2.4
      vertex 39 18.2 2.4
    endloop
  endfacet
  facet normal 0 0 1
    outer loop
      vertex 39 -18.2 2.4
      vertex 39.36547333821614 -18.22395438815333 2.4
      vertex 39.36547333821614 18.22395438815333 2.4
    endloop
  endfacet
  facet normal 0 0 1
    outer loop
      vertex 39.36547333821614 -18.22395438815333 2.4
      vertex 39.72469332628706 -18.295407686390607 2.4
      vertex 39.72469332628706 18.295407686390607 2.4
    endloop
  endfacet
  facet normal 0 0 1
    outer loop
      vertex 39.72469332628706 -18.295407686390607 2.4
      vertex 40.071513610622254 -18.4131373089684 2.4
      vertex 40.071513610622254 18.4131373089684 2.4
    endloop
  endfacet
  facet normal 0 0 1
    outer loop
      vertex 41.586862691031605 -19.92848638937775 2.4
      vertex 41.70459231360939 -20.27530667371294 2.4
      vertex 41.70459231360939 20.27530667371294 2.4
    endloop
  endfacet
  facet normal 0 0 1
    outer loop
      vertex 41.586862691031605 -19.92848638937775 2.4
      vertex 41.586862691031605 19.92848638937775 2.4
      vertex 41.42487113059643 -19.6 2.4
    endloop
  endfacet
  facet normal 0 0 1
    outer loop
      vertex 40.4 -18.57512886940357 2.4
      vertex 40.4 18.57512886940357 2.4
      vertex 40.071513610622254 -18.4131373089684 2.4
    endloop
  endfacet
  facet normal 0 0 1
    outer loop
      vertex 40.704532001224415 -18.778610647184543 2.4
      vertex 40.979898987322336 -19.020101012677667 2.4
      vertex 40.979898987322336 19.020101012677667 2.4
    endloop
  endfacet
  facet normal 0 0 1
    outer loop
      vertex 40.4 -18.57512886940357 2.4
      vertex 40.704532001224415 -18.778610647184543 2.4
      vertex 40.704532001224415 18.778610647184543 2.4
    endloop
  endfacet
  facet normal 0 0 1
    outer loop
      vertex 41.22138935281546 -19.29546799877558 2.4
      vertex 41.22138935281546 19.29546799877558 2.4
      vertex 40.979898987322336 -19.020101012677667 2.4
    endloop
  endfacet
  facet normal 0 0 1
    outer loop
      vertex 41.42487113059643 -19.6 2.4
      vertex 41.42487113059643 19.6 2.4
      vertex 41.22138935281546 -19.29546799877558 2.4
    endloop
  endfacet
  facet normal 0 0 1
    outer loop
      vertex 41.8 -21 2.4
      vertex 41.8 21 2.4
      vertex 41.77604561184667 -20.634526661783855 2.4
    endloop
  endfacet
  facet normal 0 0 1
    outer loop
      vertex 41.77604561184667 -20.634526661783855 2.4
      vertex 41.77604561184667 20.634526661783855 2.4
      vertex 41.70459231360939 -20.27530667371294 2.4
    endloop
  endfacet
  facet normal 0 0 1
    outer loop
      vertex 44.966295090390226 -26.966295090390226 2.4
      vertex 45.285407359077574 26.602417287332266 2.4
      vertex 41.8 -21 2.4
    endloop
  endfacet
  facet normal 0 0 -1
    outer loop
      vertex -42.349999999999994 29.65 0
      vertex 44.99999999999999 28.939934640057523 0
      vertex 35.2 25.2 0
    endloop
  endfacet
  facet normal 0 0 -1
    outer loop
      vertex -42.349999999999994 29.65 0
      vertex 42.349999999999994 29.65 0
      vertex 44.99999999999999 28.939934640057523 0
    endloop
  endfacet
  facet normal 0 1 0
    outer loop
      vertex -42.349999999999994 29.65 2.4
      vertex 42.349999999999994 29.65 2.4
      vertex 42.349999999999994 29.65 0
    endloop
  endfacet
  facet normal 0 0 1
    outer loop
      vertex -42.35 28.049999999999997 2.4
      vertex 35.2 25.2 2.4
      vertex 42.35 28.049999999999997 2.4
    endloop
  endfacet
  facet normal 0 0 -1
    outer loop
      vertex 47.64999999999999 -24.349999999999998 0
      vertex 35.2 25.2 0
      vertex 44.99999999999999 28.939934640057523 0
    endloop
  endfacet
  facet normal 0 0 -1
    outer loop
      vertex 47.64999999999999 -24.349999999999998 0
      vertex 44.99999999999999 28.939934640057523 0
      vertex 47.64999999999999 24.349999999999998 0
    endloop
  endfacet
  facet normal 1 0 0
    outer loop
      vertex 47.64999999999999 -24.349999999999998 2.4
      vertex 47.64999999999999 24.349999999999998 0
      vertex 47.64999999999999 24.349999999999998 2.4
    endloop
  endfacet
  facet normal 0 0 1
    outer loop
      vertex 36.2 21 2.4
      vertex 35.2 25.2 2.4
      vertex 35.2 -20.053576774333994 2.4
    endloop
  endfacet
  facet normal 0 0 1
    outer loop
      vertex 36.77861064718454 19.29546799877558 2.4
      vertex 35.2 -20.053576774333994 2.4
      vertex 37.020101012677664 19.020101012677667 2.4
    endloop
  endfacet
  facet normal 0 0 1
    outer loop
      vertex 36.77861064718454 19.29546799877558 2.4
      vertex 36.57512886940357 19.6 2.4
      vertex 35.2 -20.053576774333994 2.4
    endloop
  endfacet
  facet normal 0 0 1
    outer loop
      vertex 37.020101012677664 -19.020101012677667 2.4
      vertex 37.295467998775585 18.778610647184543 2.4
      vertex 37.020101012677664 19.020101012677667 2.4
    endloop
  endfacet
  facet normal 0 0 1
    outer loop
      vertex 36.413137308968395 19.92848638937775 2.4
      vertex 35.2 -20.053576774333994 2.4
      vertex 36.57512886940357 19.6 2.4
    endloop
  endfacet
  facet normal 0 0 1
    outer loop
      vertex 36.413137308968395 19.92848638937775 2.4
      vertex 36.29540768639061 20.27530667371294 2.4
      vertex 35.2 -20.053576774333994 2.4
    endloop
  endfacet
  facet normal 0 0 1
    outer loop
      vertex 36.29540768639061 20.27530667371294 2.4
      vertex 36.22395438815333 20.634526661783855 2.4
      vertex 35.2 -20.053576774333994 2.4
    endloop
  endfacet
  facet normal 0 0 1
    outer loop
      vertex 36.22395438815333 20.634526661783855 2.4
      vertex 36.2 21 2.4
      vertex 35.2 -20.053576774333994 2.4
    endloop
  endfacet
  facet normal 0 0 1
    outer loop
      vertex 37.295467998775585 -18.778610647184543 2.4
      vertex 37.6 18.57512886940357 2.4
      vertex 37.295467998775585 18.778610647184543 2.4
    endloop
  endfacet
  facet normal 0 0 1
    outer loop
      vertex 37.6 -18.57512886940357 2.4
      vertex 37.928486389377746 18.4131373089684 2.4
      vertex 37.6 18.57512886940357 2.4
    endloop
  endfacet
  facet normal 0 0 1
    outer loop
      vertex 37.928486389377746 -18.4131373089684 2.4
      vertex 38.27530667371294 18.295407686390607 2.4
      vertex 37.928486389377746 18.4131373089684 2.4
    endloop
  endfacet
  facet normal 0 0 1
    outer loop
      vertex 38.27530667371294 -18.295407686390607 2.4
      vertex 38.63452666178386 18.22395438815333 2.4
      vertex 38.27530667371294 18.295407686390607 2.4
    endloop
  endfacet
  facet normal 0 0 1
    outer loop
      vertex 38.63452666178386 -18.22395438815333 2.4
      vertex 39 18.2 2.4
      vertex 38.63452666178386 18.22395438815333 2.4
    endloop
  endfacet
  facet normal 0 0 1
    outer loop
      vertex 39 -18.2 2.4
      vertex 39.36547333821614 18.22395438815333 2.4
      vertex 39 18.2 2.4
    endloop
  endfacet
  facet normal 0 0 1
    outer loop
      vertex 39.36547333821614 -18.22395438815333 2.4
      vertex 39.72469332628706 18.295407686390607 2.4
      vertex 39.36547333821614 18.22395438815333 2.4
    endloop
  endfacet
  facet normal 0 0 1
    outer loop
      vertex 39.72469332628706 -18.295407686390607 2.4
      vertex 40.071513610622254 18.4131373089684 2.4
      vertex 39.72469332628706 18.295407686390607 2.4
    endloop
  endfacet
  facet normal 0 0 1
    outer loop
      vertex 40.071513610622254 -18.4131373089684 2.4
      vertex 40.4 18.57512886940357 2.4
      vertex 40.071513610622254 18.4131373089684 2.4
    endloop
  endfacet
  facet normal 0 0 1
    outer loop
      vertex 40.4 -18.57512886940357 2.4
      vertex 40.704532001224415 18.778610647184543 2.4
      vertex 40.4 18.57512886940357 2.4
    endloop
  endfacet
  facet normal 0 0 1
    outer loop
      vertex 40.704532001224415 -18.778610647184543 2.4
      vertex 40.979898987322336 19.020101012677667 2.4
      vertex 40.704532001224415 18.778610647184543 2.4
    endloop
  endfacet
  facet normal 0 0 1
    outer loop
      vertex 40.979898987322336 -19.020101012677667 2.4
      vertex 41.22138935281546 19.29546799877558 2.4
      vertex 40.979898987322336 19.020101012677667 2.4
    endloop
  endfacet
  facet normal 0 0 1
    outer loop
      vertex 41.22138935281546 -19.29546799877558 2.4
      vertex 41.42487113059643 19.6 2.4
      vertex 41.22138935281546 19.29546799877558 2.4
    endloop
  endfacet
  facet normal 0 0 1
    outer loop
      vertex 41.42487113059643 -19.6 2.4
      vertex 41.586862691031605 19.92848638937775 2.4
      vertex 41.42487113059643 19.6 2.4
    endloop
  endfacet
  facet normal 0 0 1
    outer loop
      vertex 41.586862691031605 -19.92848638937775 2.4
      vertex 41.70459231360939 20.27530667371294 2.4
      vertex 41.586862691031605 19.92848638937775 2.4
    endloop
  endfacet
  facet normal 0 0 1
    outer loop
      vertex 41.70459231360939 -20.27530667371294 2.4
      vertex 41.77604561184667 20.634526661783855 2.4
      vertex 41.70459231360939 20.27530667371294 2.4
    endloop
  endfacet
  facet normal 0 0 1
    outer loop
      vertex 41.77604561184667 -20.634526661783855 2.4
      vertex 41.8 21 2.4
      vertex 41.77604561184667 20.634526661783855 2.4
    endloop
  endfacet
  facet normal 0 0 1
    outer loop
      vertex 41.8 -21 2.4
      vertex 45.285407359077574 26.602417287332266 2.4
      vertex 41.8 21 2.4
    endloop
  endfacet
  facet normal 0 0 1
    outer loop
      vertex 46.050000000000004 -24.349999999999998 2.4
      vertex 46.050000000000004 24.349999999999998 2.4
      vertex 46.0183459870831 24.83294691121419 2.4
    endloop
  endfacet
  facet normal 0 0 1
    outer loop
      vertex 46.050000000000004 -24.349999999999998 2.4
      vertex 46.0183459870831 24.83294691121419 2.4
      vertex 45.923925557269555 25.307630466879324 2.4
    endloop
  endfacet
  facet normal 0 0 1
    outer loop
      vertex 46.050000000000004 -24.349999999999998 2.4
      vertex 45.923925557269555 25.307630466879324 2.4
      vertex 45.768354270291766 25.76592869975083 2.4
    endloop
  endfacet
  facet normal 0 0 1
    outer loop
      vertex 46.050000000000004 -24.349999999999998 2.4
      vertex 45.768354270291766 25.76592869975083 2.4
      vertex 45.55429399400242 26.2 2.4
    endloop
  endfacet
  facet normal 0 0 1
    outer loop
      vertex 46.050000000000004 -24.349999999999998 2.4
      vertex 45.55429399400242 26.2 2.4
      vertex 45.285407359077574 26.602417287332266 2.4
    endloop
  endfacet
  facet normal 0 0 -1
    outer loop
      vertex 47.64999999999999 24.349999999999998 0
      vertex 47.469406879332055 25.721740939043357 0
      vertex 47.60465776528119 25.04178881876627 0
    endloop
  endfacet
  facet normal 0 0 -1
    outer loop
      vertex 47.64999999999999 24.349999999999998 0
      vertex 46.93993464005752 27 0
      vertex 47.469406879332055 25.721740939043357 0
    endloop
  endfacet
  facet normal 0.9978589232386037 0.06540312923013959 0
    outer loop
      vertex 47.64999999999999 24.349999999999998 0
      vertex 47.60465776528119 25.04178881876627 0
      vertex 47.60465776528119 25.04178881876627 2.4
    endloop
  endfacet
  facet normal 0.9807852804032304 0.19509032201612905 0
    outer loop
      vertex 47.60465776528119 25.04178881876627 0
      vertex 47.469406879332055 25.721740939043357 0
      vertex 47.60465776528119 25.04178881876627 2.4
    endloop
  endfacet
  facet normal 0.9469301294951079 0.32143946530315476 0
    outer loop
      vertex 47.469406879332055 25.721740939043357 0
      vertex 47.24656152230982 26.378222191534974 0
      vertex 47.469406879332055 25.721740939043357 2.4
    endloop
  endfacet
  facet normal 0 0 -1
    outer loop
      vertex 42.349999999999994 29.65 0
      vertex 43.04178881876627 29.604657765281193 0
      vertex 43.72174093904336 29.469406879332062 0
    endloop
  endfacet
  facet normal 0 0 -1
    outer loop
      vertex 42.349999999999994 29.65 0
      vertex 43.72174093904336 29.469406879332062 0
      vertex 44.99999999999999 28.939934640057523 0
    endloop
  endfacet
  facet normal 0 0 -1
    outer loop
      vertex 43.72174093904336 29.469406879332062 0
      vertex 44.378222191534974 29.24656152230982 0
      vertex 44.99999999999999 28.939934640057523 0
    endloop
  endfacet
  facet normal 0 0 -1
    outer loop
      vertex 47.64999999999999 24.349999999999998 0
      vertex 44.99999999999999 28.939934640057523 0
      vertex 46.93993464005752 27 0
    endloop
  endfacet
  facet normal 0 0 -1
    outer loop
      vertex 47.469406879332055 25.721740939043357 0
      vertex 46.93993464005752 27 0
      vertex 47.24656152230982 26.378222191534974 0
    endloop
  endfacet
  facet normal 0 0 -1
    outer loop
      vertex 46.55477270354354 27.576435573746217 0
      vertex 46.93993464005752 27 0
      vertex 46.0976659402887 28.0976659402887 0
    endloop
  endfacet
  facet normal 0 0 -1
    outer loop
      vertex 46.93993464005752 27 0
      vertex 44.99999999999999 28.939934640057523 0
      vertex 46.0976659402887 28.0976659402887 0
    endloop
  endfacet
  facet normal 0 0 -1
    outer loop
      vertex 46.0976659402887 28.0976659402887 0
      vertex 44.99999999999999 28.939934640057523 0
      vertex 45.57643557374622 28.554772703543545 0
    endloop
  endfacet
  facet normal 0.06540312923014435 0.9978589232386034 0
    outer loop
      vertex 42.349999999999994 29.65 0
      vertex 42.349999999999994 29.65 2.4
      vertex 43.04178881876627 29.604657765281193 0
    endloop
  endfacet
  facet normal 0.19509032201612408 0.9807852804032313 0
    outer loop
      vertex 43.04178881876627 29.604657765281193 0
      vertex 43.72174093904336 29.469406879332062 2.4
      vertex 43.72174093904336 29.469406879332062 0
    endloop
  endfacet
  facet normal 0.3214394653031639 0.9469301294951048 0
    outer loop
      vertex 43.72174093904336 29.469406879332062 0
      vertex 43.72174093904336 29.469406879332062 2.4
      vertex 44.378222191534974 29.24656152230982 0
    endloop
  endfacet
  facet normal 0.8968727415326884 0.44228869021900097 0
    outer loop
      vertex 47.24656152230982 26.378222191534974 0
      vertex 46.93993464005752 27 0
      vertex 46.93993464005752 27 2.4
    endloop
  endfacet
  facet normal 0.7518398074789794 0.6593458151000667 0
    outer loop
      vertex 46.55477270354354 27.576435573746217 0
      vertex 46.0976659402887 28.0976659402887 0
      vertex 46.55477270354354 27.576435573746217 2.4
    endloop
  endfacet
  facet normal 0.8314696123025423 0.5555702330196066 0
    outer loop
      vertex 46.55477270354354 27.576435573746217 0
      vertex 46.55477270354354 27.576435573746217 2.4
      vertex 46.93993464005752 27 0
    endloop
  endfacet
  facet normal 0.6593458151000695 0.7518398074789767 0
    outer loop
      vertex 46.0976659402887 28.0976659402887 0
      vertex 45.57643557374622 28.554772703543545 0
      vertex 45.57643557374622 28.554772703543545 2.4
    endloop
  endfacet
  facet normal 0.442288690219005 0.8968727415326864 0
    outer loop
      vertex 44.378222191534974 29.24656152230982 0
      vertex 44.99999999999999 28.939934640057523 2.4
      vertex 44.99999999999999 28.939934640057523 0
    endloop
  endfacet
  facet normal 0.5555702330195983 0.8314696123025479 0
    outer loop
      vertex 45.57643557374622 28.554772703543545 0
      vertex 44.99999999999999 28.939934640057523 0
      vertex 44.99999999999999 28.939934640057523 2.4
    endloop
  endfacet
  facet normal 0.9978589232386037 0.06540312923013959 0
    outer loop
      vertex 47.64999999999999 24.349999999999998 0
      vertex 47.60465776528119 25.04178881876627 2.4
      vertex 47.64999999999999 24.349999999999998 2.4
    endloop
  endfacet
  facet normal 0.9807852804032304 0.19509032201612905 0
    outer loop
      vertex 47.469406879332055 25.721740939043357 0
      vertex 47.469406879332055 25.721740939043357 2.4
      vertex 47.60465776528119 25.04178881876627 2.4
    endloop
  endfacet
  facet normal 0.06540312923014435 0.9978589232386034 0
    outer loop
      vertex 43.04178881876627 29.604657765281193 0
      vertex 42.349999999999994 29.65 2.4
      vertex 43.04178881876627 29.604657765281193 2.4
    endloop
  endfacet
  facet normal 0.19509032201612408 0.9807852804032313 0
    outer loop
      vertex 43.04178881876627 29.604657765281193 0
      vertex 43.04178881876627 29.604657765281193 2.4
      vertex 43.72174093904336 29.469406879332062 2.4
    endloop
  endfacet
  facet normal 0.442288690219005 0.8968727415326864 0
    outer loop
      vertex 44.378222191534974 29.24656152230982 0
      vertex 44.378222191534974 29.24656152230982 2.4
      vertex 44.99999999999999 28.939934640057523 2.4
    endloop
  endfacet
  facet normal 0.3214394653031639 0.9469301294951048 0
    outer loop
      vertex 44.378222191534974 29.24656152230982 0
      vertex 43.72174093904336 29.469406879332062 2.4
      vertex 44.378222191534974 29.24656152230982 2.4
    endloop
  endfacet
  facet normal 0.9469301294951079 0.32143946530315476 0
    outer loop
      vertex 47.24656152230982 26.378222191534974 0
      vertex 47.24656152230982 26.378222191534974 2.4
      vertex 47.469406879332055 25.721740939043357 2.4
    endloop
  endfacet
  facet normal 0.8968727415326884 0.44228869021900097 0
    outer loop
      vertex 47.24656152230982 26.378222191534974 0
      vertex 46.93993464005752 27 2.4
      vertex 47.24656152230982 26.378222191534974 2.4
    endloop
  endfacet
  facet normal 0.8314696123025423 0.5555702330196066 0
    outer loop
      vertex 46.93993464005752 27 0
      vertex 46.55477270354354 27.576435573746217 2.4
      vertex 46.93993464005752 27 2.4
    endloop
  endfacet
  facet normal 0.5555702330195983 0.8314696123025479 0
    outer loop
      vertex 45.57643557374622 28.554772703543545 0
      vertex 44.99999999999999 28.939934640057523 2.4
      vertex 45.57643557374622 28.554772703543545 2.4
    endloop
  endfacet
  facet normal 0.6593458151000695 0.7518398074789767 0
    outer loop
      vertex 46.0976659402887 28.0976659402887 0
      vertex 45.57643557374622 28.554772703543545 2.4
      vertex 46.0976659402887 28.0976659402887 2.4
    endloop
  endfacet
  facet normal 0.7518398074789794 0.6593458151000667 0
    outer loop
      vertex 46.0976659402887 28.0976659402887 0
      vertex 46.0976659402887 28.0976659402887 2.4
      vertex 46.55477270354354 27.576435573746217 2.4
    endloop
  endfacet
  facet normal 0 0 1
    outer loop
      vertex 36.2 21 2.4
      vertex 36.22395438815333 21.365473338216145 2.4
      vertex 35.2 25.2 2.4
    endloop
  endfacet
  facet normal 0 0 1
    outer loop
      vertex 36.22395438815333 21.365473338216145 2.4
      vertex 36.29540768639061 21.72469332628706 2.4
      vertex 35.2 25.2 2.4
    endloop
  endfacet
  facet normal 0 0 1
    outer loop
      vertex 36.29540768639061 21.72469332628706 2.4
      vertex 36.413137308968395 22.07151361062225 2.4
      vertex 35.2 25.2 2.4
    endloop
  endfacet
  facet normal 0 0 1
    outer loop
      vertex 36.413137308968395 22.07151361062225 2.4
      vertex 36.57512886940357 22.4 2.4
      vertex 35.2 25.2 2.4
    endloop
  endfacet
  facet normal 0 0 1
    outer loop
      vertex 36.57512886940357 22.4 2.4
      vertex 36.77861064718454 22.70453200122442 2.4
      vertex 35.2 25.2 2.4
    endloop
  endfacet
  facet normal 0 0 1
    outer loop
      vertex 36.77861064718454 22.70453200122442 2.4
      vertex 37.020101012677664 22.979898987322333 2.4
      vertex 35.2 25.2 2.4
    endloop
  endfacet
  facet normal 0 0 1
    outer loop
      vertex 37.020101012677664 22.979898987322333 2.4
      vertex 37.295467998775585 23.221389352815457 2.4
      vertex 35.2 25.2 2.4
    endloop
  endfacet
  facet normal 0 0 1
    outer loop
      vertex 37.295467998775585 23.221389352815457 2.4
      vertex 37.6 23.42487113059643 2.4
      vertex 35.2 25.2 2.4
    endloop
  endfacet
  facet normal 0 0 1
    outer loop
      vertex 37.6 23.42487113059643 2.4
      vertex 37.928486389377746 23.5868626910316 2.4
      vertex 43.76592869975083 27.76835427029176 2.4
    endloop
  endfacet
  facet normal 0 0 1
    outer loop
      vertex 37.6 23.42487113059643 2.4
      vertex 43.76592869975083 27.76835427029176 2.4
      vertex 35.2 25.2 2.4
    endloop
  endfacet
  facet normal 0 0 1
    outer loop
      vertex 37.928486389377746 23.5868626910316 2.4
      vertex 38.27530667371294 23.704592313609393 2.4
      vertex 43.76592869975083 27.76835427029176 2.4
    endloop
  endfacet
  facet normal 0 0 1
    outer loop
      vertex 40.071513610622254 23.5868626910316 2.4
      vertex 40.4 23.42487113059643 2.4
      vertex 43.76592869975083 27.76835427029176 2.4
    endloop
  endfacet
  facet normal 0 0 1
    outer loop
      vertex 40.4 23.42487113059643 2.4
      vertex 40.704532001224415 23.221389352815457 2.4
      vertex 43.76592869975083 27.76835427029176 2.4
    endloop
  endfacet
  facet normal 0 0 1
    outer loop
      vertex 38.27530667371294 23.704592313609393 2.4
      vertex 38.63452666178386 23.77604561184667 2.4
      vertex 43.76592869975083 27.76835427029176 2.4
    endloop
  endfacet
  facet normal 0 0 1
    outer loop
      vertex 38.63452666178386 23.77604561184667 2.4
      vertex 39 23.8 2.4
      vertex 43.76592869975083 27.76835427029176 2.4
    endloop
  endfacet
  facet normal 0 0 1
    outer loop
      vertex 39 23.8 2.4
      vertex 39.36547333821614 23.77604561184667 2.4
      vertex 43.76592869975083 27.76835427029176 2.4
    endloop
  endfacet
  facet normal 0 0 1
    outer loop
      vertex 39.36547333821614 23.77604561184667 2.4
      vertex 39.72469332628706 23.704592313609393 2.4
      vertex 43.76592869975083 27.76835427029176 2.4
    endloop
  endfacet
  facet normal 0 0 1
    outer loop
      vertex 40.071513610622254 23.5868626910316 2.4
      vertex 43.76592869975083 27.76835427029176 2.4
      vertex 39.72469332628706 23.704592313609393 2.4
    endloop
  endfacet
  facet normal 0 0 1
    outer loop
      vertex 42.35 28.049999999999997 2.4
      vertex 35.2 25.2 2.4
      vertex 42.832946911214194 28.018345987083098 2.4
    endloop
  endfacet
  facet normal 0 0 1
    outer loop
      vertex 42.832946911214194 28.018345987083098 2.4
      vertex 35.2 25.2 2.4
      vertex 43.30763046687933 27.923925557269552 2.4
    endloop
  endfacet
  facet normal 0 0 1
    outer loop
      vertex 43.76592869975083 27.76835427029176 2.4
      vertex 43.30763046687933 27.923925557269552 2.4
      vertex 35.2 25.2 2.4
    endloop
  endfacet
  facet normal 0 0 1
    outer loop
      vertex 41.8 21 2.4
      vertex 45.285407359077574 26.602417287332266 2.4
      vertex 41.77604561184667 21.365473338216145 2.4
    endloop
  endfacet
  facet normal 0 0 1
    outer loop
      vertex 41.77604561184667 21.365473338216145 2.4
      vertex 45.285407359077574 26.602417287332266 2.4
      vertex 41.70459231360939 21.72469332628706 2.4
    endloop
  endfacet
  facet normal 0 0 1
    outer loop
      vertex 41.586862691031605 22.07151361062225 2.4
      vertex 41.70459231360939 21.72469332628706 2.4
      vertex 45.285407359077574 26.602417287332266 2.4
    endloop
  endfacet
  facet normal 0 0 1
    outer loop
      vertex 41.586862691031605 22.07151361062225 2.4
      vertex 45.285407359077574 26.602417287332266 2.4
      vertex 41.42487113059643 22.4 2.4
    endloop
  endfacet
  facet normal 0 0 1
    outer loop
      vertex 41.42487113059643 22.4 2.4
      vertex 45.285407359077574 26.602417287332266 2.4
      vertex 41.22138935281546 22.70453200122442 2.4
    endloop
  endfacet
  facet normal 0 0 1
    outer loop
      vertex 40.979898987322336 22.979898987322333 2.4
      vertex 43.76592869975083 27.76835427029176 2.4
      vertex 40.704532001224415 23.221389352815457 2.4
    endloop
  endfacet
  facet normal 0 0 1
    outer loop
      vertex 41.22138935281546 22.70453200122442 2.4
      vertex 45.285407359077574 26.602417287332266 2.4
      vertex 40.979898987322336 22.979898987322333 2.4
    endloop
  endfacet
  facet normal 0 0 1
    outer loop
      vertex 40.979898987322336 22.979898987322333 2.4
      vertex 44.602417287332266 27.285407359077567 2.4
      vertex 44.2 27.55429399400242 2.4
    endloop
  endfacet
  facet normal 0 0 1
    outer loop
      vertex 40.979898987322336 22.979898987322333 2.4
      vertex 44.966295090390226 26.966295090390226 2.4
      vertex 44.602417287332266 27.285407359077567 2.4
    endloop
  endfacet
  facet normal 0 0 1
    outer loop
      vertex 40.979898987322336 22.979898987322333 2.4
      vertex 45.285407359077574 26.602417287332266 2.4
      vertex 44.966295090390226 26.966295090390226 2.4
    endloop
  endfacet
  facet normal 0 0 1
    outer loop
      vertex 40.979898987322336 22.979898987322333 2.4
      vertex 44.2 27.55429399400242 2.4
      vertex 43.76592869975083 27.76835427029176 2.4
    endloop
  endfacet
  facet normal -1 0 0
    outer loop
      vertex -47.64999999999999 -24.349999999999998 2.4
      vertex -47.64999999999999 -5.0176380902050415 3.8925863474218607
      vertex -47.64999999999999 -4.761052384440103 3.841548277252376
    endloop
  endfacet
  facet normal -1 0 0
    outer loop
      vertex -47.64999999999999 -24.349999999999998 2.4
      vertex -47.64999999999999 -4.761052384440103 3.841548277252376
      vertex -47.64999999999999 -4.5 3.824437999999997
    endloop
  endfacet
  facet normal -1 0 0
    outer loop
      vertex -47.64999999999999 -24.349999999999998 2.4
      vertex -47.64999999999999 -5.5 4.09238719243112
      vertex -47.64999999999999 -5.265366864730179 3.9766789349774236
    endloop
  endfacet
  facet normal -1 0 0
    outer loop
      vertex -47.64999999999999 -24.349999999999998 2.4
      vertex -47.64999999999999 -5.265366864730179 3.9766789349774236
      vertex -47.64999999999999 -5.0176380902050415 3.8925863474218607
    endloop
  endfacet
  facet normal -1 0 0
    outer loop
      vertex -47.64999999999999 -24.349999999999998 2.4
      vertex -47.64999999999999 -4.5 3.824437999999997
      vertex -47.64999999999999 4.5 3.824437999999997
    endloop
  endfacet
  facet normal -1 0 0
    outer loop
      vertex -47.64999999999999 -24.349999999999998 2.4
      vertex -47.64999999999999 -6.08670668058247 4.606915141982556
      vertex -47.64999999999999 -5.914213562373095 4.410224437626902
    endloop
  endfacet
  facet normal -1 0 0
    outer loop
      vertex -47.64999999999999 -24.349999999999998 2.4
      vertex -47.64999999999999 -5.717522858017441 4.237731319417527
      vertex -47.64999999999999 -5.5 4.09238719243112
    endloop
  endfacet
  facet normal -1 0 0
    outer loop
      vertex -47.64999999999999 -24.349999999999998 2.4
      vertex -47.64999999999999 -5.914213562373095 4.410224437626902
      vertex -47.64999999999999 -5.717522858017441 4.237731319417527
    endloop
  endfacet
  facet normal -1 0 0
    outer loop
      vertex -47.64999999999999 -24.349999999999998 2.4
      vertex -47.64999999999999 -6.232050807568877 4.824437999999997
      vertex -47.64999999999999 -6.08670668058247 4.606915141982556
    endloop
  endfacet
  facet normal -1 0 0
    outer loop
      vertex -47.64999999999999 -24.349999999999998 2.4
      vertex -47.64999999999999 -6.347759065022574 5.059071135269818
      vertex -47.64999999999999 -6.232050807568877 4.824437999999997
    endloop
  endfacet
  facet normal -1 0 0
    outer loop
      vertex -47.64999999999999 -24.349999999999998 2.4
      vertex -47.64999999999999 -6.431851652578136 5.306799909794956
      vertex -47.64999999999999 -6.347759065022574 5.059071135269818
    endloop
  endfacet
  facet normal -1 0 0
    outer loop
      vertex -47.64999999999999 -24.349999999999998 2.4
      vertex -47.64999999999999 -6.482889722747621 5.563385615559894
      vertex -47.64999999999999 -6.431851652578136 5.306799909794956
    endloop
  endfacet
  facet normal -1 0 0
    outer loop
      vertex -47.64999999999999 -24.349999999999998 2.4
      vertex -47.64999999999999 -6.5 5.824437999999997
      vertex -47.64999999999999 -6.482889722747621 5.563385615559894
    endloop
  endfacet
  facet normal -0.6593458151000695 -0.7518398074789767 0
    outer loop
      vertex -45.57643557374622 -28.554772703543545 2.4
      vertex -45.57643557374622 -28.554772703543545 9.4
      vertex -46.0976659402887 -28.0976659402887 2.4
    endloop
  endfacet
  facet normal -0.5555702330195983 -0.8314696123025478 0
    outer loop
      vertex -44.99999999999999 -28.939934640057523 2.4
      vertex -45.57643557374622 -28.554772703543545 9.4
      vertex -45.57643557374622 -28.554772703543545 2.4
    endloop
  endfacet
  facet normal -0.8314696123025423 -0.5555702330196066 0
    outer loop
      vertex -46.93993464005752 -27 2.4
      vertex -46.55477270354354 -27.576435573746217 2.4
      vertex -46.55477270354354 -27.576435573746217 9.4
    endloop
  endfacet
  facet normal -0.7518398074789793 -0.6593458151000667 0
    outer loop
      vertex -46.0976659402887 -28.0976659402887 2.4
      vertex -46.55477270354354 -27.576435573746217 9.4
      vertex -46.55477270354354 -27.576435573746217 2.4
    endloop
  endfacet
  facet normal -0.8968727415326885 -0.44228869021900097 0
    outer loop
      vertex -46.93993464005752 -27 2.4
      vertex -47.24656152230982 -26.378222191534974 9.4
      vertex -47.24656152230982 -26.378222191534974 2.4
    endloop
  endfacet
  facet normal -0.9469301294951079 -0.32143946530315476 0
    outer loop
      vertex -47.24656152230982 -26.378222191534974 2.4
      vertex -47.24656152230982 -26.378222191534974 9.4
      vertex -47.469406879332055 -25.721740939043357 2.4
    endloop
  endfacet
  facet normal -0.321439465303164 -0.9469301294951048 0
    outer loop
      vertex -44.378222191534974 -29.24656152230982 2.4
      vertex -43.72174093904336 -29.469406879332062 2.4
      vertex -43.72174093904336 -29.469406879332062 9.4
    endloop
  endfacet
  facet normal -0.442288690219005 -0.8968727415326865 0
    outer loop
      vertex -44.99999999999999 -28.939934640057523 2.4
      vertex -44.378222191534974 -29.24656152230982 2.4
      vertex -44.378222191534974 -29.24656152230982 9.4
    endloop
  endfacet
  facet normal -0.19509032201612406 -0.9807852804032313 0
    outer loop
      vertex -43.72174093904336 -29.469406879332062 2.4
      vertex -43.04178881876627 -29.604657765281193 2.4
      vertex -43.04178881876627 -29.604657765281193 9.4
    endloop
  endfacet
  facet normal -0.06540312923014435 -0.9978589232386035 0
    outer loop
      vertex -43.04178881876627 -29.604657765281193 2.4
      vertex -42.349999999999994 -29.65 2.4
      vertex -43.04178881876627 -29.604657765281193 9.4
    endloop
  endfacet
  facet normal -0.9807852804032303 -0.19509032201612903 0
    outer loop
      vertex -47.469406879332055 -25.721740939043357 2.4
      vertex -47.60465776528119 -25.04178881876627 9.4
      vertex -47.60465776528119 -25.04178881876627 2.4
    endloop
  endfacet
  facet normal -0.9978589232386038 -0.06540312923013959 0
    outer loop
      vertex -47.60465776528119 -25.04178881876627 2.4
      vertex -47.60465776528119 -25.04178881876627 9.4
      vertex -47.64999999999999 -24.349999999999998 2.4
    endloop
  endfacet
  facet normal -1 0 0
    outer loop
      vertex -47.64999999999999 -24.349999999999998 2.4
      vertex -47.64999999999999 -24.349999999999998 9.4
      vertex -47.64999999999999 -6.5 5.824437999999997
    endloop
  endfacet
  facet normal -0.7518398074789793 -0.6593458151000667 0
    outer loop
      vertex -46.0976659402887 -28.0976659402887 2.4
      vertex -46.0976659402887 -28.0976659402887 9.4
      vertex -46.55477270354354 -27.576435573746217 9.4
    endloop
  endfacet
  facet normal -0.5555702330195983 -0.8314696123025478 0
    outer loop
      vertex -44.99999999999999 -28.939934640057523 2.4
      vertex -44.99999999999999 -28.939934640057523 9.4
      vertex -45.57643557374622 -28.554772703543545 9.4
    endloop
  endfacet
  facet normal -0.442288690219005 -0.8968727415326865 0
    outer loop
      vertex -44.99999999999999 -28.939934640057523 2.4
      vertex -44.378222191534974 -29.24656152230982 9.4
      vertex -44.99999999999999 -28.939934640057523 9.4
    endloop
  endfacet
  facet normal -0.6593458151000695 -0.7518398074789767 0
    outer loop
      vertex -46.0976659402887 -28.0976659402887 2.4
      vertex -45.57643557374622 -28.554772703543545 9.4
      vertex -46.0976659402887 -28.0976659402887 9.4
    endloop
  endfacet
  facet normal -0.8314696123025423 -0.5555702330196066 0
    outer loop
      vertex -46.93993464005752 -27 2.4
      vertex -46.55477270354354 -27.576435573746217 9.4
      vertex -46.93993464005752 -27 9.4
    endloop
  endfacet
  facet normal -0.8968727415326885 -0.44228869021900097 0
    outer loop
      vertex -46.93993464005752 -27 2.4
      vertex -46.93993464005752 -27 9.4
      vertex -47.24656152230982 -26.378222191534974 9.4
    endloop
  endfacet
  facet normal -0.321439465303164 -0.9469301294951048 0
    outer loop
      vertex -44.378222191534974 -29.24656152230982 2.4
      vertex -43.72174093904336 -29.469406879332062 9.4
      vertex -44.378222191534974 -29.24656152230982 9.4
    endloop
  endfacet
  facet normal -0.19509032201612406 -0.9807852804032313 0
    outer loop
      vertex -43.72174093904336 -29.469406879332062 2.4
      vertex -43.04178881876627 -29.604657765281193 9.4
      vertex -43.72174093904336 -29.469406879332062 9.4
    endloop
  endfacet
  facet normal -0.06540312923014435 -0.9978589232386035 0
    outer loop
      vertex -42.349999999999994 -29.65 2.4
      vertex -42.349999999999994 -29.65 9.4
      vertex -43.04178881876627 -29.604657765281193 9.4
    endloop
  endfacet
  facet normal -0.9469301294951079 -0.32143946530315476 0
    outer loop
      vertex -47.469406879332055 -25.721740939043357 2.4
      vertex -47.24656152230982 -26.378222191534974 9.4
      vertex -47.469406879332055 -25.721740939043357 9.4
    endloop
  endfacet
  facet normal -0.9807852804032303 -0.19509032201612903 0
    outer loop
      vertex -47.469406879332055 -25.721740939043357 2.4
      vertex -47.469406879332055 -25.721740939043357 9.4
      vertex -47.60465776528119 -25.04178881876627 9.4
    endloop
  endfacet
  facet normal -0.9978589232386038 -0.06540312923013959 0
    outer loop
      vertex -47.64999999999999 -24.349999999999998 2.4
      vertex -47.60465776528119 -25.04178881876627 9.4
      vertex -47.64999999999999 -24.349999999999998 9.4
    endloop
  endfacet
  facet normal 0 0 1
    outer loop
      vertex -44.99999999999999 -28.939934640057523 9.4
      vertex -46.0976659402887 -28.0976659402887 9.4
      vertex -45.57643557374622 -28.554772703543545 9.4
    endloop
  endfacet
  facet normal 0 0 1
    outer loop
      vertex -44.99999999999999 -28.939934640057523 9.4
      vertex -46.93993464005752 -27 9.4
      vertex -46.0976659402887 -28.0976659402887 9.4
    endloop
  endfacet
  facet normal 0 0 1
    outer loop
      vertex -46.0976659402887 -28.0976659402887 9.4
      vertex -46.93993464005752 -27 9.4
      vertex -46.55477270354354 -27.576435573746217 9.4
    endloop
  endfacet
  facet normal 0 0 1
    outer loop
      vertex -46.93993464005752 -27 9.4
      vertex -47.469406879332055 -25.721740939043357 9.4
      vertex -47.24656152230982 -26.378222191534974 9.4
    endloop
  endfacet
  facet normal 0 0 1
    outer loop
      vertex -44.99999999999999 -28.939934640057523 9.4
      vertex -47.64999999999999 -24.349999999999998 9.4
      vertex -46.93993464005752 -27 9.4
    endloop
  endfacet
  facet normal 0 0 1
    outer loop
      vertex -44.99999999999999 -28.939934640057523 9.4
      vertex -44.966295090390226 -26.966295090390226 9.4
      vertex -45.285407359077574 -26.602417287332266 9.4
    endloop
  endfacet
  facet normal 0 0 1
    outer loop
      vertex -44.99999999999999 -28.939934640057523 9.4
      vertex -44.602417287332266 -27.285407359077567 9.4
      vertex -44.966295090390226 -26.966295090390226 9.4
    endloop
  endfacet
  facet normal 0 0 1
    outer loop
      vertex -44.99999999999999 -28.939934640057523 9.4
      vertex -45.285407359077574 -26.602417287332266 9.4
      vertex -47.64999999999999 -24.349999999999998 9.4
    endloop
  endfacet
  facet normal 0 0 1
    outer loop
      vertex -44.99999999999999 -28.939934640057523 9.4
      vertex -44.378222191534974 -29.24656152230982 9.4
      vertex -43.72174093904336 -29.469406879332062 9.4
    endloop
  endfacet
  facet normal 0 0 1
    outer loop
      vertex -44.99999999999999 -28.939934640057523 9.4
      vertex -43.72174093904336 -29.469406879332062 9.4
      vertex -42.349999999999994 -29.65 9.4
    endloop
  endfacet
  facet normal 0 0 1
    outer loop
      vertex -44.99999999999999 -28.939934640057523 9.4
      vertex -43.76592869975083 -27.76835427029176 9.4
      vertex -44.2 -27.55429399400242 9.4
    endloop
  endfacet
  facet normal 0 0 1
    outer loop
      vertex -44.99999999999999 -28.939934640057523 9.4
      vertex -44.2 -27.55429399400242 9.4
      vertex -44.602417287332266 -27.285407359077567 9.4
    endloop
  endfacet
  facet normal 0 0 1
    outer loop
      vertex -44.99999999999999 -28.939934640057523 9.4
      vertex -43.30763046687933 -27.923925557269552 9.4
      vertex -43.76592869975083 -27.76835427029176 9.4
    endloop
  endfacet
  facet normal 0 0 1
    outer loop
      vertex -44.99999999999999 -28.939934640057523 9.4
      vertex -42.832946911214194 -28.018345987083098 9.4
      vertex -43.30763046687933 -27.923925557269552 9.4
    endloop
  endfacet
  facet normal 0 0 1
    outer loop
      vertex -44.99999999999999 -28.939934640057523 9.4
      vertex -42.35 -28.049999999999997 9.4
      vertex -42.832946911214194 -28.018345987083098 9.4
    endloop
  endfacet
  facet normal 0 0 1
    outer loop
      vertex -43.72174093904336 -29.469406879332062 9.4
      vertex -43.04178881876627 -29.604657765281193 9.4
      vertex -42.349999999999994 -29.65 9.4
    endloop
  endfacet
  facet normal 0 0 1
    outer loop
      vertex -46.93993464005752 -27 9.4
      vertex -47.64999999999999 -24.349999999999998 9.4
      vertex -47.469406879332055 -25.721740939043357 9.4
    endloop
  endfacet
  facet normal 0 0 1
    outer loop
      vertex -47.469406879332055 -25.721740939043357 9.4
      vertex -47.64999999999999 -24.349999999999998 9.4
      vertex -47.60465776528119 -25.04178881876627 9.4
    endloop
  endfacet
  facet normal 0 0 1
    outer loop
      vertex -45.55429399400242 -26.2 9.4
      vertex -47.64999999999999 -24.349999999999998 9.4
      vertex -45.285407359077574 -26.602417287332266 9.4
    endloop
  endfacet
  facet normal 0 0 1
    outer loop
      vertex -45.55429399400242 -26.2 9.4
      vertex -45.768354270291766 -25.76592869975083 9.4
      vertex -47.64999999999999 -24.349999999999998 9.4
    endloop
  endfacet
  facet normal 0 0 1
    outer loop
      vertex -47.64999999999999 -24.349999999999998 9.4
      vertex -45.768354270291766 -25.76592869975083 9.4
      vertex -45.923925557269555 -25.307630466879324 9.4
    endloop
  endfacet
  facet normal 0 0 1
    outer loop
      vertex -47.64999999999999 -24.349999999999998 9.4
      vertex -45.923925557269555 -25.307630466879324 9.4
      vertex -46.0183459870831 -24.83294691121419 9.4
    endloop
  endfacet
  facet normal 0 0 1
    outer loop
      vertex -47.64999999999999 -24.349999999999998 9.4
      vertex -46.0183459870831 -24.83294691121419 9.4
      vertex -46.050000000000004 -24.349999999999998 9.4
    endloop
  endfacet
  facet normal 0 0 1
    outer loop
      vertex -47.64999999999999 -24.349999999999998 9.4
      vertex -46.050000000000004 -24.349999999999998 9.4
      vertex -47.64999999999999 -6.5 9.4
    endloop
  endfacet
  facet normal -1 0 0
    outer loop
      vertex -47.64999999999999 -24.349999999999998 9.4
      vertex -47.64999999999999 -6.5 9.4
      vertex -47.64999999999999 -6.5 5.824437999999997
    endloop
  endfacet
  facet normal 0 0 1
    outer loop
      vertex -46.050000000000004 -24.349999999999998 9.4
      vertex -46.050000000000004 -6.5 9.4
      vertex -47.64999999999999 -6.5 9.4
    endloop
  endfacet
  facet normal 0 -1 0
    outer loop
      vertex -42.349999999999994 -29.65 2.4
      vertex 42.349999999999994 -29.65 9.4
      vertex -42.349999999999994 -29.65 9.4
    endloop
  endfacet
  facet normal 0 0 1
    outer loop
      vertex -44.99999999999999 -28.939934640057523 9.4
      vertex 42.35 -28.049999999999997 9.4
      vertex -42.35 -28.049999999999997 9.4
    endloop
  endfacet
  facet normal 0 0 1
    outer loop
      vertex -44.99999999999999 -28.939934640057523 9.4
      vertex -42.349999999999994 -29.65 9.4
      vertex 44.99999999999999 -28.939934640057523 9.4
    endloop
  endfacet
  facet normal -1 0 0
    outer loop
      vertex -47.64999999999999 -24.349999999999998 2.4
      vertex -47.64999999999999 4.5 3.824437999999997
      vertex -47.64999999999999 24.349999999999998 2.4
    endloop
  endfacet
  facet normal -1 0 0
    outer loop
      vertex -47.64999999999999 24.349999999999998 2.4
      vertex -47.64999999999999 4.5 3.824437999999997
      vertex -47.64999999999999 4.761052384440103 3.841548277252376
    endloop
  endfacet
  facet normal -1 0 0
    outer loop
      vertex -47.64999999999999 24.349999999999998 2.4
      vertex -47.64999999999999 4.761052384440103 3.841548277252376
      vertex -47.64999999999999 5.0176380902050415 3.8925863474218607
    endloop
  endfacet
  facet normal -1 0 0
    outer loop
      vertex -47.64999999999999 24.349999999999998 2.4
      vertex -47.64999999999999 5.0176380902050415 3.8925863474218607
      vertex -47.64999999999999 5.265366864730179 3.9766789349774236
    endloop
  endfacet
  facet normal -1 0 0
    outer loop
      vertex -47.64999999999999 24.349999999999998 2.4
      vertex -47.64999999999999 5.265366864730179 3.9766789349774236
      vertex -47.64999999999999 5.5 4.09238719243112
    endloop
  endfacet
  facet normal -1 0 0
    outer loop
      vertex -47.64999999999999 24.349999999999998 2.4
      vertex -47.64999999999999 5.5 4.09238719243112
      vertex -47.64999999999999 5.717522858017441 4.237731319417527
    endloop
  endfacet
  facet normal -1 0 0
    outer loop
      vertex -47.64999999999999 24.349999999999998 2.4
      vertex -47.64999999999999 5.717522858017441 4.237731319417527
      vertex -47.64999999999999 5.914213562373095 4.410224437626902
    endloop
  endfacet
  facet normal -1 0 0
    outer loop
      vertex -47.64999999999999 24.349999999999998 2.4
      vertex -47.64999999999999 5.914213562373095 4.410224437626902
      vertex -47.64999999999999 6.08670668058247 4.606915141982556
    endloop
  endfacet
  facet normal -1 0 0
    outer loop
      vertex -47.64999999999999 24.349999999999998 2.4
      vertex -47.64999999999999 6.08670668058247 4.606915141982556
      vertex -47.64999999999999 6.232050807568877 4.824437999999997
    endloop
  endfacet
  facet normal -1 0 0
    outer loop
      vertex -47.64999999999999 24.349999999999998 2.4
      vertex -47.64999999999999 6.232050807568877 4.824437999999997
      vertex -47.64999999999999 6.347759065022574 5.059071135269818
    endloop
  endfacet
  facet normal -1 0 0
    outer loop
      vertex -47.64999999999999 24.349999999999998 2.4
      vertex -47.64999999999999 6.347759065022574 5.059071135269818
      vertex -47.64999999999999 6.431851652578136 5.306799909794956
    endloop
  endfacet
  facet normal -1 0 0
    outer loop
      vertex -47.64999999999999 24.349999999999998 2.4
      vertex -47.64999999999999 6.431851652578136 5.306799909794956
      vertex -47.64999999999999 6.482889722747621 5.563385615559894
    endloop
  endfacet
  facet normal 0 1 0
    outer loop
      vertex -42.349999999999994 29.65 2.4
      vertex -31 29.65 5.75
      vertex 42.349999999999994 29.65 2.4
    endloop
  endfacet
  facet normal 0 1 0
    outer loop
      vertex 42.349999999999994 29.65 2.4
      vertex -31 29.65 5.75
      vertex -19 29.65 5.75
    endloop
  endfacet
  facet normal -1 0 0
    outer loop
      vertex -47.64999999999999 24.349999999999998 9.4
      vertex -47.64999999999999 6.482889722747621 5.563385615559894
      vertex -47.64999999999999 6.5 5.824437999999997
    endloop
  endfacet
  facet normal -1 0 0
    outer loop
      vertex -47.64999999999999 24.349999999999998 9.4
      vertex -47.64999999999999 6.5 5.824437999999997
      vertex -47.64999999999999 6.5 9.4
    endloop
  endfacet
  facet normal 0 0 1
    outer loop
      vertex -47.64999999999999 24.349999999999998 9.4
      vertex -47.64999999999999 6.5 9.4
      vertex -46.050000000000004 6.5 9.4
    endloop
  endfacet
  facet normal -1 0 0
    outer loop
      vertex -47.64999999999999 24.349999999999998 2.4
      vertex -47.64999999999999 6.482889722747621 5.563385615559894
      vertex -47.64999999999999 24.349999999999998 9.4
    endloop
  endfacet
  facet normal -0.9978589232386038 0.06540312923013959 0
    outer loop
      vertex -47.64999999999999 24.349999999999998 2.4
      vertex -47.60465776528119 25.04178881876627 9.4
      vertex -47.60465776528119 25.04178881876627 2.4
    endloop
  endfacet
  facet normal -0.9807852804032303 0.19509032201612903 0
    outer loop
      vertex -47.60465776528119 25.04178881876627 2.4
      vertex -47.469406879332055 25.721740939043357 9.4
      vertex -47.469406879332055 25.721740939043357 2.4
    endloop
  endfacet
  facet normal -0.9469301294951079 0.32143946530315476 0
    outer loop
      vertex -47.469406879332055 25.721740939043357 2.4
      vertex -47.469406879332055 25.721740939043357 9.4
      vertex -47.24656152230982 26.378222191534974 2.4
    endloop
  endfacet
  facet normal -0.8968727415326885 0.44228869021900097 0
    outer loop
      vertex -47.24656152230982 26.378222191534974 2.4
      vertex -46.93993464005752 27 9.4
      vertex -46.93993464005752 27 2.4
    endloop
  endfacet
  facet normal -0.8314696123025423 0.5555702330196066 0
    outer loop
      vertex -46.93993464005752 27 2.4
      vertex -46.55477270354354 27.576435573746217 9.4
      vertex -46.55477270354354 27.576435573746217 2.4
    endloop
  endfacet
  facet normal -0.7518398074789793 0.6593458151000667 0
    outer loop
      vertex -46.55477270354354 27.576435573746217 2.4
      vertex -46.0976659402887 28.0976659402887 9.4
      vertex -46.0976659402887 28.0976659402887 2.4
    endloop
  endfacet
  facet normal -0.6593458151000695 0.7518398074789767 0
    outer loop
      vertex -46.0976659402887 28.0976659402887 2.4
      vertex -45.57643557374622 28.554772703543545 9.4
      vertex -45.57643557374622 28.554772703543545 2.4
    endloop
  endfacet
  facet normal -0.5555702330195983 0.8314696123025478 0
    outer loop
      vertex -45.57643557374622 28.554772703543545 2.4
      vertex -44.99999999999999 28.939934640057523 9.4
      vertex -44.99999999999999 28.939934640057523 2.4
    endloop
  endfacet
  facet normal -0.442288690219005 0.8968727415326865 0
    outer loop
      vertex -44.99999999999999 28.939934640057523 2.4
      vertex -44.99999999999999 28.939934640057523 9.4
      vertex -44.378222191534974 29.24656152230982 2.4
    endloop
  endfacet
  facet normal -0.321439465303164 0.9469301294951048 0
    outer loop
      vertex -44.378222191534974 29.24656152230982 2.4
      vertex -43.72174093904336 29.469406879332062 9.4
      vertex -43.72174093904336 29.469406879332062 2.4
    endloop
  endfacet
  facet normal -0.19509032201612406 0.9807852804032313 0
    outer loop
      vertex -43.72174093904336 29.469406879332062 2.4
      vertex -43.04178881876627 29.604657765281193 9.4
      vertex -43.04178881876627 29.604657765281193 2.4
    endloop
  endfacet
  facet normal -0.06540312923014435 0.9978589232386035 0
    outer loop
      vertex -43.04178881876627 29.604657765281193 2.4
      vertex -43.04178881876627 29.604657765281193 9.4
      vertex -42.349999999999994 29.65 2.4
    endloop
  endfacet
  facet normal 0 1 0
    outer loop
      vertex -42.349999999999994 29.65 2.4
      vertex -42.349999999999994 29.65 9.4
      vertex -31 29.65 5.75
    endloop
  endfacet
  facet normal 0 0 1
    outer loop
      vertex -47.64999999999999 24.349999999999998 9.4
      vertex -46.050000000000004 6.5 9.4
      vertex -46.55477270354354 27.576435573746217 9.4
    endloop
  endfacet
  facet normal 0 0 1
    outer loop
      vertex -46.050000000000004 24.349999999999998 9.4
      vertex -46.55477270354354 27.576435573746217 9.4
      vertex -46.050000000000004 6.5 9.4
    endloop
  endfacet
  facet normal -0.9978589232386038 0.06540312923013959 0
    outer loop
      vertex -47.64999999999999 24.349999999999998 2.4
      vertex -47.64999999999999 24.349999999999998 9.4
      vertex -47.60465776528119 25.04178881876627 9.4
    endloop
  endfacet
  facet normal -0.9807852804032303 0.19509032201612903 0
    outer loop
      vertex -47.60465776528119 25.04178881876627 2.4
      vertex -47.60465776528119 25.04178881876627 9.4
      vertex -47.469406879332055 25.721740939043357 9.4
    endloop
  endfacet
  facet normal -0.9469301294951079 0.32143946530315476 0
    outer loop
      vertex -47.24656152230982 26.378222191534974 2.4
      vertex -47.469406879332055 25.721740939043357 9.4
      vertex -47.24656152230982 26.378222191534974 9.4
    endloop
  endfacet
  facet normal -0.8968727415326885 0.44228869021900097 0
    outer loop
      vertex -47.24656152230982 26.378222191534974 2.4
      vertex -47.24656152230982 26.378222191534974 9.4
      vertex -46.93993464005752 27 9.4
    endloop
  endfacet
  facet normal -0.8314696123025423 0.5555702330196066 0
    outer loop
      vertex -46.93993464005752 27 2.4
      vertex -46.93993464005752 27 9.4
      vertex -46.55477270354354 27.576435573746217 9.4
    endloop
  endfacet
  facet normal -0.7518398074789793 0.6593458151000667 0
    outer loop
      vertex -46.55477270354354 27.576435573746217 2.4
      vertex -46.55477270354354 27.576435573746217 9.4
      vertex -46.0976659402887 28.0976659402887 9.4
    endloop
  endfacet
  facet normal -0.6593458151000695 0.7518398074789767 0
    outer loop
      vertex -46.0976659402887 28.0976659402887 2.4
      vertex -46.0976659402887 28.0976659402887 9.4
      vertex -45.57643557374622 28.554772703543545 9.4
    endloop
  endfacet
  facet normal -0.5555702330195983 0.8314696123025478 0
    outer loop
      vertex -45.57643557374622 28.554772703543545 2.4
      vertex -45.57643557374622 28.554772703543545 9.4
      vertex -44.99999999999999 28.939934640057523 9.4
    endloop
  endfacet
  facet normal -0.442288690219005 0.8968727415326865 0
    outer loop
      vertex -44.378222191534974 29.24656152230982 2.4
      vertex -44.99999999999999 28.939934640057523 9.4
      vertex -44.378222191534974 29.24656152230982 9.4
    endloop
  endfacet
  facet normal -0.321439465303164 0.9469301294951048 0
    outer loop
      vertex -44.378222191534974 29.24656152230982 2.4
      vertex -44.378222191534974 29.24656152230982 9.4
      vertex -43.72174093904336 29.469406879332062 9.4
    endloop
  endfacet
  facet normal -0.19509032201612406 0.9807852804032313 0
    outer loop
      vertex -43.72174093904336 29.469406879332062 2.4
      vertex -43.72174093904336 29.469406879332062 9.4
      vertex -43.04178881876627 29.604657765281193 9.4
    endloop
  endfacet
  facet normal -0.06540312923014435 0.9978589232386035 0
    outer loop
      vertex -42.349999999999994 29.65 2.4
      vertex -43.04178881876627 29.604657765281193 9.4
      vertex -42.349999999999994 29.65 9.4
    endloop
  endfacet
  facet normal 0 0 1
    outer loop
      vertex -47.60465776528119 25.04178881876627 9.4
      vertex -47.24656152230982 26.378222191534974 9.4
      vertex -47.469406879332055 25.721740939043357 9.4
    endloop
  endfacet
  facet normal 0 0 1
    outer loop
      vertex -47.64999999999999 24.349999999999998 9.4
      vertex -46.55477270354354 27.576435573746217 9.4
      vertex -47.60465776528119 25.04178881876627 9.4
    endloop
  endfacet
  facet normal 0 0 1
    outer loop
      vertex -46.050000000000004 24.349999999999998 9.4
      vertex -46.0183459870831 24.83294691121419 9.4
      vertex -46.55477270354354 27.576435573746217 9.4
    endloop
  endfacet
  facet normal 0 0 1
    outer loop
      vertex -46.0183459870831 24.83294691121419 9.4
      vertex -45.923925557269555 25.307630466879324 9.4
      vertex -46.55477270354354 27.576435573746217 9.4
    endloop
  endfacet
  facet normal 0 0 1
    outer loop
      vertex -47.60465776528119 25.04178881876627 9.4
      vertex -46.55477270354354 27.576435573746217 9.4
      vertex -47.24656152230982 26.378222191534974 9.4
    endloop
  endfacet
  facet normal 0 0 1
    outer loop
      vertex -47.24656152230982 26.378222191534974 9.4
      vertex -46.55477270354354 27.576435573746217 9.4
      vertex -46.93993464005752 27 9.4
    endloop
  endfacet
  facet normal 0 0 1
    outer loop
      vertex -45.923925557269555 25.307630466879324 9.4
      vertex -45.768354270291766 25.76592869975083 9.4
      vertex -46.55477270354354 27.576435573746217 9.4
    endloop
  endfacet
  facet normal 0 0 1
    outer loop
      vertex -45.768354270291766 25.76592869975083 9.4
      vertex -45.55429399400242 26.2 9.4
      vertex -46.55477270354354 27.576435573746217 9.4
    endloop
  endfacet
  facet normal 0 0 1
    outer loop
      vertex -46.55477270354354 27.576435573746217 9.4
      vertex -45.55429399400242 26.2 9.4
      vertex -45.285407359077574 26.602417287332266 9.4
    endloop
  endfacet
  facet normal 0 0 1
    outer loop
      vertex -46.55477270354354 27.576435573746217 9.4
      vertex -45.285407359077574 26.602417287332266 9.4
      vertex -44.966295090390226 26.966295090390226 9.4
    endloop
  endfacet
  facet normal 0 0 1
    outer loop
      vertex -44.966295090390226 26.966295090390226 9.4
      vertex -44.602417287332266 27.285407359077567 9.4
      vertex -44.99999999999999 28.939934640057523 9.4
    endloop
  endfacet
  facet normal 0 0 1
    outer loop
      vertex -46.55477270354354 27.576435573746217 9.4
      vertex -44.99999999999999 28.939934640057523 9.4
      vertex -46.0976659402887 28.0976659402887 9.4
    endloop
  endfacet
  facet normal 0 0 1
    outer loop
      vertex -46.55477270354354 27.576435573746217 9.4
      vertex -44.966295090390226 26.966295090390226 9.4
      vertex -44.99999999999999 28.939934640057523 9.4
    endloop
  endfacet
  facet normal 0 0 1
    outer loop
      vertex -46.0976659402887 28.0976659402887 9.4
      vertex -44.99999999999999 28.939934640057523 9.4
      vertex -45.57643557374622 28.554772703543545 9.4
    endloop
  endfacet
  facet normal 0 0 1
    outer loop
      vertex -44.99999999999999 28.939934640057523 9.4
      vertex -44.602417287332266 27.285407359077567 9.4
      vertex -44.2 27.55429399400242 9.4
    endloop
  endfacet
  facet normal 0 0 1
    outer loop
      vertex -44.99999999999999 28.939934640057523 9.4
      vertex -44.2 27.55429399400242 9.4
      vertex -43.76592869975083 27.76835427029176 9.4
    endloop
  endfacet
  facet normal 0 0 1
    outer loop
      vertex -44.99999999999999 28.939934640057523 9.4
      vertex -43.76592869975083 27.76835427029176 9.4
      vertex -43.30763046687933 27.923925557269552 9.4
    endloop
  endfacet
  facet normal 0 0 1
    outer loop
      vertex -44.99999999999999 28.939934640057523 9.4
      vertex -43.30763046687933 27.923925557269552 9.4
      vertex -42.832946911214194 28.018345987083098 9.4
    endloop
  endfacet
  facet normal 0 0 1
    outer loop
      vertex -44.99999999999999 28.939934640057523 9.4
      vertex -42.832946911214194 28.018345987083098 9.4
      vertex -42.35 28.049999999999997 9.4
    endloop
  endfacet
  facet normal 0 0 1
    outer loop
      vertex -44.99999999999999 28.939934640057523 9.4
      vertex -43.72174093904336 29.469406879332062 9.4
      vertex -44.378222191534974 29.24656152230982 9.4
    endloop
  endfacet
  facet normal 0 0 1
    outer loop
      vertex -44.99999999999999 28.939934640057523 9.4
      vertex -42.349999999999994 29.65 9.4
      vertex -43.72174093904336 29.469406879332062 9.4
    endloop
  endfacet
  facet normal 0 0 1
    outer loop
      vertex -43.72174093904336 29.469406879332062 9.4
      vertex -42.349999999999994 29.65 9.4
      vertex -43.04178881876627 29.604657765281193 9.4
    endloop
  endfacet
  facet normal 0 0 1
    outer loop
      vertex -44.99999999999999 28.939934640057523 9.4
      vertex -42.35 28.049999999999997 9.4
      vertex -31 29.65 9.4
    endloop
  endfacet
  facet normal 0 0 1
    outer loop
      vertex -44.99999999999999 28.939934640057523 9.4
      vertex -31 29.65 9.4
      vertex -42.349999999999994 29.65 9.4
    endloop
  endfacet
  facet normal 0 1 0
    outer loop
      vertex -42.349999999999994 29.65 9.4
      vertex -31 29.65 9.4
      vertex -31 29.65 5.75
    endloop
  endfacet
  facet normal 0 0 1
    outer loop
      vertex -42.35 28.049999999999997 9.4
      vertex -31 28.049999999999997 9.4
      vertex -31 29.65 9.4
    endloop
  endfacet
  facet normal 0 -1 0
    outer loop
      vertex -42.349999999999994 -29.65 2.4
      vertex 42.349999999999994 -29.65 2.4
      vertex 42.349999999999994 -29.65 9.4
    endloop
  endfacet
  facet normal 0 0 1
    outer loop
      vertex -44.99999999999999 -28.939934640057523 9.4
      vertex 44.99999999999999 -28.939934640057523 9.4
      vertex 42.35 -28.049999999999997 9.4
    endloop
  endfacet
  facet normal 0 0 1
    outer loop
      vertex -42.349999999999994 -29.65 9.4
      vertex 42.349999999999994 -29.65 9.4
      vertex 44.99999999999999 -28.939934640057523 9.4
    endloop
  endfacet
  facet normal 0.06540312923014435 -0.9978589232386035 0
    outer loop
      vertex 42.349999999999994 -29.65 2.4
      vertex 43.04178881876627 -29.604657765281193 2.4
      vertex 43.04178881876627 -29.604657765281193 9.4
    endloop
  endfacet
  facet normal 0.19509032201612406 -0.9807852804032313 0
    outer loop
      vertex 43.04178881876627 -29.604657765281193 2.4
      vertex 43.72174093904336 -29.469406879332062 2.4
      vertex 43.04178881876627 -29.604657765281193 9.4
    endloop
  endfacet
  facet normal 0.321439465303164 -0.9469301294951048 0
    outer loop
      vertex 43.72174093904336 -29.469406879332062 2.4
      vertex 44.378222191534974 -29.24656152230982 2.4
      vertex 43.72174093904336 -29.469406879332062 9.4
    endloop
  endfacet
  facet normal 0.442288690219005 -0.8968727415326865 0
    outer loop
      vertex 44.378222191534974 -29.24656152230982 2.4
      vertex 44.99999999999999 -28.939934640057523 2.4
      vertex 44.378222191534974 -29.24656152230982 9.4
    endloop
  endfacet
  facet normal 0.5555702330195983 -0.8314696123025478 0
    outer loop
      vertex 44.99999999999999 -28.939934640057523 2.4
      vertex 45.57643557374622 -28.554772703543545 2.4
      vertex 44.99999999999999 -28.939934640057523 9.4
    endloop
  endfacet
  facet normal 0.6593458151000695 -0.7518398074789767 0
    outer loop
      vertex 45.57643557374622 -28.554772703543545 2.4
      vertex 46.0976659402887 -28.0976659402887 2.4
      vertex 46.0976659402887 -28.0976659402887 9.4
    endloop
  endfacet
  facet normal 0.7518398074789793 -0.6593458151000667 0
    outer loop
      vertex 46.0976659402887 -28.0976659402887 2.4
      vertex 46.55477270354354 -27.576435573746217 2.4
      vertex 46.0976659402887 -28.0976659402887 9.4
    endloop
  endfacet
  facet normal 0.8314696123025423 -0.5555702330196066 0
    outer loop
      vertex 46.55477270354354 -27.576435573746217 2.4
      vertex 46.93993464005752 -27 2.4
      vertex 46.93993464005752 -27 9.4
    endloop
  endfacet
  facet normal 0.8968727415326885 -0.44228869021900097 0
    outer loop
      vertex 46.93993464005752 -27 2.4
      vertex 47.24656152230982 -26.378222191534974 2.4
      vertex 46.93993464005752 -27 9.4
    endloop
  endfacet
  facet normal 0.9469301294951079 -0.32143946530315476 0
    outer loop
      vertex 47.24656152230982 -26.378222191534974 2.4
      vertex 47.469406879332055 -25.721740939043357 2.4
      vertex 47.469406879332055 -25.721740939043357 9.4
    endloop
  endfacet
  facet normal 0.9807852804032303 -0.19509032201612903 0
    outer loop
      vertex 47.469406879332055 -25.721740939043357 2.4
      vertex 47.60465776528119 -25.04178881876627 2.4
      vertex 47.469406879332055 -25.721740939043357 9.4
    endloop
  endfacet
  facet normal 0.9978589232386038 -0.06540312923013959 0
    outer loop
      vertex 47.60465776528119 -25.04178881876627 2.4
      vertex 47.64999999999999 -24.349999999999998 2.4
      vertex 47.64999999999999 -24.349999999999998 9.4
    endloop
  endfacet
  facet normal 0.06540312923014435 -0.9978589232386035 0
    outer loop
      vertex 42.349999999999994 -29.65 2.4
      vertex 43.04178881876627 -29.604657765281193 9.4
      vertex 42.349999999999994 -29.65 9.4
    endloop
  endfacet
  facet normal 0.19509032201612406 -0.9807852804032313 0
    outer loop
      vertex 43.72174093904336 -29.469406879332062 2.4
      vertex 43.72174093904336 -29.469406879332062 9.4
      vertex 43.04178881876627 -29.604657765281193 9.4
    endloop
  endfacet
  facet normal 0.321439465303164 -0.9469301294951048 0
    outer loop
      vertex 44.378222191534974 -29.24656152230982 2.4
      vertex 44.378222191534974 -29.24656152230982 9.4
      vertex 43.72174093904336 -29.469406879332062 9.4
    endloop
  endfacet
  facet normal 0.442288690219005 -0.8968727415326865 0
    outer loop
      vertex 44.99999999999999 -28.939934640057523 2.4
      vertex 44.99999999999999 -28.939934640057523 9.4
      vertex 44.378222191534974 -29.24656152230982 9.4
    endloop
  endfacet
  facet normal 0.5555702330195983 -0.8314696123025478 0
    outer loop
      vertex 45.57643557374622 -28.554772703543545 2.4
      vertex 45.57643557374622 -28.554772703543545 9.4
      vertex 44.99999999999999 -28.939934640057523 9.4
    endloop
  endfacet
  facet normal 0.6593458151000695 -0.7518398074789767 0
    outer loop
      vertex 45.57643557374622 -28.554772703543545 2.4
      vertex 46.0976659402887 -28.0976659402887 9.4
      vertex 45.57643557374622 -28.554772703543545 9.4
    endloop
  endfacet
  facet normal 0.7518398074789793 -0.6593458151000667 0
    outer loop
      vertex 46.55477270354354 -27.576435573746217 2.4
      vertex 46.55477270354354 -27.576435573746217 9.4
      vertex 46.0976659402887 -28.0976659402887 9.4
    endloop
  endfacet
  facet normal 0.8314696123025423 -0.5555702330196066 0
    outer loop
      vertex 46.55477270354354 -27.576435573746217 2.4
      vertex 46.93993464005752 -27 9.4
      vertex 46.55477270354354 -27.576435573746217 9.4
    endloop
  endfacet
  facet normal 0.8968727415326885 -0.44228869021900097 0
    outer loop
      vertex 47.24656152230982 -26.378222191534974 2.4
      vertex 47.24656152230982 -26.378222191534974 9.4
      vertex 46.93993464005752 -27 9.4
    endloop
  endfacet
  facet normal 0.9469301294951079 -0.32143946530315476 0
    outer loop
      vertex 47.24656152230982 -26.378222191534974 2.4
      vertex 47.469406879332055 -25.721740939043357 9.4
      vertex 47.24656152230982 -26.378222191534974 9.4
    endloop
  endfacet
  facet normal 0.9807852804032303 -0.19509032201612903 0
    outer loop
      vertex 47.60465776528119 -25.04178881876627 2.4
      vertex 47.60465776528119 -25.04178881876627 9.4
      vertex 47.469406879332055 -25.721740939043357 9.4
    endloop
  endfacet
  facet normal 0.9978589232386038 -0.06540312923013959 0
    outer loop
      vertex 47.60465776528119 -25.04178881876627 2.4
      vertex 47.64999999999999 -24.349999999999998 9.4
      vertex 47.60465776528119 -25.04178881876627 9.4
    endloop
  endfacet
  facet normal 0 0 1
    outer loop
      vertex 42.349999999999994 -29.65 9.4
      vertex 43.04178881876627 -29.604657765281193 9.4
      vertex 43.72174093904336 -29.469406879332062 9.4
    endloop
  endfacet
  facet normal 0 0 1
    outer loop
      vertex 42.349999999999994 -29.65 9.4
      vertex 43.72174093904336 -29.469406879332062 9.4
      vertex 44.99999999999999 -28.939934640057523 9.4
    endloop
  endfacet
  facet normal 0 0 1
    outer loop
      vertex 43.72174093904336 -29.469406879332062 9.4
      vertex 44.378222191534974 -29.24656152230982 9.4
      vertex 44.99999999999999 -28.939934640057523 9.4
    endloop
  endfacet
  facet normal 0 0 1
    outer loop
      vertex 42.35 -28.049999999999997 9.4
      vertex 44.99999999999999 -28.939934640057523 9.4
      vertex 42.832946911214194 -28.018345987083098 9.4
    endloop
  endfacet
  facet normal 0 0 1
    outer loop
      vertex 42.832946911214194 -28.018345987083098 9.4
      vertex 44.99999999999999 -28.939934640057523 9.4
      vertex 43.30763046687933 -27.923925557269552 9.4
    endloop
  endfacet
  facet normal 0 0 1
    outer loop
      vertex 43.30763046687933 -27.923925557269552 9.4
      vertex 44.99999999999999 -28.939934640057523 9.4
      vertex 43.76592869975083 -27.76835427029176 9.4
    endloop
  endfacet
  facet normal 0 0 1
    outer loop
      vertex 43.76592869975083 -27.76835427029176 9.4
      vertex 44.99999999999999 -28.939934640057523 9.4
      vertex 44.2 -27.55429399400242 9.4
    endloop
  endfacet
  facet normal 0 0 1
    outer loop
      vertex 44.2 -27.55429399400242 9.4
      vertex 44.99999999999999 -28.939934640057523 9.4
      vertex 44.602417287332266 -27.285407359077567 9.4
    endloop
  endfacet
  facet normal 0 0 1
    outer loop
      vertex 44.99999999999999 -28.939934640057523 9.4
      vertex 45.57643557374622 -28.554772703543545 9.4
      vertex 46.0976659402887 -28.0976659402887 9.4
    endloop
  endfacet
  facet normal 0 0 1
    outer loop
      vertex 44.99999999999999 -28.939934640057523 9.4
      vertex 46.0976659402887 -28.0976659402887 9.4
      vertex 46.93993464005752 -27 9.4
    endloop
  endfacet
  facet normal 0 0 1
    outer loop
      vertex 44.602417287332266 -27.285407359077567 9.4
      vertex 44.99999999999999 -28.939934640057523 9.4
      vertex 44.966295090390226 -26.966295090390226 9.4
    endloop
  endfacet
  facet normal 0 0 1
    outer loop
      vertex 44.99999999999999 -28.939934640057523 9.4
      vertex 45.285407359077574 -26.602417287332266 9.4
      vertex 44.966295090390226 -26.966295090390226 9.4
    endloop
  endfacet
  facet normal 0 0 1
    outer loop
      vertex 44.99999999999999 -28.939934640057523 9.4
      vertex 47.64999999999999 -24.349999999999998 9.4
      vertex 45.285407359077574 -26.602417287332266 9.4
    endloop
  endfacet
  facet normal 0 0 1
    outer loop
      vertex 46.0976659402887 -28.0976659402887 9.4
      vertex 46.55477270354354 -27.576435573746217 9.4
      vertex 46.93993464005752 -27 9.4
    endloop
  endfacet
  facet normal 0 0 1
    outer loop
      vertex 44.99999999999999 -28.939934640057523 9.4
      vertex 46.93993464005752 -27 9.4
      vertex 47.64999999999999 -24.349999999999998 9.4
    endloop
  endfacet
  facet normal 0 0 1
    outer loop
      vertex 46.93993464005752 -27 9.4
      vertex 47.24656152230982 -26.378222191534974 9.4
      vertex 47.469406879332055 -25.721740939043357 9.4
    endloop
  endfacet
  facet normal 0 0 1
    outer loop
      vertex 45.285407359077574 -26.602417287332266 9.4
      vertex 47.64999999999999 -24.349999999999998 9.4
      vertex 45.55429399400242 -26.2 9.4
    endloop
  endfacet
  facet normal 0 0 1
    outer loop
      vertex 45.55429399400242 -26.2 9.4
      vertex 47.64999999999999 -24.349999999999998 9.4
      vertex 45.768354270291766 -25.76592869975083 9.4
    endloop
  endfacet
  facet normal 0 0 1
    outer loop
      vertex 45.768354270291766 -25.76592869975083 9.4
      vertex 47.64999999999999 -24.349999999999998 9.4
      vertex 45.923925557269555 -25.307630466879324 9.4
    endloop
  endfacet
  facet normal 0 0 1
    outer loop
      vertex 46.93993464005752 -27 9.4
      vertex 47.469406879332055 -25.721740939043357 9.4
      vertex 47.64999999999999 -24.349999999999998 9.4
    endloop
  endfacet
  facet normal 0 0 1
    outer loop
      vertex 47.469406879332055 -25.721740939043357 9.4
      vertex 47.60465776528119 -25.04178881876627 9.4
      vertex 47.64999999999999 -24.349999999999998 9.4
    endloop
  endfacet
  facet normal 0 0 1
    outer loop
      vertex 45.923925557269555 -25.307630466879324 9.4
      vertex 47.64999999999999 -24.349999999999998 9.4
      vertex 46.0183459870831 -24.83294691121419 9.4
    endloop
  endfacet
  facet normal 0 0 1
    outer loop
      vertex 46.0183459870831 -24.83294691121419 9.4
      vertex 47.64999999999999 -24.349999999999998 9.4
      vertex 46.050000000000004 -24.349999999999998 9.4
    endloop
  endfacet
  facet normal 1 0 0
    outer loop
      vertex 47.64999999999999 -24.349999999999998 2.4
      vertex 47.64999999999999 24.349999999999998 2.4
      vertex 47.64999999999999 -24.349999999999998 9.4
    endloop
  endfacet
  facet normal 0 0 1
    outer loop
      vertex 46.050000000000004 -24.349999999999998 9.4
      vertex 47.64999999999999 -24.349999999999998 9.4
      vertex 47.64999999999999 24.349999999999998 9.4
    endloop
  endfacet
  facet normal 0 1 0
    outer loop
      vertex 42.349999999999994 29.65 2.4
      vertex -19 29.65 5.75
      vertex -19 29.65 9.4
    endloop
  endfacet
  facet normal 0 0 1
    outer loop
      vertex 42.349999999999994 29.65 9.4
      vertex -19 29.65 9.4
      vertex -19 28.049999999999997 9.4
    endloop
  endfacet
  facet normal 0 1 0
    outer loop
      vertex 42.349999999999994 29.65 2.4
      vertex -19 29.65 9.4
      vertex 42.349999999999994 29.65 9.4
    endloop
  endfacet
  facet normal 0 0 1
    outer loop
      vertex 42.35 28.049999999999997 9.4
      vertex 44.99999999999999 28.939934640057523 9.4
      vertex -19 28.049999999999997 9.4
    endloop
  endfacet
  facet normal 0 0 1
    outer loop
      vertex 42.349999999999994 29.65 9.4
      vertex -19 28.049999999999997 9.4
      vertex 44.99999999999999 28.939934640057523 9.4
    endloop
  endfacet
  facet normal 1 0 0
    outer loop
      vertex 47.64999999999999 -24.349999999999998 9.4
      vertex 47.64999999999999 24.349999999999998 2.4
      vertex 47.64999999999999 24.349999999999998 9.4
    endloop
  endfacet
  facet normal 0 0 1
    outer loop
      vertex 46.050000000000004 -24.349999999999998 9.4
      vertex 47.64999999999999 24.349999999999998 9.4
      vertex 46.050000000000004 24.349999999999998 9.4
    endloop
  endfacet
  facet normal 0.9978589232386038 0.06540312923013959 0
    outer loop
      vertex 47.64999999999999 24.349999999999998 2.4
      vertex 47.60465776528119 25.04178881876627 2.4
      vertex 47.60465776528119 25.04178881876627 9.4
    endloop
  endfacet
  facet normal 0.9807852804032303 0.19509032201612903 0
    outer loop
      vertex 47.60465776528119 25.04178881876627 2.4
      vertex 47.469406879332055 25.721740939043357 2.4
      vertex 47.60465776528119 25.04178881876627 9.4
    endloop
  endfacet
  facet normal 0.9469301294951079 0.32143946530315476 0
    outer loop
      vertex 47.469406879332055 25.721740939043357 2.4
      vertex 47.24656152230982 26.378222191534974 2.4
      vertex 47.469406879332055 25.721740939043357 9.4
    endloop
  endfacet
  facet normal 0.06540312923014435 0.9978589232386035 0
    outer loop
      vertex 42.349999999999994 29.65 2.4
      vertex 42.349999999999994 29.65 9.4
      vertex 43.04178881876627 29.604657765281193 2.4
    endloop
  endfacet
  facet normal 0.19509032201612406 0.9807852804032313 0
    outer loop
      vertex 43.04178881876627 29.604657765281193 2.4
      vertex 43.72174093904336 29.469406879332062 9.4
      vertex 43.72174093904336 29.469406879332062 2.4
    endloop
  endfacet
  facet normal 0.321439465303164 0.9469301294951048 0
    outer loop
      vertex 43.72174093904336 29.469406879332062 2.4
      vertex 43.72174093904336 29.469406879332062 9.4
      vertex 44.378222191534974 29.24656152230982 2.4
    endloop
  endfacet
  facet normal 0.8968727415326885 0.44228869021900097 0
    outer loop
      vertex 47.24656152230982 26.378222191534974 2.4
      vertex 46.93993464005752 27 2.4
      vertex 46.93993464005752 27 9.4
    endloop
  endfacet
  facet normal 0.7518398074789793 0.6593458151000667 0
    outer loop
      vertex 46.55477270354354 27.576435573746217 2.4
      vertex 46.0976659402887 28.0976659402887 2.4
      vertex 46.55477270354354 27.576435573746217 9.4
    endloop
  endfacet
  facet normal 0.8314696123025423 0.5555702330196066 0
    outer loop
      vertex 46.55477270354354 27.576435573746217 2.4
      vertex 46.55477270354354 27.576435573746217 9.4
      vertex 46.93993464005752 27 2.4
    endloop
  endfacet
  facet normal 0.6593458151000695 0.7518398074789767 0
    outer loop
      vertex 46.0976659402887 28.0976659402887 2.4
      vertex 45.57643557374622 28.554772703543545 2.4
      vertex 45.57643557374622 28.554772703543545 9.4
    endloop
  endfacet
  facet normal 0.442288690219005 0.8968727415326865 0
    outer loop
      vertex 44.378222191534974 29.24656152230982 2.4
      vertex 44.99999999999999 28.939934640057523 9.4
      vertex 44.99999999999999 28.939934640057523 2.4
    endloop
  endfacet
  facet normal 0.5555702330195983 0.8314696123025478 0
    outer loop
      vertex 45.57643557374622 28.554772703543545 2.4
      vertex 44.99999999999999 28.939934640057523 2.4
      vertex 44.99999999999999 28.939934640057523 9.4
    endloop
  endfacet
  facet normal 0.9978589232386038 0.06540312923013959 0
    outer loop
      vertex 47.64999999999999 24.349999999999998 2.4
      vertex 47.60465776528119 25.04178881876627 9.4
      vertex 47.64999999999999 24.349999999999998 9.4
    endloop
  endfacet
  facet normal 0.9807852804032303 0.19509032201612903 0
    outer loop
      vertex 47.469406879332055 25.721740939043357 2.4
      vertex 47.469406879332055 25.721740939043357 9.4
      vertex 47.60465776528119 25.04178881876627 9.4
    endloop
  endfacet
  facet normal 0.06540312923014435 0.9978589232386035 0
    outer loop
      vertex 43.04178881876627 29.604657765281193 2.4
      vertex 42.349999999999994 29.65 9.4
      vertex 43.04178881876627 29.604657765281193 9.4
    endloop
  endfacet
  facet normal 0.19509032201612406 0.9807852804032313 0
    outer loop
      vertex 43.04178881876627 29.604657765281193 2.4
      vertex 43.04178881876627 29.604657765281193 9.4
      vertex 43.72174093904336 29.469406879332062 9.4
    endloop
  endfacet
  facet normal 0.442288690219005 0.8968727415326865 0
    outer loop
      vertex 44.378222191534974 29.24656152230982 2.4
      vertex 44.378222191534974 29.24656152230982 9.4
      vertex 44.99999999999999 28.939934640057523 9.4
    endloop
  endfacet
  facet normal 0.321439465303164 0.9469301294951048 0
    outer loop
      vertex 44.378222191534974 29.24656152230982 2.4
      vertex 43.72174093904336 29.469406879332062 9.4
      vertex 44.378222191534974 29.24656152230982 9.4
    endloop
  endfacet
  facet normal 0.9469301294951079 0.32143946530315476 0
    outer loop
      vertex 47.24656152230982 26.378222191534974 2.4
      vertex 47.24656152230982 26.378222191534974 9.4
      vertex 47.469406879332055 25.721740939043357 9.4
    endloop
  endfacet
  facet normal 0.8968727415326885 0.44228869021900097 0
    outer loop
      vertex 47.24656152230982 26.378222191534974 2.4
      vertex 46.93993464005752 27 9.4
      vertex 47.24656152230982 26.378222191534974 9.4
    endloop
  endfacet
  facet normal 0.8314696123025423 0.5555702330196066 0
    outer loop
      vertex 46.93993464005752 27 2.4
      vertex 46.55477270354354 27.576435573746217 9.4
      vertex 46.93993464005752 27 9.4
    endloop
  endfacet
  facet normal 0.5555702330195983 0.8314696123025478 0
    outer loop
      vertex 45.57643557374622 28.554772703543545 2.4
      vertex 44.99999999999999 28.939934640057523 9.4
      vertex 45.57643557374622 28.554772703543545 9.4
    endloop
  endfacet
  facet normal 0.6593458151000695 0.7518398074789767 0
    outer loop
      vertex 46.0976659402887 28.0976659402887 2.4
      vertex 45.57643557374622 28.554772703543545 9.4
      vertex 46.0976659402887 28.0976659402887 9.4
    endloop
  endfacet
  facet normal 0.7518398074789793 0.6593458151000667 0
    outer loop
      vertex 46.0976659402887 28.0976659402887 2.4
      vertex 46.0976659402887 28.0976659402887 9.4
      vertex 46.55477270354354 27.576435573746217 9.4
    endloop
  endfacet
  facet normal 0 0 1
    outer loop
      vertex 46.050000000000004 24.349999999999998 9.4
      vertex 47.64999999999999 24.349999999999998 9.4
      vertex 46.0183459870831 24.83294691121419 9.4
    endloop
  endfacet
  facet normal 0 0 1
    outer loop
      vertex 46.0183459870831 24.83294691121419 9.4
      vertex 47.64999999999999 24.349999999999998 9.4
      vertex 45.923925557269555 25.307630466879324 9.4
    endloop
  endfacet
  facet normal 0 0 1
    outer loop
      vertex 45.923925557269555 25.307630466879324 9.4
      vertex 47.64999999999999 24.349999999999998 9.4
      vertex 45.768354270291766 25.76592869975083 9.4
    endloop
  endfacet
  facet normal 0 0 1
    outer loop
      vertex 45.768354270291766 25.76592869975083 9.4
      vertex 47.64999999999999 24.349999999999998 9.4
      vertex 45.55429399400242 26.2 9.4
    endloop
  endfacet
  facet normal 0 0 1
    outer loop
      vertex 47.64999999999999 24.349999999999998 9.4
      vertex 45.285407359077574 26.602417287332266 9.4
      vertex 45.55429399400242 26.2 9.4
    endloop
  endfacet
  facet normal 0 0 1
    outer loop
      vertex 47.64999999999999 24.349999999999998 9.4
      vertex 47.60465776528119 25.04178881876627 9.4
      vertex 47.469406879332055 25.721740939043357 9.4
    endloop
  endfacet
  facet normal 0 0 1
    outer loop
      vertex 42.349999999999994 29.65 9.4
      vertex 43.72174093904336 29.469406879332062 9.4
      vertex 43.04178881876627 29.604657765281193 9.4
    endloop
  endfacet
  facet normal 0 0 1
    outer loop
      vertex 42.35 28.049999999999997 9.4
      vertex 42.832946911214194 28.018345987083098 9.4
      vertex 44.99999999999999 28.939934640057523 9.4
    endloop
  endfacet
  facet normal 0 0 1
    outer loop
      vertex 42.832946911214194 28.018345987083098 9.4
      vertex 43.30763046687933 27.923925557269552 9.4
      vertex 44.99999999999999 28.939934640057523 9.4
    endloop
  endfacet
  facet normal 0 0 1
    outer loop
      vertex 43.76592869975083 27.76835427029176 9.4
      vertex 44.99999999999999 28.939934640057523 9.4
      vertex 43.30763046687933 27.923925557269552 9.4
    endloop
  endfacet
  facet normal 0 0 1
    outer loop
      vertex 44.602417287332266 27.285407359077567 9.4
      vertex 44.99999999999999 28.939934640057523 9.4
      vertex 44.2 27.55429399400242 9.4
    endloop
  endfacet
  facet normal 0 0 1
    outer loop
      vertex 43.76592869975083 27.76835427029176 9.4
      vertex 44.2 27.55429399400242 9.4
      vertex 44.99999999999999 28.939934640057523 9.4
    endloop
  endfacet
  facet normal 0 0 1
    outer loop
      vertex 42.349999999999994 29.65 9.4
      vertex 44.99999999999999 28.939934640057523 9.4
      vertex 43.72174093904336 29.469406879332062 9.4
    endloop
  endfacet
  facet normal 0 0 1
    outer loop
      vertex 43.72174093904336 29.469406879332062 9.4
      vertex 44.99999999999999 28.939934640057523 9.4
      vertex 44.378222191534974 29.24656152230982 9.4
    endloop
  endfacet
  facet normal 0 0 1
    outer loop
      vertex 47.64999999999999 24.349999999999998 9.4
      vertex 44.99999999999999 28.939934640057523 9.4
      vertex 45.285407359077574 26.602417287332266 9.4
    endloop
  endfacet
  facet normal 0 0 1
    outer loop
      vertex 44.602417287332266 27.285407359077567 9.4
      vertex 44.966295090390226 26.966295090390226 9.4
      vertex 44.99999999999999 28.939934640057523 9.4
    endloop
  endfacet
  facet normal 0 0 1
    outer loop
      vertex 45.285407359077574 26.602417287332266 9.4
      vertex 44.99999999999999 28.939934640057523 9.4
      vertex 44.966295090390226 26.966295090390226 9.4
    endloop
  endfacet
  facet normal 0 0 1
    outer loop
      vertex 47.64999999999999 24.349999999999998 9.4
      vertex 47.469406879332055 25.721740939043357 9.4
      vertex 44.99999999999999 28.939934640057523 9.4
    endloop
  endfacet
  facet normal 0 0 1
    outer loop
      vertex 47.469406879332055 25.721740939043357 9.4
      vertex 47.24656152230982 26.378222191534974 9.4
      vertex 46.93993464005752 27 9.4
    endloop
  endfacet
  facet normal 0 0 1
    outer loop
      vertex 47.469406879332055 25.721740939043357 9.4
      vertex 46.93993464005752 27 9.4
      vertex 46.55477270354354 27.576435573746217 9.4
    endloop
  endfacet
  facet normal 0 0 1
    outer loop
      vertex 47.469406879332055 25.721740939043357 9.4
      vertex 46.55477270354354 27.576435573746217 9.4
      vertex 44.99999999999999 28.939934640057523 9.4
    endloop
  endfacet
  facet normal 0 0 1
    outer loop
      vertex 46.55477270354354 27.576435573746217 9.4
      vertex 46.0976659402887 28.0976659402887 9.4
      vertex 44.99999999999999 28.939934640057523 9.4
    endloop
  endfacet
  facet normal 0 0 1
    outer loop
      vertex 46.0976659402887 28.0976659402887 9.4
      vertex 45.57643557374622 28.554772703543545 9.4
      vertex 44.99999999999999 28.939934640057523 9.4
    endloop
  endfacet
  facet normal 1 0 0
    outer loop
      vertex -46.050000000000004 -24.349999999999998 2.4
      vertex -46.050000000000004 -4.761052384440103 3.841548277252376
      vertex -46.050000000000004 -5.0176380902050415 3.8925863474218607
    endloop
  endfacet
  facet normal 1 0 0
    outer loop
      vertex -46.050000000000004 -24.349999999999998 2.4
      vertex -46.050000000000004 -4.5 3.824437999999997
      vertex -46.050000000000004 -4.761052384440103 3.841548277252376
    endloop
  endfacet
  facet normal 1 0 0
    outer loop
      vertex -46.050000000000004 -24.349999999999998 2.4
      vertex -46.050000000000004 -5.265366864730179 3.9766789349774236
      vertex -46.050000000000004 -5.5 4.09238719243112
    endloop
  endfacet
  facet normal 1 0 0
    outer loop
      vertex -46.050000000000004 -24.349999999999998 2.4
      vertex -46.050000000000004 -5.0176380902050415 3.8925863474218607
      vertex -46.050000000000004 -5.265366864730179 3.9766789349774236
    endloop
  endfacet
  facet normal 1 0 0
    outer loop
      vertex -46.050000000000004 -24.349999999999998 2.4
      vertex -46.050000000000004 -5.914213562373095 4.410224437626902
      vertex -46.050000000000004 -6.08670668058247 4.606915141982556
    endloop
  endfacet
  facet normal 1 0 0
    outer loop
      vertex -46.050000000000004 -24.349999999999998 2.4
      vertex -46.050000000000004 -5.5 4.09238719243112
      vertex -46.050000000000004 -5.717522858017441 4.237731319417527
    endloop
  endfacet
  facet normal 1 0 0
    outer loop
      vertex -46.050000000000004 -24.349999999999998 2.4
      vertex -46.050000000000004 -5.717522858017441 4.237731319417527
      vertex -46.050000000000004 -5.914213562373095 4.410224437626902
    endloop
  endfacet
  facet normal 1 0 0
    outer loop
      vertex -46.050000000000004 -24.349999999999998 2.4
      vertex -46.050000000000004 -6.08670668058247 4.606915141982556
      vertex -46.050000000000004 -6.232050807568877 4.824437999999997
    endloop
  endfacet
  facet normal 1 0 0
    outer loop
      vertex -46.050000000000004 -24.349999999999998 2.4
      vertex -46.050000000000004 -6.232050807568877 4.824437999999997
      vertex -46.050000000000004 -6.347759065022574 5.059071135269818
    endloop
  endfacet
  facet normal 1 0 0
    outer loop
      vertex -46.050000000000004 -24.349999999999998 2.4
      vertex -46.050000000000004 -6.347759065022574 5.059071135269818
      vertex -46.050000000000004 -6.431851652578136 5.306799909794956
    endloop
  endfacet
  facet normal 1 0 0
    outer loop
      vertex -46.050000000000004 -24.349999999999998 2.4
      vertex -46.050000000000004 -6.431851652578136 5.306799909794956
      vertex -46.050000000000004 -6.482889722747621 5.563385615559894
    endloop
  endfacet
  facet normal 1 0 0
    outer loop
      vertex -46.050000000000004 -24.349999999999998 2.4
      vertex -46.050000000000004 -6.482889722747621 5.563385615559894
      vertex -46.050000000000004 -6.5 5.824437999999997
    endloop
  endfacet
  facet normal 1 0 0
    outer loop
      vertex -46.050000000000004 -24.349999999999998 2.4
      vertex -46.050000000000004 24.349999999999998 2.4
      vertex -46.050000000000004 -4.5 3.824437999999997
    endloop
  endfacet
  facet normal 0 1 0
    outer loop
      vertex -42.35 -28.049999999999997 2.4
      vertex -29 -28.049999999999997 7.203277173140762
      vertex 42.35 -28.049999999999997 2.4
    endloop
  endfacet
  facet normal 0.6593458151000647 0.751839807478981 0
    outer loop
      vertex -44.966295090390226 -26.966295090390226 2.4
      vertex -44.966295090390226 -26.966295090390226 9.4
      vertex -44.602417287332266 -27.285407359077567 2.4
    endloop
  endfacet
  facet normal 0.8314696123025507 0.5555702330195941 0
    outer loop
      vertex -45.55429399400242 -26.2 2.4
      vertex -45.55429399400242 -26.2 9.4
      vertex -45.285407359077574 -26.602417287332266 2.4
    endloop
  endfacet
  facet normal 0.7518398074789737 0.6593458151000731 0
    outer loop
      vertex -44.966295090390226 -26.966295090390226 2.4
      vertex -45.285407359077574 -26.602417287332266 2.4
      vertex -45.285407359077574 -26.602417287332266 9.4
    endloop
  endfacet
  facet normal 0.3214394653031676 0.9469301294951036 0
    outer loop
      vertex -43.30763046687933 -27.923925557269552 2.4
      vertex -43.76592869975083 -27.76835427029176 2.4
      vertex -43.76592869975083 -27.76835427029176 9.4
    endloop
  endfacet
  facet normal 0.19509032201612794 0.9807852804032305 0
    outer loop
      vertex -43.30763046687933 -27.923925557269552 2.4
      vertex -43.30763046687933 -27.923925557269552 9.4
      vertex -42.832946911214194 -28.018345987083098 2.4
    endloop
  endfacet
  facet normal 0.06540312923013815 0.9978589232386038 0
    outer loop
      vertex -42.832946911214194 -28.018345987083098 2.4
      vertex -42.832946911214194 -28.018345987083098 9.4
      vertex -42.35 -28.049999999999997 2.4
    endloop
  endfacet
  facet normal 0.5555702330196076 0.8314696123025416 0
    outer loop
      vertex -44.2 -27.55429399400242 2.4
      vertex -44.602417287332266 -27.285407359077567 2.4
      vertex -44.602417287332266 -27.285407359077567 9.4
    endloop
  endfacet
  facet normal 0.4422886902189974 0.8968727415326901 0
    outer loop
      vertex -44.2 -27.55429399400242 2.4
      vertex -44.2 -27.55429399400242 9.4
      vertex -43.76592869975083 -27.76835427029176 2.4
    endloop
  endfacet
  facet normal 0.8968727415326829 0.4422886902190122 0
    outer loop
      vertex -45.55429399400242 -26.2 2.4
      vertex -45.768354270291766 -25.76592869975083 2.4
      vertex -45.768354270291766 -25.76592869975083 9.4
    endloop
  endfacet
  facet normal 0.9469301294951074 0.32143946530315654 0
    outer loop
      vertex -45.768354270291766 -25.76592869975083 2.4
      vertex -45.923925557269555 -25.307630466879324 2.4
      vertex -45.923925557269555 -25.307630466879324 9.4
    endloop
  endfacet
  facet normal 0.9807852804032302 0.19509032201612933 0
    outer loop
      vertex -45.923925557269555 -25.307630466879324 2.4
      vertex -46.0183459870831 -24.83294691121419 2.4
      vertex -46.0183459870831 -24.83294691121419 9.4
    endloop
  endfacet
  facet normal 0.9978589232386033 0.06540312923014546 0
    outer loop
      vertex -46.0183459870831 -24.83294691121419 2.4
      vertex -46.050000000000004 -24.349999999999998 2.4
      vertex -46.050000000000004 -24.349999999999998 9.4
    endloop
  endfacet
  facet normal 0 1 0
    outer loop
      vertex -42.35 -28.049999999999997 2.4
      vertex -42.35 -28.049999999999997 9.4
      vertex -29 -28.049999999999997 8.79672282685924
    endloop
  endfacet
  facet normal 1 0 0
    outer loop
      vertex -46.050000000000004 -24.349999999999998 2.4
      vertex -46.050000000000004 -6.5 5.824437999999997
      vertex -46.050000000000004 -24.349999999999998 9.4
    endloop
  endfacet
  facet normal 0 1 0
    outer loop
      vertex -42.35 -28.049999999999997 2.4
      vertex -29 -28.049999999999997 8.79672282685924
      vertex -29 -28.049999999999997 7.203277173140762
    endloop
  endfacet
  facet normal 0.6593458151000647 0.751839807478981 0
    outer loop
      vertex -44.602417287332266 -27.285407359077567 2.4
      vertex -44.966295090390226 -26.966295090390226 9.4
      vertex -44.602417287332266 -27.285407359077567 9.4
    endloop
  endfacet
  facet normal 0.8968727415326829 0.4422886902190122 0
    outer loop
      vertex -45.55429399400242 -26.2 2.4
      vertex -45.768354270291766 -25.76592869975083 9.4
      vertex -45.55429399400242 -26.2 9.4
    endloop
  endfacet
  facet normal 0.7518398074789737 0.6593458151000731 0
    outer loop
      vertex -44.966295090390226 -26.966295090390226 2.4
      vertex -45.285407359077574 -26.602417287332266 9.4
      vertex -44.966295090390226 -26.966295090390226 9.4
    endloop
  endfacet
  facet normal 0.8314696123025507 0.5555702330195941 0
    outer loop
      vertex -45.285407359077574 -26.602417287332266 2.4
      vertex -45.55429399400242 -26.2 9.4
      vertex -45.285407359077574 -26.602417287332266 9.4
    endloop
  endfacet
  facet normal 0.3214394653031676 0.9469301294951036 0
    outer loop
      vertex -43.30763046687933 -27.923925557269552 2.4
      vertex -43.76592869975083 -27.76835427029176 9.4
      vertex -43.30763046687933 -27.923925557269552 9.4
    endloop
  endfacet
  facet normal 0.19509032201612794 0.9807852804032305 0
    outer loop
      vertex -42.832946911214194 -28.018345987083098 2.4
      vertex -43.30763046687933 -27.923925557269552 9.4
      vertex -42.832946911214194 -28.018345987083098 9.4
    endloop
  endfacet
  facet normal 0.06540312923013815 0.9978589232386038 0
    outer loop
      vertex -42.35 -28.049999999999997 2.4
      vertex -42.832946911214194 -28.018345987083098 9.4
      vertex -42.35 -28.049999999999997 9.4
    endloop
  endfacet
  facet normal 0.5555702330196076 0.8314696123025416 0
    outer loop
      vertex -44.2 -27.55429399400242 2.4
      vertex -44.602417287332266 -27.285407359077567 9.4
      vertex -44.2 -27.55429399400242 9.4
    endloop
  endfacet
  facet normal 0.4422886902189974 0.8968727415326901 0
    outer loop
      vertex -43.76592869975083 -27.76835427029176 2.4
      vertex -44.2 -27.55429399400242 9.4
      vertex -43.76592869975083 -27.76835427029176 9.4
    endloop
  endfacet
  facet normal 0.9469301294951074 0.32143946530315654 0
    outer loop
      vertex -45.768354270291766 -25.76592869975083 2.4
      vertex -45.923925557269555 -25.307630466879324 9.4
      vertex -45.768354270291766 -25.76592869975083 9.4
    endloop
  endfacet
  facet normal 0.9807852804032302 0.19509032201612933 0
    outer loop
      vertex -45.923925557269555 -25.307630466879324 2.4
      vertex -46.0183459870831 -24.83294691121419 9.4
      vertex -45.923925557269555 -25.307630466879324 9.4
    endloop
  endfacet
  facet normal 0.9978589232386033 0.06540312923014546 0
    outer loop
      vertex -46.0183459870831 -24.83294691121419 2.4
      vertex -46.050000000000004 -24.349999999999998 9.4
      vertex -46.0183459870831 -24.83294691121419 9.4
    endloop
  endfacet
  facet normal 0 1 0
    outer loop
      vertex -42.35 -28.049999999999997 9.4
      vertex -21 -28.049999999999997 8.79672282685924
      vertex -29 -28.049999999999997 8.79672282685924
    endloop
  endfacet
  facet normal 1 0 0
    outer loop
      vertex -46.050000000000004 -24.349999999999998 9.4
      vertex -46.050000000000004 -6.5 5.824437999999997
      vertex -46.050000000000004 -6.5 9.4
    endloop
  endfacet
  facet normal 0 1 0
    outer loop
      vertex -29 -28.049999999999997 7.203277173140762
      vertex -21 -28.049999999999997 7.203277173140762
      vertex 42.35 -28.049999999999997 2.4
    endloop
  endfacet
  facet normal 0 1 0
    outer loop
      vertex -42.35 -28.049999999999997 9.4
      vertex 21 -28.049999999999997 8.79672282685924
      vertex -21 -28.049999999999997 8.79672282685924
    endloop
  endfacet
  facet normal 1 0 0
    outer loop
      vertex -46.050000000000004 24.349999999999998 2.4
      vertex -46.050000000000004 4.5 3.824437999999997
      vertex -46.050000000000004 -4.5 3.824437999999997
    endloop
  endfacet
  facet normal 1 0 0
    outer loop
      vertex -46.050000000000004 24.349999999999998 2.4
      vertex -46.050000000000004 4.761052384440103 3.841548277252376
      vertex -46.050000000000004 4.5 3.824437999999997
    endloop
  endfacet
  facet normal 1 0 0
    outer loop
      vertex -46.050000000000004 24.349999999999998 2.4
      vertex -46.050000000000004 5.0176380902050415 3.8925863474218607
      vertex -46.050000000000004 4.761052384440103 3.841548277252376
    endloop
  endfacet
  facet normal 1 0 0
    outer loop
      vertex -46.050000000000004 24.349999999999998 2.4
      vertex -46.050000000000004 5.265366864730179 3.9766789349774236
      vertex -46.050000000000004 5.0176380902050415 3.8925863474218607
    endloop
  endfacet
  facet normal 1 0 0
    outer loop
      vertex -46.050000000000004 24.349999999999998 2.4
      vertex -46.050000000000004 5.5 4.09238719243112
      vertex -46.050000000000004 5.265366864730179 3.9766789349774236
    endloop
  endfacet
  facet normal 1 0 0
    outer loop
      vertex -46.050000000000004 24.349999999999998 2.4
      vertex -46.050000000000004 5.717522858017441 4.237731319417527
      vertex -46.050000000000004 5.5 4.09238719243112
    endloop
  endfacet
  facet normal 1 0 0
    outer loop
      vertex -46.050000000000004 24.349999999999998 2.4
      vertex -46.050000000000004 5.914213562373095 4.410224437626902
      vertex -46.050000000000004 5.717522858017441 4.237731319417527
    endloop
  endfacet
  facet normal 1 0 0
    outer loop
      vertex -46.050000000000004 24.349999999999998 2.4
      vertex -46.050000000000004 6.08670668058247 4.606915141982556
      vertex -46.050000000000004 5.914213562373095 4.410224437626902
    endloop
  endfacet
  facet normal 1 0 0
    outer loop
      vertex -46.050000000000004 24.349999999999998 2.4
      vertex -46.050000000000004 6.232050807568877 4.824437999999997
      vertex -46.050000000000004 6.08670668058247 4.606915141982556
    endloop
  endfacet
  facet normal 1 0 0
    outer loop
      vertex -46.050000000000004 24.349999999999998 2.4
      vertex -46.050000000000004 6.347759065022574 5.059071135269818
      vertex -46.050000000000004 6.232050807568877 4.824437999999997
    endloop
  endfacet
  facet normal 1 0 0
    outer loop
      vertex -46.050000000000004 24.349999999999998 2.4
      vertex -46.050000000000004 6.431851652578136 5.306799909794956
      vertex -46.050000000000004 6.347759065022574 5.059071135269818
    endloop
  endfacet
  facet normal 1 0 0
    outer loop
      vertex -46.050000000000004 24.349999999999998 2.4
      vertex -46.050000000000004 6.482889722747621 5.563385615559894
      vertex -46.050000000000004 6.431851652578136 5.306799909794956
    endloop
  endfacet
  facet normal 1 0 0
    outer loop
      vertex -46.050000000000004 24.349999999999998 2.4
      vertex -46.050000000000004 6.5 5.824437999999997
      vertex -46.050000000000004 6.482889722747621 5.563385615559894
    endloop
  endfacet
  facet normal 0 -1 0
    outer loop
      vertex -42.35 28.049999999999997 2.4
      vertex -19 28.049999999999997 5.75
      vertex -31 28.049999999999997 5.75
    endloop
  endfacet
  facet normal 1 0 0
    outer loop
      vertex -46.050000000000004 24.349999999999998 9.4
      vertex -46.050000000000004 6.5 9.4
      vertex -46.050000000000004 6.5 5.824437999999997
    endloop
  endfacet
  facet normal 1 0 0
    outer loop
      vertex -46.050000000000004 24.349999999999998 2.4
      vertex -46.050000000000004 24.349999999999998 9.4
      vertex -46.050000000000004 6.5 5.824437999999997
    endloop
  endfacet
  facet normal 0.9978589232386033 -0.06540312923014546 0
    outer loop
      vertex -46.050000000000004 24.349999999999998 2.4
      vertex -46.0183459870831 24.83294691121419 2.4
      vertex -46.0183459870831 24.83294691121419 9.4
    endloop
  endfacet
  facet normal 0.9807852804032302 -0.19509032201612933 0
    outer loop
      vertex -46.0183459870831 24.83294691121419 2.4
      vertex -45.923925557269555 25.307630466879324 2.4
      vertex -45.923925557269555 25.307630466879324 9.4
    endloop
  endfacet
  facet normal 0.9469301294951074 -0.32143946530315654 0
    outer loop
      vertex -45.923925557269555 25.307630466879324 2.4
      vertex -45.768354270291766 25.76592869975083 2.4
      vertex -45.768354270291766 25.76592869975083 9.4
    endloop
  endfacet
  facet normal 0.8968727415326829 -0.4422886902190122 0
    outer loop
      vertex -45.768354270291766 25.76592869975083 2.4
      vertex -45.55429399400242 26.2 2.4
      vertex -45.55429399400242 26.2 9.4
    endloop
  endfacet
  facet normal 0.8314696123025507 -0.5555702330195941 0
    outer loop
      vertex -45.55429399400242 26.2 2.4
      vertex -45.285407359077574 26.602417287332266 2.4
      vertex -45.285407359077574 26.602417287332266 9.4
    endloop
  endfacet
  facet normal 0.7518398074789737 -0.6593458151000731 0
    outer loop
      vertex -45.285407359077574 26.602417287332266 2.4
      vertex -44.966295090390226 26.966295090390226 2.4
      vertex -44.966295090390226 26.966295090390226 9.4
    endloop
  endfacet
  facet normal 0.6593458151000647 -0.751839807478981 0
    outer loop
      vertex -44.966295090390226 26.966295090390226 2.4
      vertex -44.602417287332266 27.285407359077567 2.4
      vertex -44.602417287332266 27.285407359077567 9.4
    endloop
  endfacet
  facet normal 0.5555702330196076 -0.8314696123025416 0
    outer loop
      vertex -44.602417287332266 27.285407359077567 2.4
      vertex -44.2 27.55429399400242 2.4
      vertex -44.2 27.55429399400242 9.4
    endloop
  endfacet
  facet normal 0.4422886902189974 -0.8968727415326901 0
    outer loop
      vertex -44.2 27.55429399400242 2.4
      vertex -43.76592869975083 27.76835427029176 2.4
      vertex -43.76592869975083 27.76835427029176 9.4
    endloop
  endfacet
  facet normal 0.3214394653031676 -0.9469301294951036 0
    outer loop
      vertex -43.76592869975083 27.76835427029176 2.4
      vertex -43.30763046687933 27.923925557269552 2.4
      vertex -43.30763046687933 27.923925557269552 9.4
    endloop
  endfacet
  facet normal 0.19509032201612794 -0.9807852804032305 0
    outer loop
      vertex -43.30763046687933 27.923925557269552 2.4
      vertex -42.832946911214194 28.018345987083098 2.4
      vertex -42.832946911214194 28.018345987083098 9.4
    endloop
  endfacet
  facet normal 0.06540312923013815 -0.9978589232386038 0
    outer loop
      vertex -42.832946911214194 28.018345987083098 2.4
      vertex -42.35 28.049999999999997 2.4
      vertex -42.35 28.049999999999997 9.4
    endloop
  endfacet
  facet normal 0 -1 0
    outer loop
      vertex -42.35 28.049999999999997 2.4
      vertex -31 28.049999999999997 5.75
      vertex -31 28.049999999999997 9.4
    endloop
  endfacet
  facet normal 0.9978589232386033 -0.06540312923014546 0
    outer loop
      vertex -46.050000000000004 24.349999999999998 2.4
      vertex -46.0183459870831 24.83294691121419 9.4
      vertex -46.050000000000004 24.349999999999998 9.4
    endloop
  endfacet
  facet normal 0.9807852804032302 -0.19509032201612933 0
    outer loop
      vertex -46.0183459870831 24.83294691121419 2.4
      vertex -45.923925557269555 25.307630466879324 9.4
      vertex -46.0183459870831 24.83294691121419 9.4
    endloop
  endfacet
  facet normal 0.9469301294951074 -0.32143946530315654 0
    outer loop
      vertex -45.923925557269555 25.307630466879324 2.4
      vertex -45.768354270291766 25.76592869975083 9.4
      vertex -45.923925557269555 25.307630466879324 9.4
    endloop
  endfacet
  facet normal 0.8968727415326829 -0.4422886902190122 0
    outer loop
      vertex -45.768354270291766 25.76592869975083 2.4
      vertex -45.55429399400242 26.2 9.4
      vertex -45.768354270291766 25.76592869975083 9.4
    endloop
  endfacet
  facet normal 0.8314696123025507 -0.5555702330195941 0
    outer loop
      vertex -45.55429399400242 26.2 2.4
      vertex -45.285407359077574 26.602417287332266 9.4
      vertex -45.55429399400242 26.2 9.4
    endloop
  endfacet
  facet normal 0.7518398074789737 -0.6593458151000731 0
    outer loop
      vertex -45.285407359077574 26.602417287332266 2.4
      vertex -44.966295090390226 26.966295090390226 9.4
      vertex -45.285407359077574 26.602417287332266 9.4
    endloop
  endfacet
  facet normal 0.6593458151000647 -0.751839807478981 0
    outer loop
      vertex -44.966295090390226 26.966295090390226 2.4
      vertex -44.602417287332266 27.285407359077567 9.4
      vertex -44.966295090390226 26.966295090390226 9.4
    endloop
  endfacet
  facet normal 0.5555702330196076 -0.8314696123025416 0
    outer loop
      vertex -44.602417287332266 27.285407359077567 2.4
      vertex -44.2 27.55429399400242 9.4
      vertex -44.602417287332266 27.285407359077567 9.4
    endloop
  endfacet
  facet normal 0.4422886902189974 -0.8968727415326901 0
    outer loop
      vertex -44.2 27.55429399400242 2.4
      vertex -43.76592869975083 27.76835427029176 9.4
      vertex -44.2 27.55429399400242 9.4
    endloop
  endfacet
  facet normal 0.3214394653031676 -0.9469301294951036 0
    outer loop
      vertex -43.76592869975083 27.76835427029176 2.4
      vertex -43.30763046687933 27.923925557269552 9.4
      vertex -43.76592869975083 27.76835427029176 9.4
    endloop
  endfacet
  facet normal 0.19509032201612794 -0.9807852804032305 0
    outer loop
      vertex -43.30763046687933 27.923925557269552 2.4
      vertex -42.832946911214194 28.018345987083098 9.4
      vertex -43.30763046687933 27.923925557269552 9.4
    endloop
  endfacet
  facet normal 0.06540312923013815 -0.9978589232386038 0
    outer loop
      vertex -42.832946911214194 28.018345987083098 2.4
      vertex -42.35 28.049999999999997 9.4
      vertex -42.832946911214194 28.018345987083098 9.4
    endloop
  endfacet
  facet normal 0 -1 0
    outer loop
      vertex -42.35 28.049999999999997 2.4
      vertex -31 28.049999999999997 9.4
      vertex -42.35 28.049999999999997 9.4
    endloop
  endfacet
  facet normal 0 -1 0
    outer loop
      vertex -42.35 28.049999999999997 2.4
      vertex -4 28.049999999999997 7.203277173140762
      vertex -19 28.049999999999997 5.75
    endloop
  endfacet
  facet normal 0 -1 0
    outer loop
      vertex -42.35 28.049999999999997 2.4
      vertex 4 28.049999999999997 7.203277173140762
      vertex -4 28.049999999999997 7.203277173140762
    endloop
  endfacet
  facet normal 0 -1 0
    outer loop
      vertex -42.35 28.049999999999997 2.4
      vertex 21 28.049999999999997 8.79672282685924
      vertex 4 28.049999999999997 7.203277173140762
    endloop
  endfacet
  facet normal 0 -1 0
    outer loop
      vertex -42.35 28.049999999999997 2.4
      vertex 21 28.049999999999997 7.203277173140762
      vertex 21 28.049999999999997 8.79672282685924
    endloop
  endfacet
  facet normal 0 -1 0
    outer loop
      vertex -4 28.049999999999997 8.79672282685924
      vertex -19 28.049999999999997 9.4
      vertex -19 28.049999999999997 5.75
    endloop
  endfacet
  facet normal 0 -1 0
    outer loop
      vertex -4 28.049999999999997 7.203277173140762
      vertex -4 28.049999999999997 8.79672282685924
      vertex -19 28.049999999999997 5.75
    endloop
  endfacet
  facet normal 0 1 0
    outer loop
      vertex -21 -28.049999999999997 7.203277173140762
      vertex -21 -28.049999999999997 8.79672282685924
      vertex 42.35 -28.049999999999997 2.4
    endloop
  endfacet
  facet normal 0 1 0
    outer loop
      vertex -21 -28.049999999999997 8.79672282685924
      vertex 21 -28.049999999999997 7.203277173140762
      vertex 42.35 -28.049999999999997 2.4
    endloop
  endfacet
  facet normal 0 1 0
    outer loop
      vertex -42.35 -28.049999999999997 9.4
      vertex 29 -28.049999999999997 8.79672282685924
      vertex 21 -28.049999999999997 8.79672282685924
    endloop
  endfacet
  facet normal 0 1 0
    outer loop
      vertex -21 -28.049999999999997 8.79672282685924
      vertex 21 -28.049999999999997 8.79672282685924
      vertex 21 -28.049999999999997 7.203277173140762
    endloop
  endfacet
  facet normal 0 1 0
    outer loop
      vertex -42.35 -28.049999999999997 9.4
      vertex 42.35 -28.049999999999997 9.4
      vertex 29 -28.049999999999997 8.79672282685924
    endloop
  endfacet
  facet normal 0 1 0
    outer loop
      vertex 42.35 -28.049999999999997 2.4
      vertex 21 -28.049999999999997 7.203277173140762
      vertex 29 -28.049999999999997 7.203277173140762
    endloop
  endfacet
  facet normal -0.06540312923013815 0.9978589232386038 0
    outer loop
      vertex 42.35 -28.049999999999997 2.4
      vertex 42.35 -28.049999999999997 9.4
      vertex 42.832946911214194 -28.018345987083098 2.4
    endloop
  endfacet
  facet normal -0.19509032201612794 0.9807852804032305 0
    outer loop
      vertex 42.832946911214194 -28.018345987083098 2.4
      vertex 42.832946911214194 -28.018345987083098 9.4
      vertex 43.30763046687933 -27.923925557269552 2.4
    endloop
  endfacet
  facet normal -0.3214394653031676 0.9469301294951036 0
    outer loop
      vertex 43.30763046687933 -27.923925557269552 2.4
      vertex 43.30763046687933 -27.923925557269552 9.4
      vertex 43.76592869975083 -27.76835427029176 2.4
    endloop
  endfacet
  facet normal -0.4422886902189974 0.8968727415326901 0
    outer loop
      vertex 43.76592869975083 -27.76835427029176 2.4
      vertex 43.76592869975083 -27.76835427029176 9.4
      vertex 44.2 -27.55429399400242 2.4
    endloop
  endfacet
  facet normal -0.5555702330196076 0.8314696123025416 0
    outer loop
      vertex 44.2 -27.55429399400242 2.4
      vertex 44.2 -27.55429399400242 9.4
      vertex 44.602417287332266 -27.285407359077567 2.4
    endloop
  endfacet
  facet normal -0.6593458151000647 0.751839807478981 0
    outer loop
      vertex 44.602417287332266 -27.285407359077567 2.4
      vertex 44.602417287332266 -27.285407359077567 9.4
      vertex 44.966295090390226 -26.966295090390226 2.4
    endloop
  endfacet
  facet normal -0.7518398074789737 0.6593458151000731 0
    outer loop
      vertex 44.966295090390226 -26.966295090390226 2.4
      vertex 44.966295090390226 -26.966295090390226 9.4
      vertex 45.285407359077574 -26.602417287332266 2.4
    endloop
  endfacet
  facet normal -0.8314696123025507 0.5555702330195941 0
    outer loop
      vertex 45.285407359077574 -26.602417287332266 2.4
      vertex 45.285407359077574 -26.602417287332266 9.4
      vertex 45.55429399400242 -26.2 2.4
    endloop
  endfacet
  facet normal -0.8968727415326829 0.4422886902190122 0
    outer loop
      vertex 45.55429399400242 -26.2 2.4
      vertex 45.55429399400242 -26.2 9.4
      vertex 45.768354270291766 -25.76592869975083 2.4
    endloop
  endfacet
  facet normal -0.9469301294951074 0.32143946530315654 0
    outer loop
      vertex 45.768354270291766 -25.76592869975083 2.4
      vertex 45.768354270291766 -25.76592869975083 9.4
      vertex 45.923925557269555 -25.307630466879324 2.4
    endloop
  endfacet
  facet normal -0.9807852804032302 0.19509032201612933 0
    outer loop
      vertex 45.923925557269555 -25.307630466879324 2.4
      vertex 45.923925557269555 -25.307630466879324 9.4
      vertex 46.0183459870831 -24.83294691121419 2.4
    endloop
  endfacet
  facet normal -0.9978589232386033 0.06540312923014546 0
    outer loop
      vertex 46.0183459870831 -24.83294691121419 2.4
      vertex 46.0183459870831 -24.83294691121419 9.4
      vertex 46.050000000000004 -24.349999999999998 2.4
    endloop
  endfacet
  facet normal 0 1 0
    outer loop
      vertex 42.35 -28.049999999999997 2.4
      vertex 29 -28.049999999999997 7.203277173140762
      vertex 42.35 -28.049999999999997 9.4
    endloop
  endfacet
  facet normal 0 1 0
    outer loop
      vertex 29 -28.049999999999997 7.203277173140762
      vertex 29 -28.049999999999997 8.79672282685924
      vertex 42.35 -28.049999999999997 9.4
    endloop
  endfacet
  facet normal -0.06540312923013815 0.9978589232386038 0
    outer loop
      vertex 42.832946911214194 -28.018345987083098 2.4
      vertex 42.35 -28.049999999999997 9.4
      vertex 42.832946911214194 -28.018345987083098 9.4
    endloop
  endfacet
  facet normal -0.19509032201612794 0.9807852804032305 0
    outer loop
      vertex 43.30763046687933 -27.923925557269552 2.4
      vertex 42.832946911214194 -28.018345987083098 9.4
      vertex 43.30763046687933 -27.923925557269552 9.4
    endloop
  endfacet
  facet normal -0.3214394653031676 0.9469301294951036 0
    outer loop
      vertex 43.76592869975083 -27.76835427029176 2.4
      vertex 43.30763046687933 -27.923925557269552 9.4
      vertex 43.76592869975083 -27.76835427029176 9.4
    endloop
  endfacet
  facet normal -0.4422886902189974 0.8968727415326901 0
    outer loop
      vertex 44.2 -27.55429399400242 2.4
      vertex 43.76592869975083 -27.76835427029176 9.4
      vertex 44.2 -27.55429399400242 9.4
    endloop
  endfacet
  facet normal -0.5555702330196076 0.8314696123025416 0
    outer loop
      vertex 44.602417287332266 -27.285407359077567 2.4
      vertex 44.2 -27.55429399400242 9.4
      vertex 44.602417287332266 -27.285407359077567 9.4
    endloop
  endfacet
  facet normal -0.6593458151000647 0.751839807478981 0
    outer loop
      vertex 44.966295090390226 -26.966295090390226 2.4
      vertex 44.602417287332266 -27.285407359077567 9.4
      vertex 44.966295090390226 -26.966295090390226 9.4
    endloop
  endfacet
  facet normal -0.7518398074789737 0.6593458151000731 0
    outer loop
      vertex 45.285407359077574 -26.602417287332266 2.4
      vertex 44.966295090390226 -26.966295090390226 9.4
      vertex 45.285407359077574 -26.602417287332266 9.4
    endloop
  endfacet
  facet normal -0.8314696123025507 0.5555702330195941 0
    outer loop
      vertex 45.55429399400242 -26.2 2.4
      vertex 45.285407359077574 -26.602417287332266 9.4
      vertex 45.55429399400242 -26.2 9.4
    endloop
  endfacet
  facet normal -0.8968727415326829 0.4422886902190122 0
    outer loop
      vertex 45.768354270291766 -25.76592869975083 2.4
      vertex 45.55429399400242 -26.2 9.4
      vertex 45.768354270291766 -25.76592869975083 9.4
    endloop
  endfacet
  facet normal -0.9469301294951074 0.32143946530315654 0
    outer loop
      vertex 45.923925557269555 -25.307630466879324 2.4
      vertex 45.768354270291766 -25.76592869975083 9.4
      vertex 45.923925557269555 -25.307630466879324 9.4
    endloop
  endfacet
  facet normal -0.9807852804032302 0.19509032201612933 0
    outer loop
      vertex 46.0183459870831 -24.83294691121419 2.4
      vertex 45.923925557269555 -25.307630466879324 9.4
      vertex 46.0183459870831 -24.83294691121419 9.4
    endloop
  endfacet
  facet normal -0.9978589232386033 0.06540312923014546 0
    outer loop
      vertex 46.050000000000004 -24.349999999999998 2.4
      vertex 46.0183459870831 -24.83294691121419 9.4
      vertex 46.050000000000004 -24.349999999999998 9.4
    endloop
  endfacet
  facet normal -1 0 0
    outer loop
      vertex 46.050000000000004 -24.349999999999998 2.4
      vertex 46.050000000000004 -24.349999999999998 9.4
      vertex 46.050000000000004 24.349999999999998 2.4
    endloop
  endfacet
  facet normal 0 -1 0
    outer loop
      vertex -42.35 28.049999999999997 2.4
      vertex 42.35 28.049999999999997 2.4
      vertex 29 28.049999999999997 7.203277173140762
    endloop
  endfacet
  facet normal 0 -1 0
    outer loop
      vertex -42.35 28.049999999999997 2.4
      vertex 29 28.049999999999997 7.203277173140762
      vertex 21 28.049999999999997 7.203277173140762
    endloop
  endfacet
  facet normal 0 -1 0
    outer loop
      vertex 4 28.049999999999997 7.203277173140762
      vertex 21 28.049999999999997 8.79672282685924
      vertex 4 28.049999999999997 8.79672282685924
    endloop
  endfacet
  facet normal 0 -1 0
    outer loop
      vertex -4 28.049999999999997 8.79672282685924
      vertex 42.35 28.049999999999997 9.4
      vertex -19 28.049999999999997 9.4
    endloop
  endfacet
  facet normal 0 -1 0
    outer loop
      vertex -4 28.049999999999997 8.79672282685924
      vertex 4 28.049999999999997 8.79672282685924
      vertex 42.35 28.049999999999997 9.4
    endloop
  endfacet
  facet normal 0 -1 0
    outer loop
      vertex 4 28.049999999999997 8.79672282685924
      vertex 21 28.049999999999997 8.79672282685924
      vertex 42.35 28.049999999999997 9.4
    endloop
  endfacet
  facet normal -1 0 0
    outer loop
      vertex 46.050000000000004 -24.349999999999998 9.4
      vertex 46.050000000000004 24.349999999999998 9.4
      vertex 46.050000000000004 24.349999999999998 2.4
    endloop
  endfacet
  facet normal 0 -1 0
    outer loop
      vertex 42.35 28.049999999999997 2.4
      vertex 29 28.049999999999997 8.79672282685924
      vertex 29 28.049999999999997 7.203277173140762
    endloop
  endfacet
  facet normal -0.9978589232386033 -0.06540312923014546 0
    outer loop
      vertex 46.050000000000004 24.349999999999998 2.4
      vertex 46.050000000000004 24.349999999999998 9.4
      vertex 46.0183459870831 24.83294691121419 2.4
    endloop
  endfacet
  facet normal -0.9807852804032302 -0.19509032201612933 0
    outer loop
      vertex 46.0183459870831 24.83294691121419 2.4
      vertex 46.0183459870831 24.83294691121419 9.4
      vertex 45.923925557269555 25.307630466879324 2.4
    endloop
  endfacet
  facet normal -0.9469301294951074 -0.32143946530315654 0
    outer loop
      vertex 45.923925557269555 25.307630466879324 2.4
      vertex 45.923925557269555 25.307630466879324 9.4
      vertex 45.768354270291766 25.76592869975083 2.4
    endloop
  endfacet
  facet normal -0.8968727415326829 -0.4422886902190122 0
    outer loop
      vertex 45.768354270291766 25.76592869975083 2.4
      vertex 45.768354270291766 25.76592869975083 9.4
      vertex 45.55429399400242 26.2 2.4
    endloop
  endfacet
  facet normal -0.4422886902189974 -0.8968727415326901 0
    outer loop
      vertex 43.76592869975083 27.76835427029176 2.4
      vertex 44.2 27.55429399400242 2.4
      vertex 44.2 27.55429399400242 9.4
    endloop
  endfacet
  facet normal -0.5555702330196076 -0.8314696123025416 0
    outer loop
      vertex 44.602417287332266 27.285407359077567 2.4
      vertex 44.602417287332266 27.285407359077567 9.4
      vertex 44.2 27.55429399400242 2.4
    endloop
  endfacet
  facet normal -0.06540312923013815 -0.9978589232386038 0
    outer loop
      vertex 42.35 28.049999999999997 2.4
      vertex 42.832946911214194 28.018345987083098 2.4
      vertex 42.832946911214194 28.018345987083098 9.4
    endloop
  endfacet
  facet normal -0.19509032201612794 -0.9807852804032305 0
    outer loop
      vertex 42.832946911214194 28.018345987083098 2.4
      vertex 43.30763046687933 27.923925557269552 2.4
      vertex 43.30763046687933 27.923925557269552 9.4
    endloop
  endfacet
  facet normal -0.3214394653031676 -0.9469301294951036 0
    outer loop
      vertex 43.76592869975083 27.76835427029176 2.4
      vertex 43.76592869975083 27.76835427029176 9.4
      vertex 43.30763046687933 27.923925557269552 2.4
    endloop
  endfacet
  facet normal -0.7518398074789737 -0.6593458151000731 0
    outer loop
      vertex 45.285407359077574 26.602417287332266 2.4
      vertex 45.285407359077574 26.602417287332266 9.4
      vertex 44.966295090390226 26.966295090390226 2.4
    endloop
  endfacet
  facet normal -0.8314696123025507 -0.5555702330195941 0
    outer loop
      vertex 45.285407359077574 26.602417287332266 2.4
      vertex 45.55429399400242 26.2 2.4
      vertex 45.55429399400242 26.2 9.4
    endloop
  endfacet
  facet normal -0.6593458151000647 -0.751839807478981 0
    outer loop
      vertex 44.602417287332266 27.285407359077567 2.4
      vertex 44.966295090390226 26.966295090390226 2.4
      vertex 44.966295090390226 26.966295090390226 9.4
    endloop
  endfacet
  facet normal 0 -1 0
    outer loop
      vertex 42.35 28.049999999999997 2.4
      vertex 42.35 28.049999999999997 9.4
      vertex 29 28.049999999999997 8.79672282685924
    endloop
  endfacet
  facet normal 0 -1 0
    outer loop
      vertex 21 28.049999999999997 8.79672282685924
      vertex 29 28.049999999999997 8.79672282685924
      vertex 42.35 28.049999999999997 9.4
    endloop
  endfacet
  facet normal -0.9978589232386033 -0.06540312923014546 0
    outer loop
      vertex 46.0183459870831 24.83294691121419 2.4
      vertex 46.050000000000004 24.349999999999998 9.4
      vertex 46.0183459870831 24.83294691121419 9.4
    endloop
  endfacet
  facet normal -0.9807852804032302 -0.19509032201612933 0
    outer loop
      vertex 45.923925557269555 25.307630466879324 2.4
      vertex 46.0183459870831 24.83294691121419 9.4
      vertex 45.923925557269555 25.307630466879324 9.4
    endloop
  endfacet
  facet normal -0.9469301294951074 -0.32143946530315654 0
    outer loop
      vertex 45.768354270291766 25.76592869975083 2.4
      vertex 45.923925557269555 25.307630466879324 9.4
      vertex 45.768354270291766 25.76592869975083 9.4
    endloop
  endfacet
  facet normal -0.4422886902189974 -0.8968727415326901 0
    outer loop
      vertex 43.76592869975083 27.76835427029176 2.4
      vertex 44.2 27.55429399400242 9.4
      vertex 43.76592869975083 27.76835427029176 9.4
    endloop
  endfacet
  facet normal -0.5555702330196076 -0.8314696123025416 0
    outer loop
      vertex 44.2 27.55429399400242 2.4
      vertex 44.602417287332266 27.285407359077567 9.4
      vertex 44.2 27.55429399400242 9.4
    endloop
  endfacet
  facet normal -0.06540312923013815 -0.9978589232386038 0
    outer loop
      vertex 42.35 28.049999999999997 2.4
      vertex 42.832946911214194 28.018345987083098 9.4
      vertex 42.35 28.049999999999997 9.4
    endloop
  endfacet
  facet normal -0.19509032201612794 -0.9807852804032305 0
    outer loop
      vertex 42.832946911214194 28.018345987083098 2.4
      vertex 43.30763046687933 27.923925557269552 9.4
      vertex 42.832946911214194 28.018345987083098 9.4
    endloop
  endfacet
  facet normal -0.3214394653031676 -0.9469301294951036 0
    outer loop
      vertex 43.30763046687933 27.923925557269552 2.4
      vertex 43.76592869975083 27.76835427029176 9.4
      vertex 43.30763046687933 27.923925557269552 9.4
    endloop
  endfacet
  facet normal -0.8314696123025507 -0.5555702330195941 0
    outer loop
      vertex 45.285407359077574 26.602417287332266 2.4
      vertex 45.55429399400242 26.2 9.4
      vertex 45.285407359077574 26.602417287332266 9.4
    endloop
  endfacet
  facet normal -0.7518398074789737 -0.6593458151000731 0
    outer loop
      vertex 44.966295090390226 26.966295090390226 2.4
      vertex 45.285407359077574 26.602417287332266 9.4
      vertex 44.966295090390226 26.966295090390226 9.4
    endloop
  endfacet
  facet normal -0.8968727415326829 -0.4422886902190122 0
    outer loop
      vertex 45.55429399400242 26.2 2.4
      vertex 45.768354270291766 25.76592869975083 9.4
      vertex 45.55429399400242 26.2 9.4
    endloop
  endfacet
  facet normal -0.6593458151000647 -0.751839807478981 0
    outer loop
      vertex 44.602417287332266 27.285407359077567 2.4
      vertex 44.966295090390226 26.966295090390226 9.4
      vertex 44.602417287332266 27.285407359077567 9.4
    endloop
  endfacet
  facet normal -0.5555702330196087 -0.8314696123025409 0
    outer loop
      vertex -40.704532001224415 -23.221389352815457 2.4
      vertex -40.4 -23.42487113059643 2.4
      vertex -40.4 -23.42487113059643 4.6
    endloop
  endfacet
  facet normal -0.7518398074789825 -0.659345815100063 0
    outer loop
      vertex -40.979898987322336 -22.979898987322333 2.4
      vertex -41.22138935281546 -22.70453200122442 4.6
      vertex -41.22138935281546 -22.70453200122442 2.4
    endloop
  endfacet
  facet normal -0.8314696123025438 -0.5555702330196043 0
    outer loop
      vertex -41.22138935281546 -22.70453200122442 2.4
      vertex -41.42487113059643 -22.4 4.6
      vertex -41.42487113059643 -22.4 2.4
    endloop
  endfacet
  facet normal -0.6593458151000589 -0.7518398074789862 0
    outer loop
      vertex -40.704532001224415 -23.221389352815457 2.4
      vertex -40.704532001224415 -23.221389352815457 4.6
      vertex -40.979898987322336 -22.979898987322333 2.4
    endloop
  endfacet
  facet normal -0.3214394653031667 -0.946930129495104 0
    outer loop
      vertex -39.72469332628706 -23.704592313609393 2.4
      vertex -39.72469332628706 -23.704592313609393 4.6
      vertex -40.071513610622254 -23.5868626910316 2.4
    endloop
  endfacet
  facet normal -0.19509032201612214 -0.9807852804032317 0
    outer loop
      vertex -39.72469332628706 -23.704592313609393 2.4
      vertex -39.36547333821614 -23.77604561184667 2.4
      vertex -39.36547333821614 -23.77604561184667 4.6
    endloop
  endfacet
  facet normal -0.4422886902190014 -0.8968727415326883 0
    outer loop
      vertex -40.4 -23.42487113059643 2.4
      vertex -40.071513610622254 -23.5868626910316 2.4
      vertex -40.071513610622254 -23.5868626910316 4.6
    endloop
  endfacet
  facet normal -0.06540312923014546 -0.9978589232386034 0
    outer loop
      vertex -39.36547333821614 -23.77604561184667 2.4
      vertex -39 -23.8 2.4
      vertex -39 -23.8 4.6
    endloop
  endfacet
  facet normal 0.06540312923014546 -0.9978589232386034 0
    outer loop
      vertex -39 -23.8 2.4
      vertex -38.63452666178386 -23.77604561184667 2.4
      vertex -38.63452666178386 -23.77604561184667 4.6
    endloop
  endfacet
  facet normal 0.19509032201612214 -0.9807852804032317 0
    outer loop
      vertex -38.63452666178386 -23.77604561184667 2.4
      vertex -38.27530667371294 -23.704592313609393 2.4
      vertex -38.27530667371294 -23.704592313609393 4.6
    endloop
  endfacet
  facet normal 0.3214394653031667 -0.946930129495104 0
    outer loop
      vertex -38.27530667371294 -23.704592313609393 2.4
      vertex -37.928486389377746 -23.5868626910316 2.4
      vertex -37.928486389377746 -23.5868626910316 4.6
    endloop
  endfacet
  facet normal 0.4422886902190014 -0.8968727415326883 0
    outer loop
      vertex -37.928486389377746 -23.5868626910316 2.4
      vertex -37.6 -23.42487113059643 2.4
      vertex -37.6 -23.42487113059643 4.6
    endloop
  endfacet
  facet normal 0.5555702330196087 -0.8314696123025409 0
    outer loop
      vertex -37.6 -23.42487113059643 2.4
      vertex -37.295467998775585 -23.221389352815457 2.4
      vertex -37.295467998775585 -23.221389352815457 4.6
    endloop
  endfacet
  facet normal 0.6593458151000589 -0.7518398074789862 0
    outer loop
      vertex -37.295467998775585 -23.221389352815457 2.4
      vertex -37.020101012677664 -22.979898987322333 2.4
      vertex -37.020101012677664 -22.979898987322333 4.6
    endloop
  endfacet
  facet normal 0.7518398074789825 -0.659345815100063 0
    outer loop
      vertex -37.020101012677664 -22.979898987322333 2.4
      vertex -36.77861064718454 -22.70453200122442 2.4
      vertex -37.020101012677664 -22.979898987322333 4.6
    endloop
  endfacet
  facet normal 0.8314696123025438 -0.5555702330196043 0
    outer loop
      vertex -36.77861064718454 -22.70453200122442 2.4
      vertex -36.57512886940357 -22.4 2.4
      vertex -36.77861064718454 -22.70453200122442 4.6
    endloop
  endfacet
  facet normal 0.8968727415326864 -0.44228869021900524 0
    outer loop
      vertex -36.57512886940357 -22.4 2.4
      vertex -36.413137308968395 -22.07151361062225 2.4
      vertex -36.57512886940357 -22.4 4.6
    endloop
  endfacet
  facet normal -0.5555702330196087 -0.8314696123025409 0
    outer loop
      vertex -40.704532001224415 -23.221389352815457 2.4
      vertex -40.4 -23.42487113059643 4.6
      vertex -40.704532001224415 -23.221389352815457 4.6
    endloop
  endfacet
  facet normal -0.4422886902190014 -0.8968727415326883 0
    outer loop
      vertex -40.4 -23.42487113059643 2.4
      vertex -40.071513610622254 -23.5868626910316 4.6
      vertex -40.4 -23.42487113059643 4.6
    endloop
  endfacet
  facet normal -0.7518398074789825 -0.659345815100063 0
    outer loop
      vertex -40.979898987322336 -22.979898987322333 2.4
      vertex -40.979898987322336 -22.979898987322333 4.6
      vertex -41.22138935281546 -22.70453200122442 4.6
    endloop
  endfacet
  facet normal -0.8968727415326864 -0.44228869021900524 0
    outer loop
      vertex -41.42487113059643 -22.4 2.4
      vertex -41.42487113059643 -22.4 4.6
      vertex -41.586862691031605 -22.07151361062225 4.6
    endloop
  endfacet
  facet normal -0.8314696123025438 -0.5555702330196043 0
    outer loop
      vertex -41.22138935281546 -22.70453200122442 2.4
      vertex -41.22138935281546 -22.70453200122442 4.6
      vertex -41.42487113059643 -22.4 4.6
    endloop
  endfacet
  facet normal -0.6593458151000589 -0.7518398074789862 0
    outer loop
      vertex -40.979898987322336 -22.979898987322333 2.4
      vertex -40.704532001224415 -23.221389352815457 4.6
      vertex -40.979898987322336 -22.979898987322333 4.6
    endloop
  endfacet
  facet normal -0.19509032201612214 -0.9807852804032317 0
    outer loop
      vertex -39.72469332628706 -23.704592313609393 2.4
      vertex -39.36547333821614 -23.77604561184667 4.6
      vertex -39.72469332628706 -23.704592313609393 4.6
    endloop
  endfacet
  facet normal -0.3214394653031667 -0.946930129495104 0
    outer loop
      vertex -40.071513610622254 -23.5868626910316 2.4
      vertex -39.72469332628706 -23.704592313609393 4.6
      vertex -40.071513610622254 -23.5868626910316 4.6
    endloop
  endfacet
  facet normal -0.06540312923014546 -0.9978589232386034 0
    outer loop
      vertex -39.36547333821614 -23.77604561184667 2.4
      vertex -39 -23.8 4.6
      vertex -39.36547333821614 -23.77604561184667 4.6
    endloop
  endfacet
  facet normal 0.06540312923014546 -0.9978589232386034 0
    outer loop
      vertex -39 -23.8 2.4
      vertex -38.63452666178386 -23.77604561184667 4.6
      vertex -39 -23.8 4.6
    endloop
  endfacet
  facet normal 0.19509032201612214 -0.9807852804032317 0
    outer loop
      vertex -38.63452666178386 -23.77604561184667 2.4
      vertex -38.27530667371294 -23.704592313609393 4.6
      vertex -38.63452666178386 -23.77604561184667 4.6
    endloop
  endfacet
  facet normal 0.3214394653031667 -0.946930129495104 0
    outer loop
      vertex -38.27530667371294 -23.704592313609393 2.4
      vertex -37.928486389377746 -23.5868626910316 4.6
      vertex -38.27530667371294 -23.704592313609393 4.6
    endloop
  endfacet
  facet normal 0.4422886902190014 -0.8968727415326883 0
    outer loop
      vertex -37.928486389377746 -23.5868626910316 2.4
      vertex -37.6 -23.42487113059643 4.6
      vertex -37.928486389377746 -23.5868626910316 4.6
    endloop
  endfacet
  facet normal 0.5555702330196087 -0.8314696123025409 0
    outer loop
      vertex -37.6 -23.42487113059643 2.4
      vertex -37.295467998775585 -23.221389352815457 4.6
      vertex -37.6 -23.42487113059643 4.6
    endloop
  endfacet
  facet normal 0.6593458151000589 -0.7518398074789862 0
    outer loop
      vertex -37.295467998775585 -23.221389352815457 2.4
      vertex -37.020101012677664 -22.979898987322333 4.6
      vertex -37.295467998775585 -23.221389352815457 4.6
    endloop
  endfacet
  facet normal 0.7518398074789825 -0.659345815100063 0
    outer loop
      vertex -36.77861064718454 -22.70453200122442 2.4
      vertex -36.77861064718454 -22.70453200122442 4.6
      vertex -37.020101012677664 -22.979898987322333 4.6
    endloop
  endfacet
  facet normal 0.8314696123025438 -0.5555702330196043 0
    outer loop
      vertex -36.57512886940357 -22.4 2.4
      vertex -36.57512886940357 -22.4 4.6
      vertex -36.77861064718454 -22.70453200122442 4.6
    endloop
  endfacet
  facet normal -0.9807852804032294 -0.19509032201613333 0
    outer loop
      vertex -41.70459231360939 -21.72469332628706 2.4
      vertex -41.77604561184667 -21.365473338216145 4.6
      vertex -41.77604561184667 -21.365473338216145 2.4
    endloop
  endfacet
  facet normal -0.997858923238604 -0.06540312923013518 0
    outer loop
      vertex -41.77604561184667 -21.365473338216145 2.4
      vertex -41.8 -21 4.6
      vertex -41.8 -21 2.4
    endloop
  endfacet
  facet normal -0.997858923238604 0.06540312923013518 0
    outer loop
      vertex -41.8 -21 2.4
      vertex -41.77604561184667 -20.634526661783855 4.6
      vertex -41.77604561184667 -20.634526661783855 2.4
    endloop
  endfacet
  facet normal -0.9807852804032294 0.19509032201613333 0
    outer loop
      vertex -41.77604561184667 -20.634526661783855 2.4
      vertex -41.70459231360939 -20.27530667371294 4.6
      vertex -41.70459231360939 -20.27530667371294 2.4
    endloop
  endfacet
  facet normal -0.8968727415326864 -0.44228869021900524 0
    outer loop
      vertex -41.42487113059643 -22.4 2.4
      vertex -41.586862691031605 -22.07151361062225 4.6
      vertex -41.586862691031605 -22.07151361062225 2.4
    endloop
  endfacet
  facet normal -0.9469301294951088 -0.3214394653031522 0
    outer loop
      vertex -41.70459231360939 -21.72469332628706 2.4
      vertex -41.586862691031605 -22.07151361062225 2.4
      vertex -41.70459231360939 -21.72469332628706 4.6
    endloop
  endfacet
  facet normal -0.9469301294951088 0.3214394653031522 0
    outer loop
      vertex -41.70459231360939 -20.27530667371294 2.4
      vertex -41.586862691031605 -19.92848638937775 4.6
      vertex -41.586862691031605 -19.92848638937775 2.4
    endloop
  endfacet
  facet normal -0.8968727415326864 0.44228869021900524 0
    outer loop
      vertex -41.586862691031605 -19.92848638937775 2.4
      vertex -41.42487113059643 -19.6 4.6
      vertex -41.42487113059643 -19.6 2.4
    endloop
  endfacet
  facet normal -0.8314696123025438 0.5555702330196043 0
    outer loop
      vertex -41.42487113059643 -19.6 2.4
      vertex -41.22138935281546 -19.29546799877558 4.6
      vertex -41.22138935281546 -19.29546799877558 2.4
    endloop
  endfacet
  facet normal -0.7518398074789825 0.659345815100063 0
    outer loop
      vertex -41.22138935281546 -19.29546799877558 2.4
      vertex -40.979898987322336 -19.020101012677667 4.6
      vertex -40.979898987322336 -19.020101012677667 2.4
    endloop
  endfacet
  facet normal -0.6593458151000589 0.7518398074789862 0
    outer loop
      vertex -40.979898987322336 -19.020101012677667 2.4
      vertex -40.979898987322336 -19.020101012677667 4.6
      vertex -40.704532001224415 -18.778610647184543 2.4
    endloop
  endfacet
  facet normal -0.5555702330196087 0.8314696123025409 0
    outer loop
      vertex -40.704532001224415 -18.778610647184543 2.4
      vertex -40.704532001224415 -18.778610647184543 4.6
      vertex -40.4 -18.57512886940357 2.4
    endloop
  endfacet
  facet normal 0.9469301294951088 -0.3214394653031522 0
    outer loop
      vertex -36.413137308968395 -22.07151361062225 2.4
      vertex -36.29540768639061 -21.72469332628706 2.4
      vertex -36.413137308968395 -22.07151361062225 4.6
    endloop
  endfacet
  facet normal 0.9807852804032294 -0.19509032201613333 0
    outer loop
      vertex -36.29540768639061 -21.72469332628706 2.4
      vertex -36.22395438815333 -21.365473338216145 2.4
      vertex -36.29540768639061 -21.72469332628706 4.6
    endloop
  endfacet
  facet normal 0.997858923238604 -0.06540312923013518 0
    outer loop
      vertex -36.22395438815333 -21.365473338216145 2.4
      vertex -36.2 -21 2.4
      vertex -36.22395438815333 -21.365473338216145 4.6
    endloop
  endfacet
  facet normal 0.997858923238604 0.06540312923013518 0
    outer loop
      vertex -36.2 -21 2.4
      vertex -36.22395438815333 -20.634526661783855 2.4
      vertex -36.2 -21 4.6
    endloop
  endfacet
  facet normal 0.9807852804032294 0.19509032201613333 0
    outer loop
      vertex -36.22395438815333 -20.634526661783855 2.4
      vertex -36.29540768639061 -20.27530667371294 2.4
      vertex -36.22395438815333 -20.634526661783855 4.6
    endloop
  endfacet
  facet normal 0.5555702330196087 0.8314696123025409 0
    outer loop
      vertex -37.6 -18.57512886940357 2.4
      vertex -37.6 -18.57512886940357 4.6
      vertex -37.295467998775585 -18.778610647184543 2.4
    endloop
  endfacet
  facet normal 0.8314696123025438 0.5555702330196043 0
    outer loop
      vertex -36.57512886940357 -19.6 2.4
      vertex -36.77861064718454 -19.29546799877558 2.4
      vertex -36.57512886940357 -19.6 4.6
    endloop
  endfacet
  facet normal 0.9469301294951088 0.3214394653031522 0
    outer loop
      vertex -36.29540768639061 -20.27530667371294 2.4
      vertex -36.413137308968395 -19.92848638937775 2.4
      vertex -36.29540768639061 -20.27530667371294 4.6
    endloop
  endfacet
  facet normal 0.8968727415326864 0.44228869021900524 0
    outer loop
      vertex -36.57512886940357 -19.6 2.4
      vertex -36.413137308968395 -19.92848638937775 4.6
      vertex -36.413137308968395 -19.92848638937775 2.4
    endloop
  endfacet
  facet normal 0.7518398074789825 0.659345815100063 0
    outer loop
      vertex -37.020101012677664 -19.020101012677667 2.4
      vertex -36.77861064718454 -19.29546799877558 4.6
      vertex -36.77861064718454 -19.29546799877558 2.4
    endloop
  endfacet
  facet normal 0.6593458151000589 0.7518398074789862 0
    outer loop
      vertex -37.295467998775585 -18.778610647184543 2.4
      vertex -37.295467998775585 -18.778610647184543 4.6
      vertex -37.020101012677664 -19.020101012677667 2.4
    endloop
  endfacet
  facet normal -0.4422886902190014 0.8968727415326883 0
    outer loop
      vertex -40.4 -18.57512886940357 2.4
      vertex -40.4 -18.57512886940357 4.6
      vertex -40.071513610622254 -18.4131373089684 2.4
    endloop
  endfacet
  facet normal -0.3214394653031667 0.946930129495104 0
    outer loop
      vertex -40.071513610622254 -18.4131373089684 2.4
      vertex -40.071513610622254 -18.4131373089684 4.6
      vertex -39.72469332628706 -18.295407686390607 2.4
    endloop
  endfacet
  facet normal -0.19509032201612214 0.9807852804032317 0
    outer loop
      vertex -39.72469332628706 -18.295407686390607 2.4
      vertex -39.72469332628706 -18.295407686390607 4.6
      vertex -39.36547333821614 -18.22395438815333 2.4
    endloop
  endfacet
  facet normal -0.06540312923014546 0.9978589232386034 0
    outer loop
      vertex -39.36547333821614 -18.22395438815333 2.4
      vertex -39.36547333821614 -18.22395438815333 4.6
      vertex -39 -18.2 2.4
    endloop
  endfacet
  facet normal 0.06540312923014546 0.9978589232386034 0
    outer loop
      vertex -39 -18.2 2.4
      vertex -39 -18.2 4.6
      vertex -38.63452666178386 -18.22395438815333 2.4
    endloop
  endfacet
  facet normal 0.19509032201612214 0.9807852804032317 0
    outer loop
      vertex -38.63452666178386 -18.22395438815333 2.4
      vertex -38.63452666178386 -18.22395438815333 4.6
      vertex -38.27530667371294 -18.295407686390607 2.4
    endloop
  endfacet
  facet normal 0.3214394653031667 0.946930129495104 0
    outer loop
      vertex -38.27530667371294 -18.295407686390607 2.4
      vertex -38.27530667371294 -18.295407686390607 4.6
      vertex -37.928486389377746 -18.4131373089684 2.4
    endloop
  endfacet
  facet normal 0.4422886902190014 0.8968727415326883 0
    outer loop
      vertex -37.6 -18.57512886940357 2.4
      vertex -37.928486389377746 -18.4131373089684 2.4
      vertex -37.928486389377746 -18.4131373089684 4.6
    endloop
  endfacet
  facet normal -0.9807852804032294 -0.19509032201613333 0
    outer loop
      vertex -41.70459231360939 -21.72469332628706 2.4
      vertex -41.70459231360939 -21.72469332628706 4.6
      vertex -41.77604561184667 -21.365473338216145 4.6
    endloop
  endfacet
  facet normal -0.997858923238604 -0.06540312923013518 0
    outer loop
      vertex -41.77604561184667 -21.365473338216145 2.4
      vertex -41.77604561184667 -21.365473338216145 4.6
      vertex -41.8 -21 4.6
    endloop
  endfacet
  facet normal -0.997858923238604 0.06540312923013518 0
    outer loop
      vertex -41.8 -21 2.4
      vertex -41.8 -21 4.6
      vertex -41.77604561184667 -20.634526661783855 4.6
    endloop
  endfacet
  facet normal -0.9807852804032294 0.19509032201613333 0
    outer loop
      vertex -41.77604561184667 -20.634526661783855 2.4
      vertex -41.77604561184667 -20.634526661783855 4.6
      vertex -41.70459231360939 -20.27530667371294 4.6
    endloop
  endfacet
  facet normal 0 0 1
    outer loop
      vertex -41.70459231360939 -21.72469332628706 4.6
      vertex -41.77604561184667 -20.634526661783855 4.6
      vertex -41.77604561184667 -21.365473338216145 4.6
    endloop
  endfacet
  facet normal 0 0 1
    outer loop
      vertex -41.77604561184667 -21.365473338216145 4.6
      vertex -41.77604561184667 -20.634526661783855 4.6
      vertex -41.8 -21 4.6
    endloop
  endfacet
  facet normal 0 0 1
    outer loop
      vertex -41.70459231360939 -21.72469332628706 4.6
      vertex -41.70459231360939 -20.27530667371294 4.6
      vertex -41.77604561184667 -20.634526661783855 4.6
    endloop
  endfacet
  facet normal -0.9469301294951088 -0.3214394653031522 0
    outer loop
      vertex -41.586862691031605 -22.07151361062225 2.4
      vertex -41.586862691031605 -22.07151361062225 4.6
      vertex -41.70459231360939 -21.72469332628706 4.6
    endloop
  endfacet
  facet normal -0.9469301294951088 0.3214394653031522 0
    outer loop
      vertex -41.70459231360939 -20.27530667371294 2.4
      vertex -41.70459231360939 -20.27530667371294 4.6
      vertex -41.586862691031605 -19.92848638937775 4.6
    endloop
  endfacet
  facet normal -0.8968727415326864 0.44228869021900524 0
    outer loop
      vertex -41.586862691031605 -19.92848638937775 2.4
      vertex -41.586862691031605 -19.92848638937775 4.6
      vertex -41.42487113059643 -19.6 4.6
    endloop
  endfacet
  facet normal -0.8314696123025438 0.5555702330196043 0
    outer loop
      vertex -41.42487113059643 -19.6 2.4
      vertex -41.42487113059643 -19.6 4.6
      vertex -41.22138935281546 -19.29546799877558 4.6
    endloop
  endfacet
  facet normal -0.7518398074789825 0.659345815100063 0
    outer loop
      vertex -41.22138935281546 -19.29546799877558 2.4
      vertex -41.22138935281546 -19.29546799877558 4.6
      vertex -40.979898987322336 -19.020101012677667 4.6
    endloop
  endfacet
  facet normal -0.6593458151000589 0.7518398074789862 0
    outer loop
      vertex -40.704532001224415 -18.778610647184543 2.4
      vertex -40.979898987322336 -19.020101012677667 4.6
      vertex -40.704532001224415 -18.778610647184543 4.6
    endloop
  endfacet
  facet normal -0.5555702330196087 0.8314696123025409 0
    outer loop
      vertex -40.4 -18.57512886940357 2.4
      vertex -40.704532001224415 -18.778610647184543 4.6
      vertex -40.4 -18.57512886940357 4.6
    endloop
  endfacet
  facet normal 0.8968727415326864 -0.44228869021900524 0
    outer loop
      vertex -36.57512886940357 -22.4 4.6
      vertex -36.413137308968395 -22.07151361062225 2.4
      vertex -36.413137308968395 -22.07151361062225 4.6
    endloop
  endfacet
  facet normal 0.9469301294951088 -0.3214394653031522 0
    outer loop
      vertex -36.29540768639061 -21.72469332628706 2.4
      vertex -36.29540768639061 -21.72469332628706 4.6
      vertex -36.413137308968395 -22.07151361062225 4.6
    endloop
  endfacet
  facet normal 0.9807852804032294 -0.19509032201613333 0
    outer loop
      vertex -36.22395438815333 -21.365473338216145 2.4
      vertex -36.22395438815333 -21.365473338216145 4.6
      vertex -36.29540768639061 -21.72469332628706 4.6
    endloop
  endfacet
  facet normal 0.997858923238604 -0.06540312923013518 0
    outer loop
      vertex -36.2 -21 2.4
      vertex -36.2 -21 4.6
      vertex -36.22395438815333 -21.365473338216145 4.6
    endloop
  endfacet
  facet normal 0.997858923238604 0.06540312923013518 0
    outer loop
      vertex -36.22395438815333 -20.634526661783855 2.4
      vertex -36.22395438815333 -20.634526661783855 4.6
      vertex -36.2 -21 4.6
    endloop
  endfacet
  facet normal 0.9807852804032294 0.19509032201613333 0
    outer loop
      vertex -36.29540768639061 -20.27530667371294 2.4
      vertex -36.29540768639061 -20.27530667371294 4.6
      vertex -36.22395438815333 -20.634526661783855 4.6
    endloop
  endfacet
  facet normal 0.5555702330196087 0.8314696123025409 0
    outer loop
      vertex -37.295467998775585 -18.778610647184543 2.4
      vertex -37.6 -18.57512886940357 4.6
      vertex -37.295467998775585 -18.778610647184543 4.6
    endloop
  endfacet
  facet normal 0.8968727415326864 0.44228869021900524 0
    outer loop
      vertex -36.57512886940357 -19.6 2.4
      vertex -36.57512886940357 -19.6 4.6
      vertex -36.413137308968395 -19.92848638937775 4.6
    endloop
  endfacet
  facet normal 0.9469301294951088 0.3214394653031522 0
    outer loop
      vertex -36.413137308968395 -19.92848638937775 2.4
      vertex -36.413137308968395 -19.92848638937775 4.6
      vertex -36.29540768639061 -20.27530667371294 4.6
    endloop
  endfacet
  facet normal 0.7518398074789825 0.659345815100063 0
    outer loop
      vertex -37.020101012677664 -19.020101012677667 2.4
      vertex -37.020101012677664 -19.020101012677667 4.6
      vertex -36.77861064718454 -19.29546799877558 4.6
    endloop
  endfacet
  facet normal 0.8314696123025438 0.5555702330196043 0
    outer loop
      vertex -36.77861064718454 -19.29546799877558 2.4
      vertex -36.77861064718454 -19.29546799877558 4.6
      vertex -36.57512886940357 -19.6 4.6
    endloop
  endfacet
  facet normal 0.6593458151000589 0.7518398074789862 0
    outer loop
      vertex -37.020101012677664 -19.020101012677667 2.4
      vertex -37.295467998775585 -18.778610647184543 4.6
      vertex -37.020101012677664 -19.020101012677667 4.6
    endloop
  endfacet
  facet normal 0 0 1
    outer loop
      vertex -41.22138935281546 -22.70453200122442 4.6
      vertex -41.42487113059643 -19.6 4.6
      vertex -41.42487113059643 -22.4 4.6
    endloop
  endfacet
  facet normal 0 0 1
    outer loop
      vertex -41.42487113059643 -22.4 4.6
      vertex -41.586862691031605 -19.92848638937775 4.6
      vertex -41.586862691031605 -22.07151361062225 4.6
    endloop
  endfacet
  facet normal 0 0 1
    outer loop
      vertex -41.70459231360939 -21.72469332628706 4.6
      vertex -41.586862691031605 -22.07151361062225 4.6
      vertex -41.70459231360939 -20.27530667371294 4.6
    endloop
  endfacet
  facet normal 0 0 1
    outer loop
      vertex -40.979898987322336 -22.979898987322333 4.6
      vertex -41.22138935281546 -19.29546799877558 4.6
      vertex -41.22138935281546 -22.70453200122442 4.6
    endloop
  endfacet
  facet normal 0 0 1
    outer loop
      vertex -40.704532001224415 -23.221389352815457 4.6
      vertex -40.4 -23.42487113059643 4.6
      vertex -40.704532001224415 -18.778610647184543 4.6
    endloop
  endfacet
  facet normal 0 0 1
    outer loop
      vertex -40.4 -23.42487113059643 4.6
      vertex -40.071513610622254 -23.5868626910316 4.6
      vertex -40.4 -18.57512886940357 4.6
    endloop
  endfacet
  facet normal 0 0 1
    outer loop
      vertex -40.704532001224415 -23.221389352815457 4.6
      vertex -40.979898987322336 -19.020101012677667 4.6
      vertex -40.979898987322336 -22.979898987322333 4.6
    endloop
  endfacet
  facet normal 0 0 1
    outer loop
      vertex -41.70459231360939 -20.27530667371294 4.6
      vertex -41.586862691031605 -22.07151361062225 4.6
      vertex -41.586862691031605 -19.92848638937775 4.6
    endloop
  endfacet
  facet normal 0 0 1
    outer loop
      vertex -41.42487113059643 -22.4 4.6
      vertex -41.42487113059643 -19.6 4.6
      vertex -41.586862691031605 -19.92848638937775 4.6
    endloop
  endfacet
  facet normal 0 0 1
    outer loop
      vertex -41.22138935281546 -22.70453200122442 4.6
      vertex -41.22138935281546 -19.29546799877558 4.6
      vertex -41.42487113059643 -19.6 4.6
    endloop
  endfacet
  facet normal 0 0 1
    outer loop
      vertex -40.979898987322336 -22.979898987322333 4.6
      vertex -40.979898987322336 -19.020101012677667 4.6
      vertex -41.22138935281546 -19.29546799877558 4.6
    endloop
  endfacet
  facet normal 0 0 1
    outer loop
      vertex -39.72469332628706 -23.704592313609393 4.6
      vertex -40.071513610622254 -18.4131373089684 4.6
      vertex -40.071513610622254 -23.5868626910316 4.6
    endloop
  endfacet
  facet normal 0 0 1
    outer loop
      vertex -39.72469332628706 -23.704592313609393 4.6
      vertex -39.36547333821614 -23.77604561184667 4.6
      vertex -39.72469332628706 -18.295407686390607 4.6
    endloop
  endfacet
  facet normal 0 0 1
    outer loop
      vertex -39.36547333821614 -23.77604561184667 4.6
      vertex -39 -23.8 4.6
      vertex -39.36547333821614 -18.22395438815333 4.6
    endloop
  endfacet
  facet normal 0 0 1
    outer loop
      vertex -39 -23.8 4.6
      vertex -38.63452666178386 -23.77604561184667 4.6
      vertex -39 -18.2 4.6
    endloop
  endfacet
  facet normal 0 0 1
    outer loop
      vertex -40.704532001224415 -23.221389352815457 4.6
      vertex -40.704532001224415 -18.778610647184543 4.6
      vertex -40.979898987322336 -19.020101012677667 4.6
    endloop
  endfacet
  facet normal 0 0 1
    outer loop
      vertex -40.4 -23.42487113059643 4.6
      vertex -40.4 -18.57512886940357 4.6
      vertex -40.704532001224415 -18.778610647184543 4.6
    endloop
  endfacet
  facet normal 0 0 1
    outer loop
      vertex -40.071513610622254 -23.5868626910316 4.6
      vertex -40.071513610622254 -18.4131373089684 4.6
      vertex -40.4 -18.57512886940357 4.6
    endloop
  endfacet
  facet normal 0 0 1
    outer loop
      vertex -39.72469332628706 -23.704592313609393 4.6
      vertex -39.72469332628706 -18.295407686390607 4.6
      vertex -40.071513610622254 -18.4131373089684 4.6
    endloop
  endfacet
  facet normal 0 0 1
    outer loop
      vertex -39.36547333821614 -23.77604561184667 4.6
      vertex -39.36547333821614 -18.22395438815333 4.6
      vertex -39.72469332628706 -18.295407686390607 4.6
    endloop
  endfacet
  facet normal 0 0 1
    outer loop
      vertex -39 -23.8 4.6
      vertex -39 -18.2 4.6
      vertex -39.36547333821614 -18.22395438815333 4.6
    endloop
  endfacet
  facet normal 0 0 1
    outer loop
      vertex -38.63452666178386 -23.77604561184667 4.6
      vertex -38.63452666178386 -18.22395438815333 4.6
      vertex -39 -18.2 4.6
    endloop
  endfacet
  facet normal 0 0 1
    outer loop
      vertex -38.63452666178386 -23.77604561184667 4.6
      vertex -38.27530667371294 -23.704592313609393 4.6
      vertex -38.63452666178386 -18.22395438815333 4.6
    endloop
  endfacet
  facet normal 0 0 1
    outer loop
      vertex -38.27530667371294 -23.704592313609393 4.6
      vertex -37.928486389377746 -23.5868626910316 4.6
      vertex -38.27530667371294 -18.295407686390607 4.6
    endloop
  endfacet
  facet normal 0 0 1
    outer loop
      vertex -37.928486389377746 -23.5868626910316 4.6
      vertex -37.6 -23.42487113059643 4.6
      vertex -37.928486389377746 -18.4131373089684 4.6
    endloop
  endfacet
  facet normal 0 0 1
    outer loop
      vertex -37.6 -23.42487113059643 4.6
      vertex -37.295467998775585 -23.221389352815457 4.6
      vertex -37.6 -18.57512886940357 4.6
    endloop
  endfacet
  facet normal 0 0 1
    outer loop
      vertex -37.295467998775585 -23.221389352815457 4.6
      vertex -37.020101012677664 -22.979898987322333 4.6
      vertex -37.295467998775585 -18.778610647184543 4.6
    endloop
  endfacet
  facet normal 0 0 1
    outer loop
      vertex -37.020101012677664 -22.979898987322333 4.6
      vertex -36.77861064718454 -22.70453200122442 4.6
      vertex -37.020101012677664 -19.020101012677667 4.6
    endloop
  endfacet
  facet normal 0 0 1
    outer loop
      vertex -36.77861064718454 -22.70453200122442 4.6
      vertex -36.57512886940357 -22.4 4.6
      vertex -36.77861064718454 -19.29546799877558 4.6
    endloop
  endfacet
  facet normal 0 0 1
    outer loop
      vertex -36.57512886940357 -22.4 4.6
      vertex -36.413137308968395 -22.07151361062225 4.6
      vertex -36.57512886940357 -19.6 4.6
    endloop
  endfacet
  facet normal 0 0 1
    outer loop
      vertex -36.57512886940357 -22.4 4.6
      vertex -36.57512886940357 -19.6 4.6
      vertex -36.77861064718454 -19.29546799877558 4.6
    endloop
  endfacet
  facet normal 0 0 1
    outer loop
      vertex -36.413137308968395 -22.07151361062225 4.6
      vertex -36.29540768639061 -21.72469332628706 4.6
      vertex -36.413137308968395 -19.92848638937775 4.6
    endloop
  endfacet
  facet normal 0 0 1
    outer loop
      vertex -36.29540768639061 -21.72469332628706 4.6
      vertex -36.22395438815333 -21.365473338216145 4.6
      vertex -36.29540768639061 -20.27530667371294 4.6
    endloop
  endfacet
  facet normal 0 0 1
    outer loop
      vertex -36.22395438815333 -21.365473338216145 4.6
      vertex -36.2 -21 4.6
      vertex -36.22395438815333 -20.634526661783855 4.6
    endloop
  endfacet
  facet normal 0 0 1
    outer loop
      vertex -36.29540768639061 -21.72469332628706 4.6
      vertex -36.29540768639061 -20.27530667371294 4.6
      vertex -36.413137308968395 -19.92848638937775 4.6
    endloop
  endfacet
  facet normal 0 0 1
    outer loop
      vertex -36.22395438815333 -21.365473338216145 4.6
      vertex -36.22395438815333 -20.634526661783855 4.6
      vertex -36.29540768639061 -20.27530667371294 4.6
    endloop
  endfacet
  facet normal 0 0 1
    outer loop
      vertex -36.413137308968395 -22.07151361062225 4.6
      vertex -36.413137308968395 -19.92848638937775 4.6
      vertex -36.57512886940357 -19.6 4.6
    endloop
  endfacet
  facet normal 0 0 1
    outer loop
      vertex -38.27530667371294 -23.704592313609393 4.6
      vertex -38.27530667371294 -18.295407686390607 4.6
      vertex -38.63452666178386 -18.22395438815333 4.6
    endloop
  endfacet
  facet normal 0 0 1
    outer loop
      vertex -37.928486389377746 -23.5868626910316 4.6
      vertex -37.928486389377746 -18.4131373089684 4.6
      vertex -38.27530667371294 -18.295407686390607 4.6
    endloop
  endfacet
  facet normal 0 0 1
    outer loop
      vertex -37.6 -23.42487113059643 4.6
      vertex -37.6 -18.57512886940357 4.6
      vertex -37.928486389377746 -18.4131373089684 4.6
    endloop
  endfacet
  facet normal 0 0 1
    outer loop
      vertex -37.295467998775585 -23.221389352815457 4.6
      vertex -37.295467998775585 -18.778610647184543 4.6
      vertex -37.6 -18.57512886940357 4.6
    endloop
  endfacet
  facet normal 0 0 1
    outer loop
      vertex -37.020101012677664 -22.979898987322333 4.6
      vertex -37.020101012677664 -19.020101012677667 4.6
      vertex -37.295467998775585 -18.778610647184543 4.6
    endloop
  endfacet
  facet normal 0 0 1
    outer loop
      vertex -36.77861064718454 -22.70453200122442 4.6
      vertex -36.77861064718454 -19.29546799877558 4.6
      vertex -37.020101012677664 -19.020101012677667 4.6
    endloop
  endfacet
  facet normal -0.4422886902190014 0.8968727415326883 0
    outer loop
      vertex -40.071513610622254 -18.4131373089684 2.4
      vertex -40.4 -18.57512886940357 4.6
      vertex -40.071513610622254 -18.4131373089684 4.6
    endloop
  endfacet
  facet normal -0.3214394653031667 0.946930129495104 0
    outer loop
      vertex -39.72469332628706 -18.295407686390607 2.4
      vertex -40.071513610622254 -18.4131373089684 4.6
      vertex -39.72469332628706 -18.295407686390607 4.6
    endloop
  endfacet
  facet normal -0.19509032201612214 0.9807852804032317 0
    outer loop
      vertex -39.36547333821614 -18.22395438815333 2.4
      vertex -39.72469332628706 -18.295407686390607 4.6
      vertex -39.36547333821614 -18.22395438815333 4.6
    endloop
  endfacet
  facet normal -0.06540312923014546 0.9978589232386034 0
    outer loop
      vertex -39 -18.2 2.4
      vertex -39.36547333821614 -18.22395438815333 4.6
      vertex -39 -18.2 4.6
    endloop
  endfacet
  facet normal 0.06540312923014546 0.9978589232386034 0
    outer loop
      vertex -38.63452666178386 -18.22395438815333 2.4
      vertex -39 -18.2 4.6
      vertex -38.63452666178386 -18.22395438815333 4.6
    endloop
  endfacet
  facet normal 0.19509032201612214 0.9807852804032317 0
    outer loop
      vertex -38.27530667371294 -18.295407686390607 2.4
      vertex -38.63452666178386 -18.22395438815333 4.6
      vertex -38.27530667371294 -18.295407686390607 4.6
    endloop
  endfacet
  facet normal 0.3214394653031667 0.946930129495104 0
    outer loop
      vertex -37.928486389377746 -18.4131373089684 2.4
      vertex -38.27530667371294 -18.295407686390607 4.6
      vertex -37.928486389377746 -18.4131373089684 4.6
    endloop
  endfacet
  facet normal 0.4422886902190014 0.8968727415326883 0
    outer loop
      vertex -37.6 -18.57512886940357 2.4
      vertex -37.928486389377746 -18.4131373089684 4.6
      vertex -37.6 -18.57512886940357 4.6
    endloop
  endfacet
  facet normal -0.9807852804032294 -0.19509032201613333 0
    outer loop
      vertex -41.70459231360939 20.27530667371294 2.4
      vertex -41.77604561184667 20.634526661783855 4.6
      vertex -41.77604561184667 20.634526661783855 2.4
    endloop
  endfacet
  facet normal -0.997858923238604 -0.06540312923013518 0
    outer loop
      vertex -41.77604561184667 20.634526661783855 2.4
      vertex -41.8 21 4.6
      vertex -41.8 21 2.4
    endloop
  endfacet
  facet normal -0.997858923238604 0.06540312923013518 0
    outer loop
      vertex -41.8 21 2.4
      vertex -41.77604561184667 21.365473338216145 4.6
      vertex -41.77604561184667 21.365473338216145 2.4
    endloop
  endfacet
  facet normal -0.9807852804032294 0.19509032201613333 0
    outer loop
      vertex -41.77604561184667 21.365473338216145 2.4
      vertex -41.70459231360939 21.72469332628706 4.6
      vertex -41.70459231360939 21.72469332628706 2.4
    endloop
  endfacet
  facet normal -0.4422886902190014 -0.8968727415326883 0
    outer loop
      vertex -40.071513610622254 18.4131373089684 2.4
      vertex -40.071513610622254 18.4131373089684 4.6
      vertex -40.4 18.57512886940357 2.4
    endloop
  endfacet
  facet normal -0.3214394653031667 -0.946930129495104 0
    outer loop
      vertex -40.071513610622254 18.4131373089684 2.4
      vertex -39.72469332628706 18.295407686390607 2.4
      vertex -39.72469332628706 18.295407686390607 4.6
    endloop
  endfacet
  facet normal -0.19509032201612214 -0.9807852804032317 0
    outer loop
      vertex -39.72469332628706 18.295407686390607 2.4
      vertex -39.36547333821614 18.22395438815333 2.4
      vertex -39.36547333821614 18.22395438815333 4.6
    endloop
  endfacet
  facet normal -0.06540312923014546 -0.9978589232386034 0
    outer loop
      vertex -39.36547333821614 18.22395438815333 2.4
      vertex -39 18.2 2.4
      vertex -39 18.2 4.6
    endloop
  endfacet
  facet normal 0.06540312923014546 -0.9978589232386034 0
    outer loop
      vertex -39 18.2 2.4
      vertex -38.63452666178386 18.22395438815333 2.4
      vertex -38.63452666178386 18.22395438815333 4.6
    endloop
  endfacet
  facet normal 0.19509032201612214 -0.9807852804032317 0
    outer loop
      vertex -38.63452666178386 18.22395438815333 2.4
      vertex -38.27530667371294 18.295407686390607 2.4
      vertex -38.27530667371294 18.295407686390607 4.6
    endloop
  endfacet
  facet normal 0.3214394653031667 -0.946930129495104 0
    outer loop
      vertex -38.27530667371294 18.295407686390607 2.4
      vertex -37.928486389377746 18.4131373089684 2.4
      vertex -37.928486389377746 18.4131373089684 4.6
    endloop
  endfacet
  facet normal 0.4422886902190014 -0.8968727415326883 0
    outer loop
      vertex -37.928486389377746 18.4131373089684 2.4
      vertex -37.6 18.57512886940357 2.4
      vertex -37.6 18.57512886940357 4.6
    endloop
  endfacet
  facet normal -0.7518398074789825 -0.659345815100063 0
    outer loop
      vertex -40.979898987322336 19.020101012677667 2.4
      vertex -41.22138935281546 19.29546799877558 4.6
      vertex -41.22138935281546 19.29546799877558 2.4
    endloop
  endfacet
  facet normal -0.6593458151000589 -0.7518398074789862 0
    outer loop
      vertex -40.979898987322336 19.020101012677667 2.4
      vertex -40.704532001224415 18.778610647184543 2.4
      vertex -40.704532001224415 18.778610647184543 4.6
    endloop
  endfacet
  facet normal -0.5555702330196087 -0.8314696123025409 0
    outer loop
      vertex -40.704532001224415 18.778610647184543 2.4
      vertex -40.4 18.57512886940357 2.4
      vertex -40.4 18.57512886940357 4.6
    endloop
  endfacet
  facet normal -0.8314696123025438 -0.5555702330196043 0
    outer loop
      vertex -41.22138935281546 19.29546799877558 2.4
      vertex -41.42487113059643 19.6 4.6
      vertex -41.42487113059643 19.6 2.4
    endloop
  endfacet
  facet normal -0.8968727415326864 -0.44228869021900524 0
    outer loop
      vertex -41.42487113059643 19.6 2.4
      vertex -41.586862691031605 19.92848638937775 4.6
      vertex -41.586862691031605 19.92848638937775 2.4
    endloop
  endfacet
  facet normal -0.9469301294951088 -0.3214394653031522 0
    outer loop
      vertex -41.70459231360939 20.27530667371294 2.4
      vertex -41.586862691031605 19.92848638937775 2.4
      vertex -41.70459231360939 20.27530667371294 4.6
    endloop
  endfacet
  facet normal -0.9469301294951088 0.3214394653031522 0
    outer loop
      vertex -41.70459231360939 21.72469332628706 2.4
      vertex -41.586862691031605 22.07151361062225 4.6
      vertex -41.586862691031605 22.07151361062225 2.4
    endloop
  endfacet
  facet normal 0.5555702330196087 -0.8314696123025409 0
    outer loop
      vertex -37.6 18.57512886940357 2.4
      vertex -37.295467998775585 18.778610647184543 2.4
      vertex -37.295467998775585 18.778610647184543 4.6
    endloop
  endfacet
  facet normal 0.6593458151000589 -0.7518398074789862 0
    outer loop
      vertex -37.295467998775585 18.778610647184543 2.4
      vertex -37.020101012677664 19.020101012677667 2.4
      vertex -37.020101012677664 19.020101012677667 4.6
    endloop
  endfacet
  facet normal 0.7518398074789825 -0.659345815100063 0
    outer loop
      vertex -37.020101012677664 19.020101012677667 2.4
      vertex -36.77861064718454 19.29546799877558 2.4
      vertex -37.020101012677664 19.020101012677667 4.6
    endloop
  endfacet
  facet normal 0.8314696123025438 -0.5555702330196043 0
    outer loop
      vertex -36.77861064718454 19.29546799877558 2.4
      vertex -36.57512886940357 19.6 2.4
      vertex -36.77861064718454 19.29546799877558 4.6
    endloop
  endfacet
  facet normal 0.8968727415326864 -0.44228869021900524 0
    outer loop
      vertex -36.57512886940357 19.6 2.4
      vertex -36.413137308968395 19.92848638937775 2.4
      vertex -36.57512886940357 19.6 4.6
    endloop
  endfacet
  facet normal 0.9469301294951088 -0.3214394653031522 0
    outer loop
      vertex -36.413137308968395 19.92848638937775 2.4
      vertex -36.29540768639061 20.27530667371294 2.4
      vertex -36.413137308968395 19.92848638937775 4.6
    endloop
  endfacet
  facet normal 0.9807852804032294 -0.19509032201613333 0
    outer loop
      vertex -36.29540768639061 20.27530667371294 2.4
      vertex -36.22395438815333 20.634526661783855 2.4
      vertex -36.29540768639061 20.27530667371294 4.6
    endloop
  endfacet
  facet normal 0.997858923238604 -0.06540312923013518 0
    outer loop
      vertex -36.22395438815333 20.634526661783855 2.4
      vertex -36.2 21 2.4
      vertex -36.22395438815333 20.634526661783855 4.6
    endloop
  endfacet
  facet normal 0.997858923238604 0.06540312923013518 0
    outer loop
      vertex -36.2 21 2.4
      vertex -36.22395438815333 21.365473338216145 2.4
      vertex -36.2 21 4.6
    endloop
  endfacet
  facet normal 0.9807852804032294 0.19509032201613333 0
    outer loop
      vertex -36.22395438815333 21.365473338216145 2.4
      vertex -36.29540768639061 21.72469332628706 2.4
      vertex -36.22395438815333 21.365473338216145 4.6
    endloop
  endfacet
  facet normal 0.9469301294951088 0.3214394653031522 0
    outer loop
      vertex -36.29540768639061 21.72469332628706 2.4
      vertex -36.413137308968395 22.07151361062225 2.4
      vertex -36.29540768639061 21.72469332628706 4.6
    endloop
  endfacet
  facet normal 0.8968727415326864 0.44228869021900524 0
    outer loop
      vertex -36.413137308968395 22.07151361062225 2.4
      vertex -36.57512886940357 22.4 2.4
      vertex -36.413137308968395 22.07151361062225 4.6
    endloop
  endfacet
  facet normal -0.9807852804032294 -0.19509032201613333 0
    outer loop
      vertex -41.70459231360939 20.27530667371294 2.4
      vertex -41.70459231360939 20.27530667371294 4.6
      vertex -41.77604561184667 20.634526661783855 4.6
    endloop
  endfacet
  facet normal -0.997858923238604 -0.06540312923013518 0
    outer loop
      vertex -41.77604561184667 20.634526661783855 2.4
      vertex -41.77604561184667 20.634526661783855 4.6
      vertex -41.8 21 4.6
    endloop
  endfacet
  facet normal -0.997858923238604 0.06540312923013518 0
    outer loop
      vertex -41.8 21 2.4
      vertex -41.8 21 4.6
      vertex -41.77604561184667 21.365473338216145 4.6
    endloop
  endfacet
  facet normal -0.9807852804032294 0.19509032201613333 0
    outer loop
      vertex -41.77604561184667 21.365473338216145 2.4
      vertex -41.77604561184667 21.365473338216145 4.6
      vertex -41.70459231360939 21.72469332628706 4.6
    endloop
  endfacet
  facet normal 0 0 1
    outer loop
      vertex -41.70459231360939 20.27530667371294 4.6
      vertex -41.77604561184667 21.365473338216145 4.6
      vertex -41.77604561184667 20.634526661783855 4.6
    endloop
  endfacet
  facet normal 0 0 1
    outer loop
      vertex -41.77604561184667 20.634526661783855 4.6
      vertex -41.77604561184667 21.365473338216145 4.6
      vertex -41.8 21 4.6
    endloop
  endfacet
  facet normal 0 0 1
    outer loop
      vertex -41.70459231360939 20.27530667371294 4.6
      vertex -41.70459231360939 21.72469332628706 4.6
      vertex -41.77604561184667 21.365473338216145 4.6
    endloop
  endfacet
  facet normal -0.4422886902190014 -0.8968727415326883 0
    outer loop
      vertex -40.4 18.57512886940357 2.4
      vertex -40.071513610622254 18.4131373089684 4.6
      vertex -40.4 18.57512886940357 4.6
    endloop
  endfacet
  facet normal -0.3214394653031667 -0.946930129495104 0
    outer loop
      vertex -40.071513610622254 18.4131373089684 2.4
      vertex -39.72469332628706 18.295407686390607 4.6
      vertex -40.071513610622254 18.4131373089684 4.6
    endloop
  endfacet
  facet normal -0.19509032201612214 -0.9807852804032317 0
    outer loop
      vertex -39.72469332628706 18.295407686390607 2.4
      vertex -39.36547333821614 18.22395438815333 4.6
      vertex -39.72469332628706 18.295407686390607 4.6
    endloop
  endfacet
  facet normal -0.06540312923014546 -0.9978589232386034 0
    outer loop
      vertex -39.36547333821614 18.22395438815333 2.4
      vertex -39 18.2 4.6
      vertex -39.36547333821614 18.22395438815333 4.6
    endloop
  endfacet
  facet normal 0.06540312923014546 -0.9978589232386034 0
    outer loop
      vertex -39 18.2 2.4
      vertex -38.63452666178386 18.22395438815333 4.6
      vertex -39 18.2 4.6
    endloop
  endfacet
  facet normal 0.19509032201612214 -0.9807852804032317 0
    outer loop
      vertex -38.63452666178386 18.22395438815333 2.4
      vertex -38.27530667371294 18.295407686390607 4.6
      vertex -38.63452666178386 18.22395438815333 4.6
    endloop
  endfacet
  facet normal 0.3214394653031667 -0.946930129495104 0
    outer loop
      vertex -38.27530667371294 18.295407686390607 2.4
      vertex -37.928486389377746 18.4131373089684 4.6
      vertex -38.27530667371294 18.295407686390607 4.6
    endloop
  endfacet
  facet normal 0.4422886902190014 -0.8968727415326883 0
    outer loop
      vertex -37.928486389377746 18.4131373089684 2.4
      vertex -37.6 18.57512886940357 4.6
      vertex -37.928486389377746 18.4131373089684 4.6
    endloop
  endfacet
  facet normal -0.7518398074789825 -0.659345815100063 0
    outer loop
      vertex -40.979898987322336 19.020101012677667 2.4
      vertex -40.979898987322336 19.020101012677667 4.6
      vertex -41.22138935281546 19.29546799877558 4.6
    endloop
  endfacet
  facet normal -0.8314696123025438 -0.5555702330196043 0
    outer loop
      vertex -41.22138935281546 19.29546799877558 2.4
      vertex -41.22138935281546 19.29546799877558 4.6
      vertex -41.42487113059643 19.6 4.6
    endloop
  endfacet
  facet normal -0.5555702330196087 -0.8314696123025409 0
    outer loop
      vertex -40.704532001224415 18.778610647184543 2.4
      vertex -40.4 18.57512886940357 4.6
      vertex -40.704532001224415 18.778610647184543 4.6
    endloop
  endfacet
  facet normal -0.6593458151000589 -0.7518398074789862 0
    outer loop
      vertex -40.979898987322336 19.020101012677667 2.4
      vertex -40.704532001224415 18.778610647184543 4.6
      vertex -40.979898987322336 19.020101012677667 4.6
    endloop
  endfacet
  facet normal -0.8968727415326864 -0.44228869021900524 0
    outer loop
      vertex -41.42487113059643 19.6 2.4
      vertex -41.42487113059643 19.6 4.6
      vertex -41.586862691031605 19.92848638937775 4.6
    endloop
  endfacet
  facet normal -0.9469301294951088 -0.3214394653031522 0
    outer loop
      vertex -41.586862691031605 19.92848638937775 2.4
      vertex -41.586862691031605 19.92848638937775 4.6
      vertex -41.70459231360939 20.27530667371294 4.6
    endloop
  endfacet
  facet normal -0.9469301294951088 0.3214394653031522 0
    outer loop
      vertex -41.70459231360939 21.72469332628706 2.4
      vertex -41.70459231360939 21.72469332628706 4.6
      vertex -41.586862691031605 22.07151361062225 4.6
    endloop
  endfacet
  facet normal -0.8968727415326864 0.44228869021900524 0
    outer loop
      vertex -41.586862691031605 22.07151361062225 2.4
      vertex -41.586862691031605 22.07151361062225 4.6
      vertex -41.42487113059643 22.4 4.6
    endloop
  endfacet
  facet normal 0.5555702330196087 -0.8314696123025409 0
    outer loop
      vertex -37.6 18.57512886940357 2.4
      vertex -37.295467998775585 18.778610647184543 4.6
      vertex -37.6 18.57512886940357 4.6
    endloop
  endfacet
  facet normal 0.6593458151000589 -0.7518398074789862 0
    outer loop
      vertex -37.295467998775585 18.778610647184543 2.4
      vertex -37.020101012677664 19.020101012677667 4.6
      vertex -37.295467998775585 18.778610647184543 4.6
    endloop
  endfacet
  facet normal 0.7518398074789825 -0.659345815100063 0
    outer loop
      vertex -36.77861064718454 19.29546799877558 2.4
      vertex -36.77861064718454 19.29546799877558 4.6
      vertex -37.020101012677664 19.020101012677667 4.6
    endloop
  endfacet
  facet normal 0.8314696123025438 -0.5555702330196043 0
    outer loop
      vertex -36.57512886940357 19.6 2.4
      vertex -36.57512886940357 19.6 4.6
      vertex -36.77861064718454 19.29546799877558 4.6
    endloop
  endfacet
  facet normal 0.8968727415326864 -0.44228869021900524 0
    outer loop
      vertex -36.413137308968395 19.92848638937775 2.4
      vertex -36.413137308968395 19.92848638937775 4.6
      vertex -36.57512886940357 19.6 4.6
    endloop
  endfacet
  facet normal 0.9469301294951088 -0.3214394653031522 0
    outer loop
      vertex -36.29540768639061 20.27530667371294 2.4
      vertex -36.29540768639061 20.27530667371294 4.6
      vertex -36.413137308968395 19.92848638937775 4.6
    endloop
  endfacet
  facet normal 0.9807852804032294 -0.19509032201613333 0
    outer loop
      vertex -36.22395438815333 20.634526661783855 2.4
      vertex -36.22395438815333 20.634526661783855 4.6
      vertex -36.29540768639061 20.27530667371294 4.6
    endloop
  endfacet
  facet normal 0.997858923238604 -0.06540312923013518 0
    outer loop
      vertex -36.2 21 2.4
      vertex -36.2 21 4.6
      vertex -36.22395438815333 20.634526661783855 4.6
    endloop
  endfacet
  facet normal 0.997858923238604 0.06540312923013518 0
    outer loop
      vertex -36.22395438815333 21.365473338216145 2.4
      vertex -36.22395438815333 21.365473338216145 4.6
      vertex -36.2 21 4.6
    endloop
  endfacet
  facet normal 0.9807852804032294 0.19509032201613333 0
    outer loop
      vertex -36.29540768639061 21.72469332628706 2.4
      vertex -36.29540768639061 21.72469332628706 4.6
      vertex -36.22395438815333 21.365473338216145 4.6
    endloop
  endfacet
  facet normal 0.9469301294951088 0.3214394653031522 0
    outer loop
      vertex -36.413137308968395 22.07151361062225 2.4
      vertex -36.413137308968395 22.07151361062225 4.6
      vertex -36.29540768639061 21.72469332628706 4.6
    endloop
  endfacet
  facet normal 0 0 1
    outer loop
      vertex -40.979898987322336 19.020101012677667 4.6
      vertex -41.22138935281546 22.70453200122442 4.6
      vertex -41.22138935281546 19.29546799877558 4.6
    endloop
  endfacet
  facet normal 0 0 1
    outer loop
      vertex -40.979898987322336 19.020101012677667 4.6
      vertex -40.704532001224415 18.778610647184543 4.6
      vertex -40.979898987322336 22.979898987322333 4.6
    endloop
  endfacet
  facet normal 0 0 1
    outer loop
      vertex -40.704532001224415 18.778610647184543 4.6
      vertex -40.4 18.57512886940357 4.6
      vertex -40.704532001224415 23.221389352815457 4.6
    endloop
  endfacet
  facet normal 0 0 1
    outer loop
      vertex -40.071513610622254 18.4131373089684 4.6
      vertex -40.4 23.42487113059643 4.6
      vertex -40.4 18.57512886940357 4.6
    endloop
  endfacet
  facet normal 0 0 1
    outer loop
      vertex -40.071513610622254 18.4131373089684 4.6
      vertex -39.72469332628706 18.295407686390607 4.6
      vertex -40.071513610622254 23.5868626910316 4.6
    endloop
  endfacet
  facet normal 0 0 1
    outer loop
      vertex -39.72469332628706 18.295407686390607 4.6
      vertex -39.36547333821614 18.22395438815333 4.6
      vertex -39.72469332628706 23.704592313609393 4.6
    endloop
  endfacet
  facet normal 0 0 1
    outer loop
      vertex -39.36547333821614 18.22395438815333 4.6
      vertex -39 18.2 4.6
      vertex -39.36547333821614 23.77604561184667 4.6
    endloop
  endfacet
  facet normal 0 0 1
    outer loop
      vertex -39 18.2 4.6
      vertex -38.63452666178386 18.22395438815333 4.6
      vertex -39 23.8 4.6
    endloop
  endfacet
  facet normal 0 0 1
    outer loop
      vertex -41.42487113059643 19.6 4.6
      vertex -41.586862691031605 22.07151361062225 4.6
      vertex -41.586862691031605 19.92848638937775 4.6
    endloop
  endfacet
  facet normal 0 0 1
    outer loop
      vertex -41.22138935281546 19.29546799877558 4.6
      vertex -41.42487113059643 22.4 4.6
      vertex -41.42487113059643 19.6 4.6
    endloop
  endfacet
  facet normal 0 0 1
    outer loop
      vertex -41.70459231360939 20.27530667371294 4.6
      vertex -41.586862691031605 19.92848638937775 4.6
      vertex -41.70459231360939 21.72469332628706 4.6
    endloop
  endfacet
  facet normal 0 0 1
    outer loop
      vertex -41.70459231360939 21.72469332628706 4.6
      vertex -41.586862691031605 19.92848638937775 4.6
      vertex -41.586862691031605 22.07151361062225 4.6
    endloop
  endfacet
  facet normal 0 0 1
    outer loop
      vertex -41.42487113059643 19.6 4.6
      vertex -41.42487113059643 22.4 4.6
      vertex -41.586862691031605 22.07151361062225 4.6
    endloop
  endfacet
  facet normal 0 0 1
    outer loop
      vertex -41.22138935281546 19.29546799877558 4.6
      vertex -41.22138935281546 22.70453200122442 4.6
      vertex -41.42487113059643 22.4 4.6
    endloop
  endfacet
  facet normal 0 0 1
    outer loop
      vertex -40.979898987322336 19.020101012677667 4.6
      vertex -40.979898987322336 22.979898987322333 4.6
      vertex -41.22138935281546 22.70453200122442 4.6
    endloop
  endfacet
  facet normal 0 0 1
    outer loop
      vertex -40.704532001224415 18.778610647184543 4.6
      vertex -40.704532001224415 23.221389352815457 4.6
      vertex -40.979898987322336 22.979898987322333 4.6
    endloop
  endfacet
  facet normal 0 0 1
    outer loop
      vertex -40.4 18.57512886940357 4.6
      vertex -40.4 23.42487113059643 4.6
      vertex -40.704532001224415 23.221389352815457 4.6
    endloop
  endfacet
  facet normal 0 0 1
    outer loop
      vertex -40.071513610622254 18.4131373089684 4.6
      vertex -40.071513610622254 23.5868626910316 4.6
      vertex -40.4 23.42487113059643 4.6
    endloop
  endfacet
  facet normal 0 0 1
    outer loop
      vertex -39.72469332628706 18.295407686390607 4.6
      vertex -39.72469332628706 23.704592313609393 4.6
      vertex -40.071513610622254 23.5868626910316 4.6
    endloop
  endfacet
  facet normal 0 0 1
    outer loop
      vertex -39.36547333821614 18.22395438815333 4.6
      vertex -39.36547333821614 23.77604561184667 4.6
      vertex -39.72469332628706 23.704592313609393 4.6
    endloop
  endfacet
  facet normal 0 0 1
    outer loop
      vertex -39 18.2 4.6
      vertex -39 23.8 4.6
      vertex -39.36547333821614 23.77604561184667 4.6
    endloop
  endfacet
  facet normal 0 0 1
    outer loop
      vertex -38.63452666178386 18.22395438815333 4.6
      vertex -38.63452666178386 23.77604561184667 4.6
      vertex -39 23.8 4.6
    endloop
  endfacet
  facet normal 0 0 1
    outer loop
      vertex -38.63452666178386 18.22395438815333 4.6
      vertex -38.27530667371294 18.295407686390607 4.6
      vertex -38.63452666178386 23.77604561184667 4.6
    endloop
  endfacet
  facet normal 0 0 1
    outer loop
      vertex -38.27530667371294 18.295407686390607 4.6
      vertex -37.928486389377746 18.4131373089684 4.6
      vertex -38.27530667371294 23.704592313609393 4.6
    endloop
  endfacet
  facet normal 0 0 1
    outer loop
      vertex -37.928486389377746 18.4131373089684 4.6
      vertex -37.6 18.57512886940357 4.6
      vertex -37.928486389377746 23.5868626910316 4.6
    endloop
  endfacet
  facet normal 0 0 1
    outer loop
      vertex -37.6 18.57512886940357 4.6
      vertex -37.295467998775585 18.778610647184543 4.6
      vertex -37.6 23.42487113059643 4.6
    endloop
  endfacet
  facet normal 0 0 1
    outer loop
      vertex -37.295467998775585 18.778610647184543 4.6
      vertex -37.020101012677664 19.020101012677667 4.6
      vertex -37.295467998775585 23.221389352815457 4.6
    endloop
  endfacet
  facet normal 0 0 1
    outer loop
      vertex -38.27530667371294 18.295407686390607 4.6
      vertex -38.27530667371294 23.704592313609393 4.6
      vertex -38.63452666178386 23.77604561184667 4.6
    endloop
  endfacet
  facet normal 0 0 1
    outer loop
      vertex -37.928486389377746 18.4131373089684 4.6
      vertex -37.928486389377746 23.5868626910316 4.6
      vertex -38.27530667371294 23.704592313609393 4.6
    endloop
  endfacet
  facet normal 0 0 1
    outer loop
      vertex -37.6 18.57512886940357 4.6
      vertex -37.6 23.42487113059643 4.6
      vertex -37.928486389377746 23.5868626910316 4.6
    endloop
  endfacet
  facet normal 0 0 1
    outer loop
      vertex -37.295467998775585 18.778610647184543 4.6
      vertex -37.295467998775585 23.221389352815457 4.6
      vertex -37.6 23.42487113059643 4.6
    endloop
  endfacet
  facet normal 0 0 1
    outer loop
      vertex -37.020101012677664 19.020101012677667 4.6
      vertex -36.77861064718454 19.29546799877558 4.6
      vertex -37.020101012677664 22.979898987322333 4.6
    endloop
  endfacet
  facet normal 0 0 1
    outer loop
      vertex -36.77861064718454 19.29546799877558 4.6
      vertex -36.57512886940357 19.6 4.6
      vertex -36.77861064718454 22.70453200122442 4.6
    endloop
  endfacet
  facet normal 0 0 1
    outer loop
      vertex -36.57512886940357 19.6 4.6
      vertex -36.413137308968395 19.92848638937775 4.6
      vertex -36.57512886940357 22.4 4.6
    endloop
  endfacet
  facet normal 0 0 1
    outer loop
      vertex -36.413137308968395 19.92848638937775 4.6
      vertex -36.29540768639061 20.27530667371294 4.6
      vertex -36.413137308968395 22.07151361062225 4.6
    endloop
  endfacet
  facet normal 0 0 1
    outer loop
      vertex -36.29540768639061 20.27530667371294 4.6
      vertex -36.22395438815333 20.634526661783855 4.6
      vertex -36.29540768639061 21.72469332628706 4.6
    endloop
  endfacet
  facet normal 0 0 1
    outer loop
      vertex -36.22395438815333 20.634526661783855 4.6
      vertex -36.2 21 4.6
      vertex -36.22395438815333 21.365473338216145 4.6
    endloop
  endfacet
  facet normal 0 0 1
    outer loop
      vertex -36.22395438815333 20.634526661783855 4.6
      vertex -36.22395438815333 21.365473338216145 4.6
      vertex -36.29540768639061 21.72469332628706 4.6
    endloop
  endfacet
  facet normal 0 0 1
    outer loop
      vertex -37.020101012677664 19.020101012677667 4.6
      vertex -37.020101012677664 22.979898987322333 4.6
      vertex -37.295467998775585 23.221389352815457 4.6
    endloop
  endfacet
  facet normal 0 0 1
    outer loop
      vertex -36.77861064718454 19.29546799877558 4.6
      vertex -36.77861064718454 22.70453200122442 4.6
      vertex -37.020101012677664 22.979898987322333 4.6
    endloop
  endfacet
  facet normal 0 0 1
    outer loop
      vertex -36.57512886940357 19.6 4.6
      vertex -36.57512886940357 22.4 4.6
      vertex -36.77861064718454 22.70453200122442 4.6
    endloop
  endfacet
  facet normal 0 0 1
    outer loop
      vertex -36.29540768639061 20.27530667371294 4.6
      vertex -36.29540768639061 21.72469332628706 4.6
      vertex -36.413137308968395 22.07151361062225 4.6
    endloop
  endfacet
  facet normal 0 0 1
    outer loop
      vertex -36.413137308968395 19.92848638937775 4.6
      vertex -36.413137308968395 22.07151361062225 4.6
      vertex -36.57512886940357 22.4 4.6
    endloop
  endfacet
  facet normal -0.8968727415326864 0.44228869021900524 0
    outer loop
      vertex -41.586862691031605 22.07151361062225 2.4
      vertex -41.42487113059643 22.4 4.6
      vertex -41.42487113059643 22.4 2.4
    endloop
  endfacet
  facet normal -0.8314696123025438 0.5555702330196043 0
    outer loop
      vertex -41.42487113059643 22.4 2.4
      vertex -41.22138935281546 22.70453200122442 4.6
      vertex -41.22138935281546 22.70453200122442 2.4
    endloop
  endfacet
  facet normal -0.7518398074789825 0.659345815100063 0
    outer loop
      vertex -41.22138935281546 22.70453200122442 2.4
      vertex -40.979898987322336 22.979898987322333 4.6
      vertex -40.979898987322336 22.979898987322333 2.4
    endloop
  endfacet
  facet normal -0.6593458151000589 0.7518398074789862 0
    outer loop
      vertex -40.979898987322336 22.979898987322333 2.4
      vertex -40.979898987322336 22.979898987322333 4.6
      vertex -40.704532001224415 23.221389352815457 2.4
    endloop
  endfacet
  facet normal -0.5555702330196087 0.8314696123025409 0
    outer loop
      vertex -40.704532001224415 23.221389352815457 2.4
      vertex -40.704532001224415 23.221389352815457 4.6
      vertex -40.4 23.42487113059643 2.4
    endloop
  endfacet
  facet normal -0.4422886902190014 0.8968727415326883 0
    outer loop
      vertex -40.4 23.42487113059643 2.4
      vertex -40.4 23.42487113059643 4.6
      vertex -40.071513610622254 23.5868626910316 2.4
    endloop
  endfacet
  facet normal -0.3214394653031667 0.946930129495104 0
    outer loop
      vertex -40.071513610622254 23.5868626910316 2.4
      vertex -40.071513610622254 23.5868626910316 4.6
      vertex -39.72469332628706 23.704592313609393 2.4
    endloop
  endfacet
  facet normal -0.19509032201612214 0.9807852804032317 0
    outer loop
      vertex -39.72469332628706 23.704592313609393 2.4
      vertex -39.72469332628706 23.704592313609393 4.6
      vertex -39.36547333821614 23.77604561184667 2.4
    endloop
  endfacet
  facet normal -0.06540312923014546 0.9978589232386034 0
    outer loop
      vertex -39.36547333821614 23.77604561184667 2.4
      vertex -39.36547333821614 23.77604561184667 4.6
      vertex -39 23.8 2.4
    endloop
  endfacet
  facet normal 0.06540312923014546 0.9978589232386034 0
    outer loop
      vertex -39 23.8 2.4
      vertex -39 23.8 4.6
      vertex -38.63452666178386 23.77604561184667 2.4
    endloop
  endfacet
  facet normal 0.19509032201612214 0.9807852804032317 0
    outer loop
      vertex -38.63452666178386 23.77604561184667 2.4
      vertex -38.63452666178386 23.77604561184667 4.6
      vertex -38.27530667371294 23.704592313609393 2.4
    endloop
  endfacet
  facet normal 0.3214394653031667 0.946930129495104 0
    outer loop
      vertex -38.27530667371294 23.704592313609393 2.4
      vertex -38.27530667371294 23.704592313609393 4.6
      vertex -37.928486389377746 23.5868626910316 2.4
    endloop
  endfacet
  facet normal 0.4422886902190014 0.8968727415326883 0
    outer loop
      vertex -37.928486389377746 23.5868626910316 2.4
      vertex -37.928486389377746 23.5868626910316 4.6
      vertex -37.6 23.42487113059643 2.4
    endloop
  endfacet
  facet normal 0.5555702330196087 0.8314696123025409 0
    outer loop
      vertex -37.6 23.42487113059643 2.4
      vertex -37.6 23.42487113059643 4.6
      vertex -37.295467998775585 23.221389352815457 2.4
    endloop
  endfacet
  facet normal 0.8314696123025438 0.5555702330196043 0
    outer loop
      vertex -36.57512886940357 22.4 2.4
      vertex -36.77861064718454 22.70453200122442 2.4
      vertex -36.57512886940357 22.4 4.6
    endloop
  endfacet
  facet normal 0.7518398074789825 0.659345815100063 0
    outer loop
      vertex -37.020101012677664 22.979898987322333 2.4
      vertex -36.77861064718454 22.70453200122442 4.6
      vertex -36.77861064718454 22.70453200122442 2.4
    endloop
  endfacet
  facet normal 0.6593458151000589 0.7518398074789862 0
    outer loop
      vertex -37.295467998775585 23.221389352815457 2.4
      vertex -37.295467998775585 23.221389352815457 4.6
      vertex -37.020101012677664 22.979898987322333 2.4
    endloop
  endfacet
  facet normal -0.8314696123025438 0.5555702330196043 0
    outer loop
      vertex -41.42487113059643 22.4 2.4
      vertex -41.42487113059643 22.4 4.6
      vertex -41.22138935281546 22.70453200122442 4.6
    endloop
  endfacet
  facet normal -0.7518398074789825 0.659345815100063 0
    outer loop
      vertex -41.22138935281546 22.70453200122442 2.4
      vertex -41.22138935281546 22.70453200122442 4.6
      vertex -40.979898987322336 22.979898987322333 4.6
    endloop
  endfacet
  facet normal -0.6593458151000589 0.7518398074789862 0
    outer loop
      vertex -40.704532001224415 23.221389352815457 2.4
      vertex -40.979898987322336 22.979898987322333 4.6
      vertex -40.704532001224415 23.221389352815457 4.6
    endloop
  endfacet
  facet normal -0.5555702330196087 0.8314696123025409 0
    outer loop
      vertex -40.4 23.42487113059643 2.4
      vertex -40.704532001224415 23.221389352815457 4.6
      vertex -40.4 23.42487113059643 4.6
    endloop
  endfacet
  facet normal -0.4422886902190014 0.8968727415326883 0
    outer loop
      vertex -40.071513610622254 23.5868626910316 2.4
      vertex -40.4 23.42487113059643 4.6
      vertex -40.071513610622254 23.5868626910316 4.6
    endloop
  endfacet
  facet normal -0.3214394653031667 0.946930129495104 0
    outer loop
      vertex -39.72469332628706 23.704592313609393 2.4
      vertex -40.071513610622254 23.5868626910316 4.6
      vertex -39.72469332628706 23.704592313609393 4.6
    endloop
  endfacet
  facet normal -0.19509032201612214 0.9807852804032317 0
    outer loop
      vertex -39.36547333821614 23.77604561184667 2.4
      vertex -39.72469332628706 23.704592313609393 4.6
      vertex -39.36547333821614 23.77604561184667 4.6
    endloop
  endfacet
  facet normal -0.06540312923014546 0.9978589232386034 0
    outer loop
      vertex -39 23.8 2.4
      vertex -39.36547333821614 23.77604561184667 4.6
      vertex -39 23.8 4.6
    endloop
  endfacet
  facet normal 0.06540312923014546 0.9978589232386034 0
    outer loop
      vertex -38.63452666178386 23.77604561184667 2.4
      vertex -39 23.8 4.6
      vertex -38.63452666178386 23.77604561184667 4.6
    endloop
  endfacet
  facet normal 0.3214394653031667 0.946930129495104 0
    outer loop
      vertex -37.928486389377746 23.5868626910316 2.4
      vertex -38.27530667371294 23.704592313609393 4.6
      vertex -37.928486389377746 23.5868626910316 4.6
    endloop
  endfacet
  facet normal 0.19509032201612214 0.9807852804032317 0
    outer loop
      vertex -38.27530667371294 23.704592313609393 2.4
      vertex -38.63452666178386 23.77604561184667 4.6
      vertex -38.27530667371294 23.704592313609393 4.6
    endloop
  endfacet
  facet normal 0.4422886902190014 0.8968727415326883 0
    outer loop
      vertex -37.6 23.42487113059643 2.4
      vertex -37.928486389377746 23.5868626910316 4.6
      vertex -37.6 23.42487113059643 4.6
    endloop
  endfacet
  facet normal 0.5555702330196087 0.8314696123025409 0
    outer loop
      vertex -37.295467998775585 23.221389352815457 2.4
      vertex -37.6 23.42487113059643 4.6
      vertex -37.295467998775585 23.221389352815457 4.6
    endloop
  endfacet
  facet normal 0.8968727415326864 0.44228869021900524 0
    outer loop
      vertex -36.413137308968395 22.07151361062225 4.6
      vertex -36.57512886940357 22.4 2.4
      vertex -36.57512886940357 22.4 4.6
    endloop
  endfacet
  facet normal 0.8314696123025438 0.5555702330196043 0
    outer loop
      vertex -36.77861064718454 22.70453200122442 2.4
      vertex -36.77861064718454 22.70453200122442 4.6
      vertex -36.57512886940357 22.4 4.6
    endloop
  endfacet
  facet normal 0.7518398074789825 0.659345815100063 0
    outer loop
      vertex -37.020101012677664 22.979898987322333 2.4
      vertex -37.020101012677664 22.979898987322333 4.6
      vertex -36.77861064718454 22.70453200122442 4.6
    endloop
  endfacet
  facet normal 0.6593458151000589 0.7518398074789862 0
    outer loop
      vertex -37.020101012677664 22.979898987322333 2.4
      vertex -37.295467998775585 23.221389352815457 4.6
      vertex -37.020101012677664 22.979898987322333 4.6
    endloop
  endfacet
  facet normal -0.6593458151000589 -0.7518398074789862 0
    outer loop
      vertex 37.020101012677664 -22.979898987322333 2.4
      vertex 37.295467998775585 -23.221389352815457 2.4
      vertex 37.295467998775585 -23.221389352815457 4.6
    endloop
  endfacet
  facet normal -0.7518398074789825 -0.659345815100063 0
    outer loop
      vertex 36.77861064718454 -22.70453200122442 2.4
      vertex 37.020101012677664 -22.979898987322333 2.4
      vertex 36.77861064718454 -22.70453200122442 4.6
    endloop
  endfacet
  facet normal -0.8314696123025438 -0.5555702330196043 0
    outer loop
      vertex 36.77861064718454 -22.70453200122442 2.4
      vertex 36.57512886940357 -22.4 4.6
      vertex 36.57512886940357 -22.4 2.4
    endloop
  endfacet
  facet normal -0.5555702330196087 -0.8314696123025409 0
    outer loop
      vertex 37.295467998775585 -23.221389352815457 2.4
      vertex 37.6 -23.42487113059643 2.4
      vertex 37.6 -23.42487113059643 4.6
    endloop
  endfacet
  facet normal -0.4422886902190014 -0.8968727415326883 0
    outer loop
      vertex 37.6 -23.42487113059643 2.4
      vertex 37.928486389377746 -23.5868626910316 2.4
      vertex 37.928486389377746 -23.5868626910316 4.6
    endloop
  endfacet
  facet normal -0.3214394653031667 -0.946930129495104 0
    outer loop
      vertex 37.928486389377746 -23.5868626910316 2.4
      vertex 38.27530667371294 -23.704592313609393 2.4
      vertex 38.27530667371294 -23.704592313609393 4.6
    endloop
  endfacet
  facet normal -0.19509032201612214 -0.9807852804032317 0
    outer loop
      vertex 38.27530667371294 -23.704592313609393 2.4
      vertex 38.63452666178386 -23.77604561184667 2.4
      vertex 38.63452666178386 -23.77604561184667 4.6
    endloop
  endfacet
  facet normal -0.06540312923014546 -0.9978589232386034 0
    outer loop
      vertex 38.63452666178386 -23.77604561184667 2.4
      vertex 39 -23.8 2.4
      vertex 39 -23.8 4.6
    endloop
  endfacet
  facet normal 0.06540312923014546 -0.9978589232386034 0
    outer loop
      vertex 39 -23.8 2.4
      vertex 39.36547333821614 -23.77604561184667 2.4
      vertex 39.36547333821614 -23.77604561184667 4.6
    endloop
  endfacet
  facet normal 0.19509032201612214 -0.9807852804032317 0
    outer loop
      vertex 39.36547333821614 -23.77604561184667 2.4
      vertex 39.72469332628706 -23.704592313609393 2.4
      vertex 39.72469332628706 -23.704592313609393 4.6
    endloop
  endfacet
  facet normal 0.3214394653031667 -0.946930129495104 0
    outer loop
      vertex 39.72469332628706 -23.704592313609393 2.4
      vertex 40.071513610622254 -23.5868626910316 2.4
      vertex 40.071513610622254 -23.5868626910316 4.6
    endloop
  endfacet
  facet normal 0.4422886902190014 -0.8968727415326883 0
    outer loop
      vertex 40.071513610622254 -23.5868626910316 2.4
      vertex 40.4 -23.42487113059643 2.4
      vertex 40.4 -23.42487113059643 4.6
    endloop
  endfacet
  facet normal 0.5555702330196087 -0.8314696123025409 0
    outer loop
      vertex 40.4 -23.42487113059643 2.4
      vertex 40.704532001224415 -23.221389352815457 2.4
      vertex 40.704532001224415 -23.221389352815457 4.6
    endloop
  endfacet
  facet normal 0.6593458151000589 -0.7518398074789862 0
    outer loop
      vertex 40.704532001224415 -23.221389352815457 2.4
      vertex 40.979898987322336 -22.979898987322333 2.4
      vertex 40.979898987322336 -22.979898987322333 4.6
    endloop
  endfacet
  facet normal 0.7518398074789825 -0.659345815100063 0
    outer loop
      vertex 40.979898987322336 -22.979898987322333 2.4
      vertex 41.22138935281546 -22.70453200122442 2.4
      vertex 40.979898987322336 -22.979898987322333 4.6
    endloop
  endfacet
  facet normal 0.8314696123025438 -0.5555702330196043 0
    outer loop
      vertex 41.22138935281546 -22.70453200122442 2.4
      vertex 41.42487113059643 -22.4 2.4
      vertex 41.22138935281546 -22.70453200122442 4.6
    endloop
  endfacet
  facet normal 0.8968727415326864 -0.44228869021900524 0
    outer loop
      vertex 41.42487113059643 -22.4 2.4
      vertex 41.586862691031605 -22.07151361062225 2.4
      vertex 41.42487113059643 -22.4 4.6
    endloop
  endfacet
  facet normal -0.6593458151000589 -0.7518398074789862 0
    outer loop
      vertex 37.020101012677664 -22.979898987322333 2.4
      vertex 37.295467998775585 -23.221389352815457 4.6
      vertex 37.020101012677664 -22.979898987322333 4.6
    endloop
  endfacet
  facet normal -0.7518398074789825 -0.659345815100063 0
    outer loop
      vertex 37.020101012677664 -22.979898987322333 2.4
      vertex 37.020101012677664 -22.979898987322333 4.6
      vertex 36.77861064718454 -22.70453200122442 4.6
    endloop
  endfacet
  facet normal -0.8314696123025438 -0.5555702330196043 0
    outer loop
      vertex 36.77861064718454 -22.70453200122442 2.4
      vertex 36.77861064718454 -22.70453200122442 4.6
      vertex 36.57512886940357 -22.4 4.6
    endloop
  endfacet
  facet normal -0.8968727415326864 -0.44228869021900524 0
    outer loop
      vertex 36.57512886940357 -22.4 2.4
      vertex 36.57512886940357 -22.4 4.6
      vertex 36.413137308968395 -22.07151361062225 4.6
    endloop
  endfacet
  facet normal -0.5555702330196087 -0.8314696123025409 0
    outer loop
      vertex 37.295467998775585 -23.221389352815457 2.4
      vertex 37.6 -23.42487113059643 4.6
      vertex 37.295467998775585 -23.221389352815457 4.6
    endloop
  endfacet
  facet normal -0.4422886902190014 -0.8968727415326883 0
    outer loop
      vertex 37.6 -23.42487113059643 2.4
      vertex 37.928486389377746 -23.5868626910316 4.6
      vertex 37.6 -23.42487113059643 4.6
    endloop
  endfacet
  facet normal -0.19509032201612214 -0.9807852804032317 0
    outer loop
      vertex 38.27530667371294 -23.704592313609393 2.4
      vertex 38.63452666178386 -23.77604561184667 4.6
      vertex 38.27530667371294 -23.704592313609393 4.6
    endloop
  endfacet
  facet normal -0.3214394653031667 -0.946930129495104 0
    outer loop
      vertex 37.928486389377746 -23.5868626910316 2.4
      vertex 38.27530667371294 -23.704592313609393 4.6
      vertex 37.928486389377746 -23.5868626910316 4.6
    endloop
  endfacet
  facet normal -0.06540312923014546 -0.9978589232386034 0
    outer loop
      vertex 38.63452666178386 -23.77604561184667 2.4
      vertex 39 -23.8 4.6
      vertex 38.63452666178386 -23.77604561184667 4.6
    endloop
  endfacet
  facet normal 0.06540312923014546 -0.9978589232386034 0
    outer loop
      vertex 39 -23.8 2.4
      vertex 39.36547333821614 -23.77604561184667 4.6
      vertex 39 -23.8 4.6
    endloop
  endfacet
  facet normal 0.19509032201612214 -0.9807852804032317 0
    outer loop
      vertex 39.36547333821614 -23.77604561184667 2.4
      vertex 39.72469332628706 -23.704592313609393 4.6
      vertex 39.36547333821614 -23.77604561184667 4.6
    endloop
  endfacet
  facet normal 0.3214394653031667 -0.946930129495104 0
    outer loop
      vertex 39.72469332628706 -23.704592313609393 2.4
      vertex 40.071513610622254 -23.5868626910316 4.6
      vertex 39.72469332628706 -23.704592313609393 4.6
    endloop
  endfacet
  facet normal 0.4422886902190014 -0.8968727415326883 0
    outer loop
      vertex 40.071513610622254 -23.5868626910316 2.4
      vertex 40.4 -23.42487113059643 4.6
      vertex 40.071513610622254 -23.5868626910316 4.6
    endloop
  endfacet
  facet normal 0.5555702330196087 -0.8314696123025409 0
    outer loop
      vertex 40.4 -23.42487113059643 2.4
      vertex 40.704532001224415 -23.221389352815457 4.6
      vertex 40.4 -23.42487113059643 4.6
    endloop
  endfacet
  facet normal 0.6593458151000589 -0.7518398074789862 0
    outer loop
      vertex 40.704532001224415 -23.221389352815457 2.4
      vertex 40.979898987322336 -22.979898987322333 4.6
      vertex 40.704532001224415 -23.221389352815457 4.6
    endloop
  endfacet
  facet normal 0.7518398074789825 -0.659345815100063 0
    outer loop
      vertex 41.22138935281546 -22.70453200122442 2.4
      vertex 41.22138935281546 -22.70453200122442 4.6
      vertex 40.979898987322336 -22.979898987322333 4.6
    endloop
  endfacet
  facet normal 0.8314696123025438 -0.5555702330196043 0
    outer loop
      vertex 41.42487113059643 -22.4 2.4
      vertex 41.42487113059643 -22.4 4.6
      vertex 41.22138935281546 -22.70453200122442 4.6
    endloop
  endfacet
  facet normal -0.8968727415326864 -0.44228869021900524 0
    outer loop
      vertex 36.57512886940357 -22.4 2.4
      vertex 36.413137308968395 -22.07151361062225 4.6
      vertex 36.413137308968395 -22.07151361062225 2.4
    endloop
  endfacet
  facet normal -0.9469301294951088 -0.3214394653031522 0
    outer loop
      vertex 36.413137308968395 -22.07151361062225 2.4
      vertex 36.29540768639061 -21.72469332628706 4.6
      vertex 36.29540768639061 -21.72469332628706 2.4
    endloop
  endfacet
  facet normal -0.9807852804032294 -0.19509032201613333 0
    outer loop
      vertex 36.29540768639061 -21.72469332628706 2.4
      vertex 36.22395438815333 -21.365473338216145 4.6
      vertex 36.22395438815333 -21.365473338216145 2.4
    endloop
  endfacet
  facet normal -0.997858923238604 -0.06540312923013518 0
    outer loop
      vertex 36.22395438815333 -21.365473338216145 2.4
      vertex 36.2 -21 4.6
      vertex 36.2 -21 2.4
    endloop
  endfacet
  facet normal -0.997858923238604 0.06540312923013518 0
    outer loop
      vertex 36.2 -21 2.4
      vertex 36.22395438815333 -20.634526661783855 4.6
      vertex 36.22395438815333 -20.634526661783855 2.4
    endloop
  endfacet
  facet normal -0.9807852804032294 0.19509032201613333 0
    outer loop
      vertex 36.22395438815333 -20.634526661783855 2.4
      vertex 36.29540768639061 -20.27530667371294 4.6
      vertex 36.29540768639061 -20.27530667371294 2.4
    endloop
  endfacet
  facet normal -0.9469301294951088 0.3214394653031522 0
    outer loop
      vertex 36.29540768639061 -20.27530667371294 2.4
      vertex 36.413137308968395 -19.92848638937775 4.6
      vertex 36.413137308968395 -19.92848638937775 2.4
    endloop
  endfacet
  facet normal -0.8968727415326864 0.44228869021900524 0
    outer loop
      vertex 36.413137308968395 -19.92848638937775 2.4
      vertex 36.57512886940357 -19.6 4.6
      vertex 36.57512886940357 -19.6 2.4
    endloop
  endfacet
  facet normal -0.8314696123025438 0.5555702330196043 0
    outer loop
      vertex 36.57512886940357 -19.6 2.4
      vertex 36.77861064718454 -19.29546799877558 4.6
      vertex 36.77861064718454 -19.29546799877558 2.4
    endloop
  endfacet
  facet normal -0.7518398074789825 0.659345815100063 0
    outer loop
      vertex 36.77861064718454 -19.29546799877558 2.4
      vertex 37.020101012677664 -19.020101012677667 4.6
      vertex 37.020101012677664 -19.020101012677667 2.4
    endloop
  endfacet
  facet normal -0.6593458151000589 0.7518398074789862 0
    outer loop
      vertex 37.020101012677664 -19.020101012677667 2.4
      vertex 37.020101012677664 -19.020101012677667 4.6
      vertex 37.295467998775585 -18.778610647184543 2.4
    endloop
  endfacet
  facet normal -0.5555702330196087 0.8314696123025409 0
    outer loop
      vertex 37.295467998775585 -18.778610647184543 2.4
      vertex 37.295467998775585 -18.778610647184543 4.6
      vertex 37.6 -18.57512886940357 2.4
    endloop
  endfacet
  facet normal 0.9469301294951088 -0.3214394653031522 0
    outer loop
      vertex 41.586862691031605 -22.07151361062225 2.4
      vertex 41.70459231360939 -21.72469332628706 2.4
      vertex 41.586862691031605 -22.07151361062225 4.6
    endloop
  endfacet
  facet normal 0.9469301294951088 0.3214394653031522 0
    outer loop
      vertex 41.586862691031605 -19.92848638937775 2.4
      vertex 41.70459231360939 -20.27530667371294 4.6
      vertex 41.70459231360939 -20.27530667371294 2.4
    endloop
  endfacet
  facet normal 0.8968727415326864 0.44228869021900524 0
    outer loop
      vertex 41.586862691031605 -19.92848638937775 2.4
      vertex 41.42487113059643 -19.6 2.4
      vertex 41.586862691031605 -19.92848638937775 4.6
    endloop
  endfacet
  facet normal 0.8314696123025438 0.5555702330196043 0
    outer loop
      vertex 41.42487113059643 -19.6 2.4
      vertex 41.22138935281546 -19.29546799877558 2.4
      vertex 41.42487113059643 -19.6 4.6
    endloop
  endfacet
  facet normal 0.5555702330196087 0.8314696123025409 0
    outer loop
      vertex 40.4 -18.57512886940357 2.4
      vertex 40.4 -18.57512886940357 4.6
      vertex 40.704532001224415 -18.778610647184543 2.4
    endloop
  endfacet
  facet normal 0.6593458151000589 0.7518398074789862 0
    outer loop
      vertex 40.704532001224415 -18.778610647184543 2.4
      vertex 40.704532001224415 -18.778610647184543 4.6
      vertex 40.979898987322336 -19.020101012677667 2.4
    endloop
  endfacet
  facet normal 0.7518398074789825 0.659345815100063 0
    outer loop
      vertex 41.22138935281546 -19.29546799877558 2.4
      vertex 40.979898987322336 -19.020101012677667 2.4
      vertex 41.22138935281546 -19.29546799877558 4.6
    endloop
  endfacet
  facet normal -0.4422886902190014 0.8968727415326883 0
    outer loop
      vertex 37.6 -18.57512886940357 2.4
      vertex 37.6 -18.57512886940357 4.6
      vertex 37.928486389377746 -18.4131373089684 2.4
    endloop
  endfacet
  facet normal -0.3214394653031667 0.946930129495104 0
    outer loop
      vertex 37.928486389377746 -18.4131373089684 2.4
      vertex 37.928486389377746 -18.4131373089684 4.6
      vertex 38.27530667371294 -18.295407686390607 2.4
    endloop
  endfacet
  facet normal -0.19509032201612214 0.9807852804032317 0
    outer loop
      vertex 38.27530667371294 -18.295407686390607 2.4
      vertex 38.27530667371294 -18.295407686390607 4.6
      vertex 38.63452666178386 -18.22395438815333 2.4
    endloop
  endfacet
  facet normal -0.06540312923014546 0.9978589232386034 0
    outer loop
      vertex 38.63452666178386 -18.22395438815333 2.4
      vertex 38.63452666178386 -18.22395438815333 4.6
      vertex 39 -18.2 2.4
    endloop
  endfacet
  facet normal 0.06540312923014546 0.9978589232386034 0
    outer loop
      vertex 39 -18.2 2.4
      vertex 39 -18.2 4.6
      vertex 39.36547333821614 -18.22395438815333 2.4
    endloop
  endfacet
  facet normal 0.19509032201612214 0.9807852804032317 0
    outer loop
      vertex 39.36547333821614 -18.22395438815333 2.4
      vertex 39.36547333821614 -18.22395438815333 4.6
      vertex 39.72469332628706 -18.295407686390607 2.4
    endloop
  endfacet
  facet normal 0.3214394653031667 0.946930129495104 0
    outer loop
      vertex 39.72469332628706 -18.295407686390607 2.4
      vertex 39.72469332628706 -18.295407686390607 4.6
      vertex 40.071513610622254 -18.4131373089684 2.4
    endloop
  endfacet
  facet normal 0.4422886902190014 0.8968727415326883 0
    outer loop
      vertex 40.4 -18.57512886940357 2.4
      vertex 40.071513610622254 -18.4131373089684 2.4
      vertex 40.071513610622254 -18.4131373089684 4.6
    endloop
  endfacet
  facet normal 0.9807852804032294 -0.19509032201613333 0
    outer loop
      vertex 41.70459231360939 -21.72469332628706 2.4
      vertex 41.77604561184667 -21.365473338216145 2.4
      vertex 41.70459231360939 -21.72469332628706 4.6
    endloop
  endfacet
  facet normal 0.997858923238604 -0.06540312923013518 0
    outer loop
      vertex 41.77604561184667 -21.365473338216145 2.4
      vertex 41.8 -21 2.4
      vertex 41.77604561184667 -21.365473338216145 4.6
    endloop
  endfacet
  facet normal 0.997858923238604 0.06540312923013518 0
    outer loop
      vertex 41.8 -21 2.4
      vertex 41.77604561184667 -20.634526661783855 2.4
      vertex 41.8 -21 4.6
    endloop
  endfacet
  facet normal 0.9807852804032294 0.19509032201613333 0
    outer loop
      vertex 41.77604561184667 -20.634526661783855 2.4
      vertex 41.70459231360939 -20.27530667371294 2.4
      vertex 41.77604561184667 -20.634526661783855 4.6
    endloop
  endfacet
  facet normal -0.9469301294951088 -0.3214394653031522 0
    outer loop
      vertex 36.413137308968395 -22.07151361062225 2.4
      vertex 36.413137308968395 -22.07151361062225 4.6
      vertex 36.29540768639061 -21.72469332628706 4.6
    endloop
  endfacet
  facet normal -0.9807852804032294 -0.19509032201613333 0
    outer loop
      vertex 36.29540768639061 -21.72469332628706 2.4
      vertex 36.29540768639061 -21.72469332628706 4.6
      vertex 36.22395438815333 -21.365473338216145 4.6
    endloop
  endfacet
  facet normal -0.997858923238604 -0.06540312923013518 0
    outer loop
      vertex 36.22395438815333 -21.365473338216145 2.4
      vertex 36.22395438815333 -21.365473338216145 4.6
      vertex 36.2 -21 4.6
    endloop
  endfacet
  facet normal -0.997858923238604 0.06540312923013518 0
    outer loop
      vertex 36.2 -21 2.4
      vertex 36.2 -21 4.6
      vertex 36.22395438815333 -20.634526661783855 4.6
    endloop
  endfacet
  facet normal -0.9807852804032294 0.19509032201613333 0
    outer loop
      vertex 36.22395438815333 -20.634526661783855 2.4
      vertex 36.22395438815333 -20.634526661783855 4.6
      vertex 36.29540768639061 -20.27530667371294 4.6
    endloop
  endfacet
  facet normal -0.9469301294951088 0.3214394653031522 0
    outer loop
      vertex 36.29540768639061 -20.27530667371294 2.4
      vertex 36.29540768639061 -20.27530667371294 4.6
      vertex 36.413137308968395 -19.92848638937775 4.6
    endloop
  endfacet
  facet normal -0.8968727415326864 0.44228869021900524 0
    outer loop
      vertex 36.413137308968395 -19.92848638937775 2.4
      vertex 36.413137308968395 -19.92848638937775 4.6
      vertex 36.57512886940357 -19.6 4.6
    endloop
  endfacet
  facet normal -0.8314696123025438 0.5555702330196043 0
    outer loop
      vertex 36.57512886940357 -19.6 2.4
      vertex 36.57512886940357 -19.6 4.6
      vertex 36.77861064718454 -19.29546799877558 4.6
    endloop
  endfacet
  facet normal -0.7518398074789825 0.659345815100063 0
    outer loop
      vertex 36.77861064718454 -19.29546799877558 2.4
      vertex 36.77861064718454 -19.29546799877558 4.6
      vertex 37.020101012677664 -19.020101012677667 4.6
    endloop
  endfacet
  facet normal -0.6593458151000589 0.7518398074789862 0
    outer loop
      vertex 37.295467998775585 -18.778610647184543 2.4
      vertex 37.020101012677664 -19.020101012677667 4.6
      vertex 37.295467998775585 -18.778610647184543 4.6
    endloop
  endfacet
  facet normal -0.5555702330196087 0.8314696123025409 0
    outer loop
      vertex 37.6 -18.57512886940357 2.4
      vertex 37.295467998775585 -18.778610647184543 4.6
      vertex 37.6 -18.57512886940357 4.6
    endloop
  endfacet
  facet normal 0.8968727415326864 -0.44228869021900524 0
    outer loop
      vertex 41.42487113059643 -22.4 4.6
      vertex 41.586862691031605 -22.07151361062225 2.4
      vertex 41.586862691031605 -22.07151361062225 4.6
    endloop
  endfacet
  facet normal 0.9469301294951088 -0.3214394653031522 0
    outer loop
      vertex 41.70459231360939 -21.72469332628706 2.4
      vertex 41.70459231360939 -21.72469332628706 4.6
      vertex 41.586862691031605 -22.07151361062225 4.6
    endloop
  endfacet
  facet normal 0.9469301294951088 0.3214394653031522 0
    outer loop
      vertex 41.586862691031605 -19.92848638937775 2.4
      vertex 41.586862691031605 -19.92848638937775 4.6
      vertex 41.70459231360939 -20.27530667371294 4.6
    endloop
  endfacet
  facet normal 0.8968727415326864 0.44228869021900524 0
    outer loop
      vertex 41.42487113059643 -19.6 2.4
      vertex 41.42487113059643 -19.6 4.6
      vertex 41.586862691031605 -19.92848638937775 4.6
    endloop
  endfacet
  facet normal 0.6593458151000589 0.7518398074789862 0
    outer loop
      vertex 40.979898987322336 -19.020101012677667 2.4
      vertex 40.704532001224415 -18.778610647184543 4.6
      vertex 40.979898987322336 -19.020101012677667 4.6
    endloop
  endfacet
  facet normal 0.5555702330196087 0.8314696123025409 0
    outer loop
      vertex 40.704532001224415 -18.778610647184543 2.4
      vertex 40.4 -18.57512886940357 4.6
      vertex 40.704532001224415 -18.778610647184543 4.6
    endloop
  endfacet
  facet normal 0.8314696123025438 0.5555702330196043 0
    outer loop
      vertex 41.22138935281546 -19.29546799877558 2.4
      vertex 41.22138935281546 -19.29546799877558 4.6
      vertex 41.42487113059643 -19.6 4.6
    endloop
  endfacet
  facet normal 0.7518398074789825 0.659345815100063 0
    outer loop
      vertex 40.979898987322336 -19.020101012677667 2.4
      vertex 40.979898987322336 -19.020101012677667 4.6
      vertex 41.22138935281546 -19.29546799877558 4.6
    endloop
  endfacet
  facet normal 0 0 1
    outer loop
      vertex 36.57512886940357 -22.4 4.6
      vertex 36.413137308968395 -19.92848638937775 4.6
      vertex 36.413137308968395 -22.07151361062225 4.6
    endloop
  endfacet
  facet normal 0 0 1
    outer loop
      vertex 36.413137308968395 -22.07151361062225 4.6
      vertex 36.29540768639061 -20.27530667371294 4.6
      vertex 36.29540768639061 -21.72469332628706 4.6
    endloop
  endfacet
  facet normal 0 0 1
    outer loop
      vertex 36.77861064718454 -22.70453200122442 4.6
      vertex 36.57512886940357 -19.6 4.6
      vertex 36.57512886940357 -22.4 4.6
    endloop
  endfacet
  facet normal 0 0 1
    outer loop
      vertex 36.77861064718454 -22.70453200122442 4.6
      vertex 37.020101012677664 -22.979898987322333 4.6
      vertex 36.77861064718454 -19.29546799877558 4.6
    endloop
  endfacet
  facet normal 0 0 1
    outer loop
      vertex 37.020101012677664 -22.979898987322333 4.6
      vertex 37.295467998775585 -23.221389352815457 4.6
      vertex 37.020101012677664 -19.020101012677667 4.6
    endloop
  endfacet
  facet normal 0 0 1
    outer loop
      vertex 36.29540768639061 -21.72469332628706 4.6
      vertex 36.22395438815333 -20.634526661783855 4.6
      vertex 36.22395438815333 -21.365473338216145 4.6
    endloop
  endfacet
  facet normal 0 0 1
    outer loop
      vertex 36.22395438815333 -21.365473338216145 4.6
      vertex 36.22395438815333 -20.634526661783855 4.6
      vertex 36.2 -21 4.6
    endloop
  endfacet
  facet normal 0 0 1
    outer loop
      vertex 36.29540768639061 -21.72469332628706 4.6
      vertex 36.29540768639061 -20.27530667371294 4.6
      vertex 36.22395438815333 -20.634526661783855 4.6
    endloop
  endfacet
  facet normal 0 0 1
    outer loop
      vertex 36.413137308968395 -22.07151361062225 4.6
      vertex 36.413137308968395 -19.92848638937775 4.6
      vertex 36.29540768639061 -20.27530667371294 4.6
    endloop
  endfacet
  facet normal 0 0 1
    outer loop
      vertex 36.57512886940357 -22.4 4.6
      vertex 36.57512886940357 -19.6 4.6
      vertex 36.413137308968395 -19.92848638937775 4.6
    endloop
  endfacet
  facet normal 0 0 1
    outer loop
      vertex 36.77861064718454 -22.70453200122442 4.6
      vertex 36.77861064718454 -19.29546799877558 4.6
      vertex 36.57512886940357 -19.6 4.6
    endloop
  endfacet
  facet normal 0 0 1
    outer loop
      vertex 37.020101012677664 -22.979898987322333 4.6
      vertex 37.020101012677664 -19.020101012677667 4.6
      vertex 36.77861064718454 -19.29546799877558 4.6
    endloop
  endfacet
  facet normal 0 0 1
    outer loop
      vertex 37.295467998775585 -23.221389352815457 4.6
      vertex 37.6 -23.42487113059643 4.6
      vertex 37.295467998775585 -18.778610647184543 4.6
    endloop
  endfacet
  facet normal 0 0 1
    outer loop
      vertex 37.6 -23.42487113059643 4.6
      vertex 37.928486389377746 -23.5868626910316 4.6
      vertex 37.6 -18.57512886940357 4.6
    endloop
  endfacet
  facet normal 0 0 1
    outer loop
      vertex 37.928486389377746 -23.5868626910316 4.6
      vertex 38.27530667371294 -23.704592313609393 4.6
      vertex 37.928486389377746 -18.4131373089684 4.6
    endloop
  endfacet
  facet normal 0 0 1
    outer loop
      vertex 38.27530667371294 -23.704592313609393 4.6
      vertex 38.63452666178386 -23.77604561184667 4.6
      vertex 38.27530667371294 -18.295407686390607 4.6
    endloop
  endfacet
  facet normal 0 0 1
    outer loop
      vertex 37.295467998775585 -23.221389352815457 4.6
      vertex 37.295467998775585 -18.778610647184543 4.6
      vertex 37.020101012677664 -19.020101012677667 4.6
    endloop
  endfacet
  facet normal 0 0 1
    outer loop
      vertex 37.6 -23.42487113059643 4.6
      vertex 37.6 -18.57512886940357 4.6
      vertex 37.295467998775585 -18.778610647184543 4.6
    endloop
  endfacet
  facet normal 0 0 1
    outer loop
      vertex 37.928486389377746 -23.5868626910316 4.6
      vertex 37.928486389377746 -18.4131373089684 4.6
      vertex 37.6 -18.57512886940357 4.6
    endloop
  endfacet
  facet normal 0 0 1
    outer loop
      vertex 38.27530667371294 -23.704592313609393 4.6
      vertex 38.27530667371294 -18.295407686390607 4.6
      vertex 37.928486389377746 -18.4131373089684 4.6
    endloop
  endfacet
  facet normal 0 0 1
    outer loop
      vertex 38.63452666178386 -23.77604561184667 4.6
      vertex 38.63452666178386 -18.22395438815333 4.6
      vertex 38.27530667371294 -18.295407686390607 4.6
    endloop
  endfacet
  facet normal 0 0 1
    outer loop
      vertex 38.63452666178386 -23.77604561184667 4.6
      vertex 39 -23.8 4.6
      vertex 38.63452666178386 -18.22395438815333 4.6
    endloop
  endfacet
  facet normal 0 0 1
    outer loop
      vertex 39 -23.8 4.6
      vertex 39.36547333821614 -23.77604561184667 4.6
      vertex 39 -18.2 4.6
    endloop
  endfacet
  facet normal 0 0 1
    outer loop
      vertex 39.36547333821614 -23.77604561184667 4.6
      vertex 39.72469332628706 -23.704592313609393 4.6
      vertex 39.36547333821614 -18.22395438815333 4.6
    endloop
  endfacet
  facet normal 0 0 1
    outer loop
      vertex 39.72469332628706 -23.704592313609393 4.6
      vertex 40.071513610622254 -23.5868626910316 4.6
      vertex 39.72469332628706 -18.295407686390607 4.6
    endloop
  endfacet
  facet normal 0 0 1
    outer loop
      vertex 40.071513610622254 -23.5868626910316 4.6
      vertex 40.4 -23.42487113059643 4.6
      vertex 40.071513610622254 -18.4131373089684 4.6
    endloop
  endfacet
  facet normal 0 0 1
    outer loop
      vertex 40.4 -23.42487113059643 4.6
      vertex 40.704532001224415 -23.221389352815457 4.6
      vertex 40.4 -18.57512886940357 4.6
    endloop
  endfacet
  facet normal 0 0 1
    outer loop
      vertex 40.704532001224415 -23.221389352815457 4.6
      vertex 40.979898987322336 -22.979898987322333 4.6
      vertex 40.704532001224415 -18.778610647184543 4.6
    endloop
  endfacet
  facet normal 0 0 1
    outer loop
      vertex 40.979898987322336 -22.979898987322333 4.6
      vertex 41.22138935281546 -22.70453200122442 4.6
      vertex 40.979898987322336 -19.020101012677667 4.6
    endloop
  endfacet
  facet normal 0 0 1
    outer loop
      vertex 41.22138935281546 -22.70453200122442 4.6
      vertex 41.42487113059643 -22.4 4.6
      vertex 41.22138935281546 -19.29546799877558 4.6
    endloop
  endfacet
  facet normal 0 0 1
    outer loop
      vertex 41.42487113059643 -22.4 4.6
      vertex 41.586862691031605 -22.07151361062225 4.6
      vertex 41.42487113059643 -19.6 4.6
    endloop
  endfacet
  facet normal 0 0 1
    outer loop
      vertex 41.586862691031605 -22.07151361062225 4.6
      vertex 41.70459231360939 -21.72469332628706 4.6
      vertex 41.586862691031605 -19.92848638937775 4.6
    endloop
  endfacet
  facet normal 0 0 1
    outer loop
      vertex 41.586862691031605 -19.92848638937775 4.6
      vertex 41.70459231360939 -21.72469332628706 4.6
      vertex 41.70459231360939 -20.27530667371294 4.6
    endloop
  endfacet
  facet normal 0 0 1
    outer loop
      vertex 41.42487113059643 -22.4 4.6
      vertex 41.42487113059643 -19.6 4.6
      vertex 41.22138935281546 -19.29546799877558 4.6
    endloop
  endfacet
  facet normal 0 0 1
    outer loop
      vertex 41.586862691031605 -22.07151361062225 4.6
      vertex 41.586862691031605 -19.92848638937775 4.6
      vertex 41.42487113059643 -19.6 4.6
    endloop
  endfacet
  facet normal 0 0 1
    outer loop
      vertex 39 -23.8 4.6
      vertex 39 -18.2 4.6
      vertex 38.63452666178386 -18.22395438815333 4.6
    endloop
  endfacet
  facet normal 0 0 1
    outer loop
      vertex 39.36547333821614 -23.77604561184667 4.6
      vertex 39.36547333821614 -18.22395438815333 4.6
      vertex 39 -18.2 4.6
    endloop
  endfacet
  facet normal 0 0 1
    outer loop
      vertex 39.72469332628706 -23.704592313609393 4.6
      vertex 39.72469332628706 -18.295407686390607 4.6
      vertex 39.36547333821614 -18.22395438815333 4.6
    endloop
  endfacet
  facet normal 0 0 1
    outer loop
      vertex 40.071513610622254 -23.5868626910316 4.6
      vertex 40.071513610622254 -18.4131373089684 4.6
      vertex 39.72469332628706 -18.295407686390607 4.6
    endloop
  endfacet
  facet normal 0 0 1
    outer loop
      vertex 40.4 -23.42487113059643 4.6
      vertex 40.4 -18.57512886940357 4.6
      vertex 40.071513610622254 -18.4131373089684 4.6
    endloop
  endfacet
  facet normal 0 0 1
    outer loop
      vertex 40.704532001224415 -23.221389352815457 4.6
      vertex 40.704532001224415 -18.778610647184543 4.6
      vertex 40.4 -18.57512886940357 4.6
    endloop
  endfacet
  facet normal 0 0 1
    outer loop
      vertex 40.979898987322336 -22.979898987322333 4.6
      vertex 40.979898987322336 -19.020101012677667 4.6
      vertex 40.704532001224415 -18.778610647184543 4.6
    endloop
  endfacet
  facet normal 0 0 1
    outer loop
      vertex 41.22138935281546 -22.70453200122442 4.6
      vertex 41.22138935281546 -19.29546799877558 4.6
      vertex 40.979898987322336 -19.020101012677667 4.6
    endloop
  endfacet
  facet normal -0.4422886902190014 0.8968727415326883 0
    outer loop
      vertex 37.928486389377746 -18.4131373089684 2.4
      vertex 37.6 -18.57512886940357 4.6
      vertex 37.928486389377746 -18.4131373089684 4.6
    endloop
  endfacet
  facet normal -0.3214394653031667 0.946930129495104 0
    outer loop
      vertex 38.27530667371294 -18.295407686390607 2.4
      vertex 37.928486389377746 -18.4131373089684 4.6
      vertex 38.27530667371294 -18.295407686390607 4.6
    endloop
  endfacet
  facet normal -0.19509032201612214 0.9807852804032317 0
    outer loop
      vertex 38.63452666178386 -18.22395438815333 2.4
      vertex 38.27530667371294 -18.295407686390607 4.6
      vertex 38.63452666178386 -18.22395438815333 4.6
    endloop
  endfacet
  facet normal -0.06540312923014546 0.9978589232386034 0
    outer loop
      vertex 39 -18.2 2.4
      vertex 38.63452666178386 -18.22395438815333 4.6
      vertex 39 -18.2 4.6
    endloop
  endfacet
  facet normal 0.06540312923014546 0.9978589232386034 0
    outer loop
      vertex 39.36547333821614 -18.22395438815333 2.4
      vertex 39 -18.2 4.6
      vertex 39.36547333821614 -18.22395438815333 4.6
    endloop
  endfacet
  facet normal 0.19509032201612214 0.9807852804032317 0
    outer loop
      vertex 39.72469332628706 -18.295407686390607 2.4
      vertex 39.36547333821614 -18.22395438815333 4.6
      vertex 39.72469332628706 -18.295407686390607 4.6
    endloop
  endfacet
  facet normal 0.3214394653031667 0.946930129495104 0
    outer loop
      vertex 40.071513610622254 -18.4131373089684 2.4
      vertex 39.72469332628706 -18.295407686390607 4.6
      vertex 40.071513610622254 -18.4131373089684 4.6
    endloop
  endfacet
  facet normal 0.4422886902190014 0.8968727415326883 0
    outer loop
      vertex 40.4 -18.57512886940357 2.4
      vertex 40.071513610622254 -18.4131373089684 4.6
      vertex 40.4 -18.57512886940357 4.6
    endloop
  endfacet
  facet normal 0.9807852804032294 -0.19509032201613333 0
    outer loop
      vertex 41.77604561184667 -21.365473338216145 2.4
      vertex 41.77604561184667 -21.365473338216145 4.6
      vertex 41.70459231360939 -21.72469332628706 4.6
    endloop
  endfacet
  facet normal 0.997858923238604 -0.06540312923013518 0
    outer loop
      vertex 41.8 -21 2.4
      vertex 41.8 -21 4.6
      vertex 41.77604561184667 -21.365473338216145 4.6
    endloop
  endfacet
  facet normal 0.997858923238604 0.06540312923013518 0
    outer loop
      vertex 41.77604561184667 -20.634526661783855 2.4
      vertex 41.77604561184667 -20.634526661783855 4.6
      vertex 41.8 -21 4.6
    endloop
  endfacet
  facet normal 0.9807852804032294 0.19509032201613333 0
    outer loop
      vertex 41.70459231360939 -20.27530667371294 2.4
      vertex 41.70459231360939 -20.27530667371294 4.6
      vertex 41.77604561184667 -20.634526661783855 4.6
    endloop
  endfacet
  facet normal 0 0 1
    outer loop
      vertex 41.70459231360939 -21.72469332628706 4.6
      vertex 41.77604561184667 -21.365473338216145 4.6
      vertex 41.70459231360939 -20.27530667371294 4.6
    endloop
  endfacet
  facet normal 0 0 1
    outer loop
      vertex 41.77604561184667 -21.365473338216145 4.6
      vertex 41.8 -21 4.6
      vertex 41.77604561184667 -20.634526661783855 4.6
    endloop
  endfacet
  facet normal 0 0 1
    outer loop
      vertex 41.77604561184667 -21.365473338216145 4.6
      vertex 41.77604561184667 -20.634526661783855 4.6
      vertex 41.70459231360939 -20.27530667371294 4.6
    endloop
  endfacet
  facet normal -0.4422886902190014 -0.8968727415326883 0
    outer loop
      vertex 37.928486389377746 18.4131373089684 2.4
      vertex 37.928486389377746 18.4131373089684 4.6
      vertex 37.6 18.57512886940357 2.4
    endloop
  endfacet
  facet normal -0.3214394653031667 -0.946930129495104 0
    outer loop
      vertex 37.928486389377746 18.4131373089684 2.4
      vertex 38.27530667371294 18.295407686390607 2.4
      vertex 38.27530667371294 18.295407686390607 4.6
    endloop
  endfacet
  facet normal -0.19509032201612214 -0.9807852804032317 0
    outer loop
      vertex 38.27530667371294 18.295407686390607 2.4
      vertex 38.63452666178386 18.22395438815333 2.4
      vertex 38.63452666178386 18.22395438815333 4.6
    endloop
  endfacet
  facet normal -0.06540312923014546 -0.9978589232386034 0
    outer loop
      vertex 38.63452666178386 18.22395438815333 2.4
      vertex 39 18.2 2.4
      vertex 39 18.2 4.6
    endloop
  endfacet
  facet normal 0.06540312923014546 -0.9978589232386034 0
    outer loop
      vertex 39 18.2 2.4
      vertex 39.36547333821614 18.22395438815333 2.4
      vertex 39.36547333821614 18.22395438815333 4.6
    endloop
  endfacet
  facet normal 0.19509032201612214 -0.9807852804032317 0
    outer loop
      vertex 39.36547333821614 18.22395438815333 2.4
      vertex 39.72469332628706 18.295407686390607 2.4
      vertex 39.72469332628706 18.295407686390607 4.6
    endloop
  endfacet
  facet normal 0.3214394653031667 -0.946930129495104 0
    outer loop
      vertex 39.72469332628706 18.295407686390607 2.4
      vertex 40.071513610622254 18.4131373089684 2.4
      vertex 40.071513610622254 18.4131373089684 4.6
    endloop
  endfacet
  facet normal 0.4422886902190014 -0.8968727415326883 0
    outer loop
      vertex 40.071513610622254 18.4131373089684 2.4
      vertex 40.4 18.57512886940357 2.4
      vertex 40.4 18.57512886940357 4.6
    endloop
  endfacet
  facet normal -0.6593458151000589 -0.7518398074789862 0
    outer loop
      vertex 37.020101012677664 19.020101012677667 2.4
      vertex 37.295467998775585 18.778610647184543 2.4
      vertex 37.295467998775585 18.778610647184543 4.6
    endloop
  endfacet
  facet normal -0.7518398074789825 -0.659345815100063 0
    outer loop
      vertex 36.77861064718454 19.29546799877558 2.4
      vertex 37.020101012677664 19.020101012677667 2.4
      vertex 36.77861064718454 19.29546799877558 4.6
    endloop
  endfacet
  facet normal -0.8968727415326864 -0.44228869021900524 0
    outer loop
      vertex 36.413137308968395 19.92848638937775 2.4
      vertex 36.57512886940357 19.6 2.4
      vertex 36.413137308968395 19.92848638937775 4.6
    endloop
  endfacet
  facet normal -0.9469301294951088 -0.3214394653031522 0
    outer loop
      vertex 36.413137308968395 19.92848638937775 2.4
      vertex 36.29540768639061 20.27530667371294 4.6
      vertex 36.29540768639061 20.27530667371294 2.4
    endloop
  endfacet
  facet normal -0.8314696123025438 -0.5555702330196043 0
    outer loop
      vertex 36.77861064718454 19.29546799877558 2.4
      vertex 36.57512886940357 19.6 4.6
      vertex 36.57512886940357 19.6 2.4
    endloop
  endfacet
  facet normal -0.5555702330196087 -0.8314696123025409 0
    outer loop
      vertex 37.295467998775585 18.778610647184543 2.4
      vertex 37.6 18.57512886940357 2.4
      vertex 37.6 18.57512886940357 4.6
    endloop
  endfacet
  facet normal -0.9807852804032294 -0.19509032201613333 0
    outer loop
      vertex 36.29540768639061 20.27530667371294 2.4
      vertex 36.22395438815333 20.634526661783855 4.6
      vertex 36.22395438815333 20.634526661783855 2.4
    endloop
  endfacet
  facet normal -0.997858923238604 -0.06540312923013518 0
    outer loop
      vertex 36.22395438815333 20.634526661783855 2.4
      vertex 36.2 21 4.6
      vertex 36.2 21 2.4
    endloop
  endfacet
  facet normal -0.997858923238604 0.06540312923013518 0
    outer loop
      vertex 36.2 21 2.4
      vertex 36.22395438815333 21.365473338216145 4.6
      vertex 36.22395438815333 21.365473338216145 2.4
    endloop
  endfacet
  facet normal -0.9807852804032294 0.19509032201613333 0
    outer loop
      vertex 36.22395438815333 21.365473338216145 2.4
      vertex 36.29540768639061 21.72469332628706 4.6
      vertex 36.29540768639061 21.72469332628706 2.4
    endloop
  endfacet
  facet normal -0.9469301294951088 0.3214394653031522 0
    outer loop
      vertex 36.29540768639061 21.72469332628706 2.4
      vertex 36.413137308968395 22.07151361062225 4.6
      vertex 36.413137308968395 22.07151361062225 2.4
    endloop
  endfacet
  facet normal 0.5555702330196087 -0.8314696123025409 0
    outer loop
      vertex 40.4 18.57512886940357 2.4
      vertex 40.704532001224415 18.778610647184543 2.4
      vertex 40.704532001224415 18.778610647184543 4.6
    endloop
  endfacet
  facet normal 0.6593458151000589 -0.7518398074789862 0
    outer loop
      vertex 40.704532001224415 18.778610647184543 2.4
      vertex 40.979898987322336 19.020101012677667 2.4
      vertex 40.979898987322336 19.020101012677667 4.6
    endloop
  endfacet
  facet normal 0.7518398074789825 -0.659345815100063 0
    outer loop
      vertex 40.979898987322336 19.020101012677667 2.4
      vertex 41.22138935281546 19.29546799877558 2.4
      vertex 40.979898987322336 19.020101012677667 4.6
    endloop
  endfacet
  facet normal 0.8314696123025438 -0.5555702330196043 0
    outer loop
      vertex 41.22138935281546 19.29546799877558 2.4
      vertex 41.42487113059643 19.6 2.4
      vertex 41.22138935281546 19.29546799877558 4.6
    endloop
  endfacet
  facet normal 0.8968727415326864 -0.44228869021900524 0
    outer loop
      vertex 41.42487113059643 19.6 2.4
      vertex 41.586862691031605 19.92848638937775 2.4
      vertex 41.42487113059643 19.6 4.6
    endloop
  endfacet
  facet normal 0.9469301294951088 -0.3214394653031522 0
    outer loop
      vertex 41.586862691031605 19.92848638937775 2.4
      vertex 41.70459231360939 20.27530667371294 2.4
      vertex 41.586862691031605 19.92848638937775 4.6
    endloop
  endfacet
  facet normal 0.9469301294951088 0.3214394653031522 0
    outer loop
      vertex 41.586862691031605 22.07151361062225 2.4
      vertex 41.70459231360939 21.72469332628706 4.6
      vertex 41.70459231360939 21.72469332628706 2.4
    endloop
  endfacet
  facet normal 0.8968727415326864 0.44228869021900524 0
    outer loop
      vertex 41.586862691031605 22.07151361062225 2.4
      vertex 41.42487113059643 22.4 2.4
      vertex 41.586862691031605 22.07151361062225 4.6
    endloop
  endfacet
  facet normal 0.9807852804032294 -0.19509032201613333 0
    outer loop
      vertex 41.70459231360939 20.27530667371294 2.4
      vertex 41.77604561184667 20.634526661783855 2.4
      vertex 41.70459231360939 20.27530667371294 4.6
    endloop
  endfacet
  facet normal 0.997858923238604 -0.06540312923013518 0
    outer loop
      vertex 41.77604561184667 20.634526661783855 2.4
      vertex 41.8 21 2.4
      vertex 41.77604561184667 20.634526661783855 4.6
    endloop
  endfacet
  facet normal 0.997858923238604 0.06540312923013518 0
    outer loop
      vertex 41.8 21 2.4
      vertex 41.77604561184667 21.365473338216145 2.4
      vertex 41.8 21 4.6
    endloop
  endfacet
  facet normal 0.9807852804032294 0.19509032201613333 0
    outer loop
      vertex 41.77604561184667 21.365473338216145 2.4
      vertex 41.70459231360939 21.72469332628706 2.4
      vertex 41.77604561184667 21.365473338216145 4.6
    endloop
  endfacet
  facet normal -0.4422886902190014 -0.8968727415326883 0
    outer loop
      vertex 37.6 18.57512886940357 2.4
      vertex 37.928486389377746 18.4131373089684 4.6
      vertex 37.6 18.57512886940357 4.6
    endloop
  endfacet
  facet normal -0.3214394653031667 -0.946930129495104 0
    outer loop
      vertex 37.928486389377746 18.4131373089684 2.4
      vertex 38.27530667371294 18.295407686390607 4.6
      vertex 37.928486389377746 18.4131373089684 4.6
    endloop
  endfacet
  facet normal -0.19509032201612214 -0.9807852804032317 0
    outer loop
      vertex 38.27530667371294 18.295407686390607 2.4
      vertex 38.63452666178386 18.22395438815333 4.6
      vertex 38.27530667371294 18.295407686390607 4.6
    endloop
  endfacet
  facet normal -0.06540312923014546 -0.9978589232386034 0
    outer loop
      vertex 38.63452666178386 18.22395438815333 2.4
      vertex 39 18.2 4.6
      vertex 38.63452666178386 18.22395438815333 4.6
    endloop
  endfacet
  facet normal 0.06540312923014546 -0.9978589232386034 0
    outer loop
      vertex 39 18.2 2.4
      vertex 39.36547333821614 18.22395438815333 4.6
      vertex 39 18.2 4.6
    endloop
  endfacet
  facet normal 0.19509032201612214 -0.9807852804032317 0
    outer loop
      vertex 39.36547333821614 18.22395438815333 2.4
      vertex 39.72469332628706 18.295407686390607 4.6
      vertex 39.36547333821614 18.22395438815333 4.6
    endloop
  endfacet
  facet normal 0.3214394653031667 -0.946930129495104 0
    outer loop
      vertex 39.72469332628706 18.295407686390607 2.4
      vertex 40.071513610622254 18.4131373089684 4.6
      vertex 39.72469332628706 18.295407686390607 4.6
    endloop
  endfacet
  facet normal 0.4422886902190014 -0.8968727415326883 0
    outer loop
      vertex 40.071513610622254 18.4131373089684 2.4
      vertex 40.4 18.57512886940357 4.6
      vertex 40.071513610622254 18.4131373089684 4.6
    endloop
  endfacet
  facet normal -0.6593458151000589 -0.7518398074789862 0
    outer loop
      vertex 37.020101012677664 19.020101012677667 2.4
      vertex 37.295467998775585 18.778610647184543 4.6
      vertex 37.020101012677664 19.020101012677667 4.6
    endloop
  endfacet
  facet normal -0.8314696123025438 -0.5555702330196043 0
    outer loop
      vertex 36.77861064718454 19.29546799877558 2.4
      vertex 36.77861064718454 19.29546799877558 4.6
      vertex 36.57512886940357 19.6 4.6
    endloop
  endfacet
  facet normal -0.7518398074789825 -0.659345815100063 0
    outer loop
      vertex 37.020101012677664 19.020101012677667 2.4
      vertex 37.020101012677664 19.020101012677667 4.6
      vertex 36.77861064718454 19.29546799877558 4.6
    endloop
  endfacet
  facet normal -0.9469301294951088 -0.3214394653031522 0
    outer loop
      vertex 36.413137308968395 19.92848638937775 2.4
      vertex 36.413137308968395 19.92848638937775 4.6
      vertex 36.29540768639061 20.27530667371294 4.6
    endloop
  endfacet
  facet normal -0.8968727415326864 -0.44228869021900524 0
    outer loop
      vertex 36.57512886940357 19.6 2.4
      vertex 36.57512886940357 19.6 4.6
      vertex 36.413137308968395 19.92848638937775 4.6
    endloop
  endfacet
  facet normal -0.5555702330196087 -0.8314696123025409 0
    outer loop
      vertex 37.295467998775585 18.778610647184543 2.4
      vertex 37.6 18.57512886940357 4.6
      vertex 37.295467998775585 18.778610647184543 4.6
    endloop
  endfacet
  facet normal -0.9807852804032294 -0.19509032201613333 0
    outer loop
      vertex 36.29540768639061 20.27530667371294 2.4
      vertex 36.29540768639061 20.27530667371294 4.6
      vertex 36.22395438815333 20.634526661783855 4.6
    endloop
  endfacet
  facet normal -0.997858923238604 -0.06540312923013518 0
    outer loop
      vertex 36.22395438815333 20.634526661783855 2.4
      vertex 36.22395438815333 20.634526661783855 4.6
      vertex 36.2 21 4.6
    endloop
  endfacet
  facet normal -0.997858923238604 0.06540312923013518 0
    outer loop
      vertex 36.2 21 2.4
      vertex 36.2 21 4.6
      vertex 36.22395438815333 21.365473338216145 4.6
    endloop
  endfacet
  facet normal -0.9807852804032294 0.19509032201613333 0
    outer loop
      vertex 36.22395438815333 21.365473338216145 2.4
      vertex 36.22395438815333 21.365473338216145 4.6
      vertex 36.29540768639061 21.72469332628706 4.6
    endloop
  endfacet
  facet normal -0.9469301294951088 0.3214394653031522 0
    outer loop
      vertex 36.29540768639061 21.72469332628706 2.4
      vertex 36.29540768639061 21.72469332628706 4.6
      vertex 36.413137308968395 22.07151361062225 4.6
    endloop
  endfacet
  facet normal -0.8968727415326864 0.44228869021900524 0
    outer loop
      vertex 36.413137308968395 22.07151361062225 2.4
      vertex 36.413137308968395 22.07151361062225 4.6
      vertex 36.57512886940357 22.4 4.6
    endloop
  endfacet
  facet normal 0.5555702330196087 -0.8314696123025409 0
    outer loop
      vertex 40.4 18.57512886940357 2.4
      vertex 40.704532001224415 18.778610647184543 4.6
      vertex 40.4 18.57512886940357 4.6
    endloop
  endfacet
  facet normal 0.6593458151000589 -0.7518398074789862 0
    outer loop
      vertex 40.704532001224415 18.778610647184543 2.4
      vertex 40.979898987322336 19.020101012677667 4.6
      vertex 40.704532001224415 18.778610647184543 4.6
    endloop
  endfacet
  facet normal 0.7518398074789825 -0.659345815100063 0
    outer loop
      vertex 41.22138935281546 19.29546799877558 2.4
      vertex 41.22138935281546 19.29546799877558 4.6
      vertex 40.979898987322336 19.020101012677667 4.6
    endloop
  endfacet
  facet normal 0.8314696123025438 -0.5555702330196043 0
    outer loop
      vertex 41.42487113059643 19.6 2.4
      vertex 41.42487113059643 19.6 4.6
      vertex 41.22138935281546 19.29546799877558 4.6
    endloop
  endfacet
  facet normal 0.8968727415326864 -0.44228869021900524 0
    outer loop
      vertex 41.586862691031605 19.92848638937775 2.4
      vertex 41.586862691031605 19.92848638937775 4.6
      vertex 41.42487113059643 19.6 4.6
    endloop
  endfacet
  facet normal 0.9469301294951088 -0.3214394653031522 0
    outer loop
      vertex 41.70459231360939 20.27530667371294 2.4
      vertex 41.70459231360939 20.27530667371294 4.6
      vertex 41.586862691031605 19.92848638937775 4.6
    endloop
  endfacet
  facet normal 0.9469301294951088 0.3214394653031522 0
    outer loop
      vertex 41.586862691031605 22.07151361062225 2.4
      vertex 41.586862691031605 22.07151361062225 4.6
      vertex 41.70459231360939 21.72469332628706 4.6
    endloop
  endfacet
  facet normal 0 0 1
    outer loop
      vertex 36.77861064718454 19.29546799877558 4.6
      vertex 37.020101012677664 19.020101012677667 4.6
      vertex 36.77861064718454 22.70453200122442 4.6
    endloop
  endfacet
  facet normal 0 0 1
    outer loop
      vertex 37.020101012677664 19.020101012677667 4.6
      vertex 37.295467998775585 18.778610647184543 4.6
      vertex 37.020101012677664 22.979898987322333 4.6
    endloop
  endfacet
  facet normal 0 0 1
    outer loop
      vertex 37.295467998775585 18.778610647184543 4.6
      vertex 37.6 18.57512886940357 4.6
      vertex 37.295467998775585 23.221389352815457 4.6
    endloop
  endfacet
  facet normal 0 0 1
    outer loop
      vertex 37.928486389377746 18.4131373089684 4.6
      vertex 37.6 23.42487113059643 4.6
      vertex 37.6 18.57512886940357 4.6
    endloop
  endfacet
  facet normal 0 0 1
    outer loop
      vertex 37.928486389377746 18.4131373089684 4.6
      vertex 38.27530667371294 18.295407686390607 4.6
      vertex 37.928486389377746 23.5868626910316 4.6
    endloop
  endfacet
  facet normal 0 0 1
    outer loop
      vertex 38.27530667371294 18.295407686390607 4.6
      vertex 38.63452666178386 18.22395438815333 4.6
      vertex 38.27530667371294 23.704592313609393 4.6
    endloop
  endfacet
  facet normal 0 0 1
    outer loop
      vertex 36.413137308968395 19.92848638937775 4.6
      vertex 36.57512886940357 19.6 4.6
      vertex 36.413137308968395 22.07151361062225 4.6
    endloop
  endfacet
  facet normal 0 0 1
    outer loop
      vertex 36.29540768639061 20.27530667371294 4.6
      vertex 36.22395438815333 21.365473338216145 4.6
      vertex 36.22395438815333 20.634526661783855 4.6
    endloop
  endfacet
  facet normal 0 0 1
    outer loop
      vertex 36.413137308968395 19.92848638937775 4.6
      vertex 36.29540768639061 21.72469332628706 4.6
      vertex 36.29540768639061 20.27530667371294 4.6
    endloop
  endfacet
  facet normal 0 0 1
    outer loop
      vertex 36.22395438815333 20.634526661783855 4.6
      vertex 36.22395438815333 21.365473338216145 4.6
      vertex 36.2 21 4.6
    endloop
  endfacet
  facet normal 0 0 1
    outer loop
      vertex 36.29540768639061 20.27530667371294 4.6
      vertex 36.29540768639061 21.72469332628706 4.6
      vertex 36.22395438815333 21.365473338216145 4.6
    endloop
  endfacet
  facet normal 0 0 1
    outer loop
      vertex 36.413137308968395 19.92848638937775 4.6
      vertex 36.413137308968395 22.07151361062225 4.6
      vertex 36.29540768639061 21.72469332628706 4.6
    endloop
  endfacet
  facet normal 0 0 1
    outer loop
      vertex 36.77861064718454 19.29546799877558 4.6
      vertex 36.57512886940357 22.4 4.6
      vertex 36.57512886940357 19.6 4.6
    endloop
  endfacet
  facet normal 0 0 1
    outer loop
      vertex 36.57512886940357 19.6 4.6
      vertex 36.57512886940357 22.4 4.6
      vertex 36.413137308968395 22.07151361062225 4.6
    endloop
  endfacet
  facet normal 0 0 1
    outer loop
      vertex 36.77861064718454 19.29546799877558 4.6
      vertex 36.77861064718454 22.70453200122442 4.6
      vertex 36.57512886940357 22.4 4.6
    endloop
  endfacet
  facet normal 0 0 1
    outer loop
      vertex 37.020101012677664 19.020101012677667 4.6
      vertex 37.020101012677664 22.979898987322333 4.6
      vertex 36.77861064718454 22.70453200122442 4.6
    endloop
  endfacet
  facet normal 0 0 1
    outer loop
      vertex 37.295467998775585 18.778610647184543 4.6
      vertex 37.295467998775585 23.221389352815457 4.6
      vertex 37.020101012677664 22.979898987322333 4.6
    endloop
  endfacet
  facet normal 0 0 1
    outer loop
      vertex 37.6 18.57512886940357 4.6
      vertex 37.6 23.42487113059643 4.6
      vertex 37.295467998775585 23.221389352815457 4.6
    endloop
  endfacet
  facet normal 0 0 1
    outer loop
      vertex 37.928486389377746 18.4131373089684 4.6
      vertex 37.928486389377746 23.5868626910316 4.6
      vertex 37.6 23.42487113059643 4.6
    endloop
  endfacet
  facet normal 0 0 1
    outer loop
      vertex 38.27530667371294 18.295407686390607 4.6
      vertex 38.27530667371294 23.704592313609393 4.6
      vertex 37.928486389377746 23.5868626910316 4.6
    endloop
  endfacet
  facet normal 0 0 1
    outer loop
      vertex 38.63452666178386 18.22395438815333 4.6
      vertex 38.63452666178386 23.77604561184667 4.6
      vertex 38.27530667371294 23.704592313609393 4.6
    endloop
  endfacet
  facet normal 0 0 1
    outer loop
      vertex 38.63452666178386 18.22395438815333 4.6
      vertex 39 18.2 4.6
      vertex 38.63452666178386 23.77604561184667 4.6
    endloop
  endfacet
  facet normal 0 0 1
    outer loop
      vertex 39 18.2 4.6
      vertex 39.36547333821614 18.22395438815333 4.6
      vertex 39 23.8 4.6
    endloop
  endfacet
  facet normal 0 0 1
    outer loop
      vertex 39.36547333821614 18.22395438815333 4.6
      vertex 39.72469332628706 18.295407686390607 4.6
      vertex 39.36547333821614 23.77604561184667 4.6
    endloop
  endfacet
  facet normal 0 0 1
    outer loop
      vertex 39.72469332628706 18.295407686390607 4.6
      vertex 40.071513610622254 18.4131373089684 4.6
      vertex 39.72469332628706 23.704592313609393 4.6
    endloop
  endfacet
  facet normal 0 0 1
    outer loop
      vertex 40.071513610622254 18.4131373089684 4.6
      vertex 40.4 18.57512886940357 4.6
      vertex 40.071513610622254 23.5868626910316 4.6
    endloop
  endfacet
  facet normal 0 0 1
    outer loop
      vertex 40.4 18.57512886940357 4.6
      vertex 40.704532001224415 18.778610647184543 4.6
      vertex 40.4 23.42487113059643 4.6
    endloop
  endfacet
  facet normal 0 0 1
    outer loop
      vertex 40.704532001224415 18.778610647184543 4.6
      vertex 40.979898987322336 19.020101012677667 4.6
      vertex 40.704532001224415 23.221389352815457 4.6
    endloop
  endfacet
  facet normal 0 0 1
    outer loop
      vertex 39 18.2 4.6
      vertex 39 23.8 4.6
      vertex 38.63452666178386 23.77604561184667 4.6
    endloop
  endfacet
  facet normal 0 0 1
    outer loop
      vertex 39.36547333821614 18.22395438815333 4.6
      vertex 39.36547333821614 23.77604561184667 4.6
      vertex 39 23.8 4.6
    endloop
  endfacet
  facet normal 0 0 1
    outer loop
      vertex 39.72469332628706 18.295407686390607 4.6
      vertex 39.72469332628706 23.704592313609393 4.6
      vertex 39.36547333821614 23.77604561184667 4.6
    endloop
  endfacet
  facet normal 0 0 1
    outer loop
      vertex 40.071513610622254 18.4131373089684 4.6
      vertex 40.071513610622254 23.5868626910316 4.6
      vertex 39.72469332628706 23.704592313609393 4.6
    endloop
  endfacet
  facet normal 0 0 1
    outer loop
      vertex 40.979898987322336 19.020101012677667 4.6
      vertex 41.22138935281546 19.29546799877558 4.6
      vertex 40.979898987322336 22.979898987322333 4.6
    endloop
  endfacet
  facet normal 0 0 1
    outer loop
      vertex 41.22138935281546 19.29546799877558 4.6
      vertex 41.42487113059643 19.6 4.6
      vertex 41.22138935281546 22.70453200122442 4.6
    endloop
  endfacet
  facet normal 0 0 1
    outer loop
      vertex 41.42487113059643 19.6 4.6
      vertex 41.586862691031605 19.92848638937775 4.6
      vertex 41.42487113059643 22.4 4.6
    endloop
  endfacet
  facet normal 0 0 1
    outer loop
      vertex 41.586862691031605 19.92848638937775 4.6
      vertex 41.70459231360939 20.27530667371294 4.6
      vertex 41.586862691031605 22.07151361062225 4.6
    endloop
  endfacet
  facet normal 0 0 1
    outer loop
      vertex 40.979898987322336 19.020101012677667 4.6
      vertex 40.979898987322336 22.979898987322333 4.6
      vertex 40.704532001224415 23.221389352815457 4.6
    endloop
  endfacet
  facet normal 0 0 1
    outer loop
      vertex 40.4 18.57512886940357 4.6
      vertex 40.4 23.42487113059643 4.6
      vertex 40.071513610622254 23.5868626910316 4.6
    endloop
  endfacet
  facet normal 0 0 1
    outer loop
      vertex 40.704532001224415 18.778610647184543 4.6
      vertex 40.704532001224415 23.221389352815457 4.6
      vertex 40.4 23.42487113059643 4.6
    endloop
  endfacet
  facet normal 0 0 1
    outer loop
      vertex 41.22138935281546 19.29546799877558 4.6
      vertex 41.22138935281546 22.70453200122442 4.6
      vertex 40.979898987322336 22.979898987322333 4.6
    endloop
  endfacet
  facet normal 0 0 1
    outer loop
      vertex 41.586862691031605 22.07151361062225 4.6
      vertex 41.70459231360939 20.27530667371294 4.6
      vertex 41.70459231360939 21.72469332628706 4.6
    endloop
  endfacet
  facet normal 0 0 1
    outer loop
      vertex 41.586862691031605 19.92848638937775 4.6
      vertex 41.586862691031605 22.07151361062225 4.6
      vertex 41.42487113059643 22.4 4.6
    endloop
  endfacet
  facet normal 0 0 1
    outer loop
      vertex 41.42487113059643 19.6 4.6
      vertex 41.42487113059643 22.4 4.6
      vertex 41.22138935281546 22.70453200122442 4.6
    endloop
  endfacet
  facet normal 0.9807852804032294 -0.19509032201613333 0
    outer loop
      vertex 41.77604561184667 20.634526661783855 2.4
      vertex 41.77604561184667 20.634526661783855 4.6
      vertex 41.70459231360939 20.27530667371294 4.6
    endloop
  endfacet
  facet normal 0.997858923238604 -0.06540312923013518 0
    outer loop
      vertex 41.8 21 2.4
      vertex 41.8 21 4.6
      vertex 41.77604561184667 20.634526661783855 4.6
    endloop
  endfacet
  facet normal 0.997858923238604 0.06540312923013518 0
    outer loop
      vertex 41.77604561184667 21.365473338216145 2.4
      vertex 41.77604561184667 21.365473338216145 4.6
      vertex 41.8 21 4.6
    endloop
  endfacet
  facet normal 0.9807852804032294 0.19509032201613333 0
    outer loop
      vertex 41.70459231360939 21.72469332628706 2.4
      vertex 41.70459231360939 21.72469332628706 4.6
      vertex 41.77604561184667 21.365473338216145 4.6
    endloop
  endfacet
  facet normal 0 0 1
    outer loop
      vertex 41.70459231360939 20.27530667371294 4.6
      vertex 41.77604561184667 20.634526661783855 4.6
      vertex 41.70459231360939 21.72469332628706 4.6
    endloop
  endfacet
  facet normal 0 0 1
    outer loop
      vertex 41.77604561184667 20.634526661783855 4.6
      vertex 41.8 21 4.6
      vertex 41.77604561184667 21.365473338216145 4.6
    endloop
  endfacet
  facet normal 0 0 1
    outer loop
      vertex 41.77604561184667 20.634526661783855 4.6
      vertex 41.77604561184667 21.365473338216145 4.6
      vertex 41.70459231360939 21.72469332628706 4.6
    endloop
  endfacet
  facet normal -0.8968727415326864 0.44228869021900524 0
    outer loop
      vertex 36.413137308968395 22.07151361062225 2.4
      vertex 36.57512886940357 22.4 4.6
      vertex 36.57512886940357 22.4 2.4
    endloop
  endfacet
  facet normal -0.8314696123025438 0.5555702330196043 0
    outer loop
      vertex 36.57512886940357 22.4 2.4
      vertex 36.77861064718454 22.70453200122442 4.6
      vertex 36.77861064718454 22.70453200122442 2.4
    endloop
  endfacet
  facet normal -0.7518398074789825 0.659345815100063 0
    outer loop
      vertex 36.77861064718454 22.70453200122442 2.4
      vertex 37.020101012677664 22.979898987322333 4.6
      vertex 37.020101012677664 22.979898987322333 2.4
    endloop
  endfacet
  facet normal -0.6593458151000589 0.7518398074789862 0
    outer loop
      vertex 37.020101012677664 22.979898987322333 2.4
      vertex 37.020101012677664 22.979898987322333 4.6
      vertex 37.295467998775585 23.221389352815457 2.4
    endloop
  endfacet
  facet normal -0.5555702330196087 0.8314696123025409 0
    outer loop
      vertex 37.295467998775585 23.221389352815457 2.4
      vertex 37.295467998775585 23.221389352815457 4.6
      vertex 37.6 23.42487113059643 2.4
    endloop
  endfacet
  facet normal -0.4422886902190014 0.8968727415326883 0
    outer loop
      vertex 37.6 23.42487113059643 2.4
      vertex 37.6 23.42487113059643 4.6
      vertex 37.928486389377746 23.5868626910316 2.4
    endloop
  endfacet
  facet normal -0.3214394653031667 0.946930129495104 0
    outer loop
      vertex 37.928486389377746 23.5868626910316 2.4
      vertex 37.928486389377746 23.5868626910316 4.6
      vertex 38.27530667371294 23.704592313609393 2.4
    endloop
  endfacet
  facet normal -0.19509032201612214 0.9807852804032317 0
    outer loop
      vertex 38.27530667371294 23.704592313609393 2.4
      vertex 38.27530667371294 23.704592313609393 4.6
      vertex 38.63452666178386 23.77604561184667 2.4
    endloop
  endfacet
  facet normal -0.06540312923014546 0.9978589232386034 0
    outer loop
      vertex 38.63452666178386 23.77604561184667 2.4
      vertex 38.63452666178386 23.77604561184667 4.6
      vertex 39 23.8 2.4
    endloop
  endfacet
  facet normal 0.06540312923014546 0.9978589232386034 0
    outer loop
      vertex 39 23.8 2.4
      vertex 39 23.8 4.6
      vertex 39.36547333821614 23.77604561184667 2.4
    endloop
  endfacet
  facet normal 0.4422886902190014 0.8968727415326883 0
    outer loop
      vertex 40.071513610622254 23.5868626910316 2.4
      vertex 40.071513610622254 23.5868626910316 4.6
      vertex 40.4 23.42487113059643 2.4
    endloop
  endfacet
  facet normal 0.19509032201612214 0.9807852804032317 0
    outer loop
      vertex 39.36547333821614 23.77604561184667 2.4
      vertex 39.36547333821614 23.77604561184667 4.6
      vertex 39.72469332628706 23.704592313609393 2.4
    endloop
  endfacet
  facet normal 0.3214394653031667 0.946930129495104 0
    outer loop
      vertex 40.071513610622254 23.5868626910316 2.4
      vertex 39.72469332628706 23.704592313609393 2.4
      vertex 39.72469332628706 23.704592313609393 4.6
    endloop
  endfacet
  facet normal 0.6593458151000589 0.7518398074789862 0
    outer loop
      vertex 40.979898987322336 22.979898987322333 2.4
      vertex 40.704532001224415 23.221389352815457 2.4
      vertex 40.704532001224415 23.221389352815457 4.6
    endloop
  endfacet
  facet normal 0.8314696123025438 0.5555702330196043 0
    outer loop
      vertex 41.42487113059643 22.4 2.4
      vertex 41.22138935281546 22.70453200122442 2.4
      vertex 41.42487113059643 22.4 4.6
    endloop
  endfacet
  facet normal 0.7518398074789825 0.659345815100063 0
    outer loop
      vertex 41.22138935281546 22.70453200122442 2.4
      vertex 40.979898987322336 22.979898987322333 2.4
      vertex 41.22138935281546 22.70453200122442 4.6
    endloop
  endfacet
  facet normal 0.5555702330196087 0.8314696123025409 0
    outer loop
      vertex 40.4 23.42487113059643 2.4
      vertex 40.4 23.42487113059643 4.6
      vertex 40.704532001224415 23.221389352815457 2.4
    endloop
  endfacet
  facet normal -0.8314696123025438 0.5555702330196043 0
    outer loop
      vertex 36.57512886940357 22.4 2.4
      vertex 36.57512886940357 22.4 4.6
      vertex 36.77861064718454 22.70453200122442 4.6
    endloop
  endfacet
  facet normal -0.7518398074789825 0.659345815100063 0
    outer loop
      vertex 36.77861064718454 22.70453200122442 2.4
      vertex 36.77861064718454 22.70453200122442 4.6
      vertex 37.020101012677664 22.979898987322333 4.6
    endloop
  endfacet
  facet normal -0.6593458151000589 0.7518398074789862 0
    outer loop
      vertex 37.295467998775585 23.221389352815457 2.4
      vertex 37.020101012677664 22.979898987322333 4.6
      vertex 37.295467998775585 23.221389352815457 4.6
    endloop
  endfacet
  facet normal -0.5555702330196087 0.8314696123025409 0
    outer loop
      vertex 37.6 23.42487113059643 2.4
      vertex 37.295467998775585 23.221389352815457 4.6
      vertex 37.6 23.42487113059643 4.6
    endloop
  endfacet
  facet normal -0.4422886902190014 0.8968727415326883 0
    outer loop
      vertex 37.928486389377746 23.5868626910316 2.4
      vertex 37.6 23.42487113059643 4.6
      vertex 37.928486389377746 23.5868626910316 4.6
    endloop
  endfacet
  facet normal -0.3214394653031667 0.946930129495104 0
    outer loop
      vertex 38.27530667371294 23.704592313609393 2.4
      vertex 37.928486389377746 23.5868626910316 4.6
      vertex 38.27530667371294 23.704592313609393 4.6
    endloop
  endfacet
  facet normal -0.19509032201612214 0.9807852804032317 0
    outer loop
      vertex 38.63452666178386 23.77604561184667 2.4
      vertex 38.27530667371294 23.704592313609393 4.6
      vertex 38.63452666178386 23.77604561184667 4.6
    endloop
  endfacet
  facet normal -0.06540312923014546 0.9978589232386034 0
    outer loop
      vertex 39 23.8 2.4
      vertex 38.63452666178386 23.77604561184667 4.6
      vertex 39 23.8 4.6
    endloop
  endfacet
  facet normal 0.06540312923014546 0.9978589232386034 0
    outer loop
      vertex 39.36547333821614 23.77604561184667 2.4
      vertex 39 23.8 4.6
      vertex 39.36547333821614 23.77604561184667 4.6
    endloop
  endfacet
  facet normal 0.3214394653031667 0.946930129495104 0
    outer loop
      vertex 40.071513610622254 23.5868626910316 2.4
      vertex 39.72469332628706 23.704592313609393 4.6
      vertex 40.071513610622254 23.5868626910316 4.6
    endloop
  endfacet
  facet normal 0.19509032201612214 0.9807852804032317 0
    outer loop
      vertex 39.72469332628706 23.704592313609393 2.4
      vertex 39.36547333821614 23.77604561184667 4.6
      vertex 39.72469332628706 23.704592313609393 4.6
    endloop
  endfacet
  facet normal 0.6593458151000589 0.7518398074789862 0
    outer loop
      vertex 40.979898987322336 22.979898987322333 2.4
      vertex 40.704532001224415 23.221389352815457 4.6
      vertex 40.979898987322336 22.979898987322333 4.6
    endloop
  endfacet
  facet normal 0.8314696123025438 0.5555702330196043 0
    outer loop
      vertex 41.22138935281546 22.70453200122442 2.4
      vertex 41.22138935281546 22.70453200122442 4.6
      vertex 41.42487113059643 22.4 4.6
    endloop
  endfacet
  facet normal 0.8968727415326864 0.44228869021900524 0
    outer loop
      vertex 41.586862691031605 22.07151361062225 4.6
      vertex 41.42487113059643 22.4 2.4
      vertex 41.42487113059643 22.4 4.6
    endloop
  endfacet
  facet normal 0.7518398074789825 0.659345815100063 0
    outer loop
      vertex 40.979898987322336 22.979898987322333 2.4
      vertex 40.979898987322336 22.979898987322333 4.6
      vertex 41.22138935281546 22.70453200122442 4.6
    endloop
  endfacet
  facet normal 0.4422886902190014 0.8968727415326883 0
    outer loop
      vertex 40.4 23.42487113059643 2.4
      vertex 40.071513610622254 23.5868626910316 4.6
      vertex 40.4 23.42487113059643 4.6
    endloop
  endfacet
  facet normal 0.5555702330196087 0.8314696123025409 0
    outer loop
      vertex 40.704532001224415 23.221389352815457 2.4
      vertex 40.4 23.42487113059643 4.6
      vertex 40.704532001224415 23.221389352815457 4.6
    endloop
  endfacet
  facet normal 0 -0.0654031292301424 -0.9978589232386035
    outer loop
      vertex -29 -28.049999999999997 7.203277173140762
      vertex -29 -27.999999999999996 7.2
      vertex -21 -27.999999999999996 7.2
    endloop
  endfacet
  facet normal 0 0.06540312923014178 -0.9978589232386036
    outer loop
      vertex -29 -27.999999999999996 7.2
      vertex -29 -27.895579046223954 7.206844110900952
      vertex -21 -27.895579046223954 7.206844110900952
    endloop
  endfacet
  facet normal 0 0.19509032201613147 -0.9807852804032299
    outer loop
      vertex -29 -27.895579046223954 7.206844110900952
      vertex -29 -27.79294476391798 7.227259338968746
      vertex -21 -27.79294476391798 7.227259338968746
    endloop
  endfacet
  facet normal 0 0.32143946530315837 -0.9469301294951068
    outer loop
      vertex -29 -27.79294476391798 7.227259338968746
      vertex -29 -27.693853254107925 7.26089637399097
      vertex -21 -27.693853254107925 7.26089637399097
    endloop
  endfacet
  facet normal 0 0.4422886902190091 -0.8968727415326844
    outer loop
      vertex -29 -27.693853254107925 7.26089637399097
      vertex -29 -27.599999999999998 7.307179676972449
      vertex -21 -27.599999999999998 7.307179676972449
    endloop
  endfacet
  facet normal 0 0.5555702330195984 -0.8314696123025478
    outer loop
      vertex -29 -27.599999999999998 7.307179676972449
      vertex -29 -27.51299085679302 7.365317327767012
      vertex -21 -27.51299085679302 7.365317327767012
    endloop
  endfacet
  facet normal 0 0.6593458151000712 -0.7518398074789753
    outer loop
      vertex -29 -27.51299085679302 7.365317327767012
      vertex -29 -27.43431457505076 7.434314575050762
      vertex -21 -27.43431457505076 7.434314575050762
    endloop
  endfacet
  facet normal 0 0.7518398074789753 -0.6593458151000712
    outer loop
      vertex -29 -27.43431457505076 7.434314575050762
      vertex -29 -27.36531732776701 7.5129908567930235
      vertex -21 -27.43431457505076 7.434314575050762
    endloop
  endfacet
  facet normal 0 0.8314696123025412 -0.5555702330196082
    outer loop
      vertex -29 -27.36531732776701 7.5129908567930235
      vertex -29 -27.307179676972446 7.6
      vertex -21 -27.36531732776701 7.5129908567930235
    endloop
  endfacet
  facet normal 0 0.8968727415326877 -0.4422886902190024
    outer loop
      vertex -29 -27.307179676972446 7.6
      vertex -29 -27.260896373990967 7.693853254107928
      vertex -21 -27.307179676972446 7.6
    endloop
  endfacet
  facet normal -1 0 0
    outer loop
      vertex -29 -28.049999999999997 7.203277173140762
      vertex -29 -28.049999999999997 8.79672282685924
      vertex -29 -27.999999999999996 7.2
    endloop
  endfacet
  facet normal -1 0 0
    outer loop
      vertex -29 -27.999999999999996 7.2
      vertex -29 -27.895579046223954 8.793155889099049
      vertex -29 -27.895579046223954 7.206844110900952
    endloop
  endfacet
  facet normal -1 0 0
    outer loop
      vertex -29 -27.895579046223954 7.206844110900952
      vertex -29 -27.79294476391798 8.772740661031255
      vertex -29 -27.79294476391798 7.227259338968746
    endloop
  endfacet
  facet normal -1 0 0
    outer loop
      vertex -29 -27.79294476391798 7.227259338968746
      vertex -29 -27.693853254107925 8.73910362600903
      vertex -29 -27.693853254107925 7.26089637399097
    endloop
  endfacet
  facet normal -1 0 0
    outer loop
      vertex -29 -27.693853254107925 7.26089637399097
      vertex -29 -27.599999999999998 8.69282032302755
      vertex -29 -27.599999999999998 7.307179676972449
    endloop
  endfacet
  facet normal -1 0 0
    outer loop
      vertex -29 -27.599999999999998 7.307179676972449
      vertex -29 -27.51299085679302 8.634682672232987
      vertex -29 -27.51299085679302 7.365317327767012
    endloop
  endfacet
  facet normal -1 0 0
    outer loop
      vertex -29 -27.51299085679302 7.365317327767012
      vertex -29 -27.43431457505076 8.565685424949239
      vertex -29 -27.43431457505076 7.434314575050762
    endloop
  endfacet
  facet normal -1 0 0
    outer loop
      vertex -29 -27.43431457505076 7.434314575050762
      vertex -29 -27.36531732776701 8.487009143206976
      vertex -29 -27.36531732776701 7.5129908567930235
    endloop
  endfacet
  facet normal -1 0 0
    outer loop
      vertex -29 -27.36531732776701 7.5129908567930235
      vertex -29 -27.307179676972446 8.4
      vertex -29 -27.307179676972446 7.6
    endloop
  endfacet
  facet normal -1 0 0
    outer loop
      vertex -29 -27.307179676972446 7.6
      vertex -29 -27.260896373990967 8.306146745892072
      vertex -29 -27.260896373990967 7.693853254107928
    endloop
  endfacet
  facet normal -1 0 0
    outer loop
      vertex -29 -27.260896373990967 7.693853254107928
      vertex -29 -27.227259338968743 8.207055236082017
      vertex -29 -27.227259338968743 7.792944763917983
    endloop
  endfacet
  facet normal -1 0 0
    outer loop
      vertex -29 -27.227259338968743 7.792944763917983
      vertex -29 -27.20684411090095 8.10442095377604
      vertex -29 -27.20684411090095 7.895579046223959
    endloop
  endfacet
  facet normal -1 0 0
    outer loop
      vertex -29 -27.20684411090095 7.895579046223959
      vertex -29 -27.20684411090095 8.10442095377604
      vertex -29 -27.199999999999996 8
    endloop
  endfacet
  facet normal -1 0 0
    outer loop
      vertex -29 -27.227259338968743 7.792944763917983
      vertex -29 -27.227259338968743 8.207055236082017
      vertex -29 -27.20684411090095 8.10442095377604
    endloop
  endfacet
  facet normal -1 0 0
    outer loop
      vertex -29 -27.260896373990967 7.693853254107928
      vertex -29 -27.260896373990967 8.306146745892072
      vertex -29 -27.227259338968743 8.207055236082017
    endloop
  endfacet
  facet normal -1 0 0
    outer loop
      vertex -29 -27.36531732776701 7.5129908567930235
      vertex -29 -27.36531732776701 8.487009143206976
      vertex -29 -27.307179676972446 8.4
    endloop
  endfacet
  facet normal -1 0 0
    outer loop
      vertex -29 -27.599999999999998 7.307179676972449
      vertex -29 -27.599999999999998 8.69282032302755
      vertex -29 -27.51299085679302 8.634682672232987
    endloop
  endfacet
  facet normal -1 0 0
    outer loop
      vertex -29 -27.43431457505076 7.434314575050762
      vertex -29 -27.43431457505076 8.565685424949239
      vertex -29 -27.36531732776701 8.487009143206976
    endloop
  endfacet
  facet normal -1 0 0
    outer loop
      vertex -29 -27.51299085679302 7.365317327767012
      vertex -29 -27.51299085679302 8.634682672232987
      vertex -29 -27.43431457505076 8.565685424949239
    endloop
  endfacet
  facet normal -1 0 0
    outer loop
      vertex -29 -27.307179676972446 7.6
      vertex -29 -27.307179676972446 8.4
      vertex -29 -27.260896373990967 8.306146745892072
    endloop
  endfacet
  facet normal 0 0.9469301294951094 -0.3214394653031508
    outer loop
      vertex -29 -27.260896373990967 7.693853254107928
      vertex -29 -27.227259338968743 7.792944763917983
      vertex -21 -27.260896373990967 7.693853254107928
    endloop
  endfacet
  facet normal 0 0.9807852804032302 -0.19509032201612986
    outer loop
      vertex -29 -27.227259338968743 7.792944763917983
      vertex -29 -27.20684411090095 7.895579046223959
      vertex -21 -27.227259338968743 7.792944763917983
    endloop
  endfacet
  facet normal 0 0.9978589232386024 -0.06540312923015924
    outer loop
      vertex -29 -27.20684411090095 7.895579046223959
      vertex -29 -27.199999999999996 8
      vertex -21 -27.20684411090095 7.895579046223959
    endloop
  endfacet
  facet normal 0 0.9978589232386024 0.0654031292301598
    outer loop
      vertex -29 -27.199999999999996 8
      vertex -29 -27.20684411090095 8.10442095377604
      vertex -21 -27.199999999999996 8
    endloop
  endfacet
  facet normal 0 0.9807852804032304 0.1950903220161282
    outer loop
      vertex -29 -27.20684411090095 8.10442095377604
      vertex -29 -27.227259338968743 8.207055236082017
      vertex -21 -27.20684411090095 8.10442095377604
    endloop
  endfacet
  facet normal -1 0 0
    outer loop
      vertex -29 -27.895579046223954 7.206844110900952
      vertex -29 -27.895579046223954 8.793155889099049
      vertex -29 -27.79294476391798 8.772740661031255
    endloop
  endfacet
  facet normal -1 0 0
    outer loop
      vertex -29 -27.999999999999996 7.2
      vertex -29 -28.049999999999997 8.79672282685924
      vertex -29 -27.999999999999996 8.8
    endloop
  endfacet
  facet normal -1 0 0
    outer loop
      vertex -29 -27.999999999999996 7.2
      vertex -29 -27.999999999999996 8.8
      vertex -29 -27.895579046223954 8.793155889099049
    endloop
  endfacet
  facet normal -1 0 0
    outer loop
      vertex -29 -27.79294476391798 7.227259338968746
      vertex -29 -27.79294476391798 8.772740661031255
      vertex -29 -27.693853254107925 8.73910362600903
    endloop
  endfacet
  facet normal -1 0 0
    outer loop
      vertex -29 -27.693853254107925 7.26089637399097
      vertex -29 -27.693853254107925 8.73910362600903
      vertex -29 -27.599999999999998 8.69282032302755
    endloop
  endfacet
  facet normal 0 -0.06540312923012474 0.9978589232386046
    outer loop
      vertex -29 -28.049999999999997 8.79672282685924
      vertex -21 -28.049999999999997 8.79672282685924
      vertex -29 -27.999999999999996 8.8
    endloop
  endfacet
  facet normal 0 0.06540312923014178 0.9978589232386036
    outer loop
      vertex -29 -27.999999999999996 8.8
      vertex -21 -27.999999999999996 8.8
      vertex -29 -27.895579046223954 8.793155889099049
    endloop
  endfacet
  facet normal 0 0.19509032201613147 0.9807852804032299
    outer loop
      vertex -29 -27.895579046223954 8.793155889099049
      vertex -21 -27.895579046223954 8.793155889099049
      vertex -29 -27.79294476391798 8.772740661031255
    endloop
  endfacet
  facet normal 0 0.9469301294951094 0.3214394653031508
    outer loop
      vertex -29 -27.227259338968743 8.207055236082017
      vertex -29 -27.260896373990967 8.306146745892072
      vertex -21 -27.227259338968743 8.207055236082017
    endloop
  endfacet
  facet normal 0 0.8968727415326877 0.4422886902190024
    outer loop
      vertex -29 -27.260896373990967 8.306146745892072
      vertex -29 -27.307179676972446 8.4
      vertex -21 -27.260896373990967 8.306146745892072
    endloop
  endfacet
  facet normal 0 0.7518398074789827 0.6593458151000628
    outer loop
      vertex -29 -27.36531732776701 8.487009143206976
      vertex -29 -27.43431457505076 8.565685424949239
      vertex -21 -27.36531732776701 8.487009143206976
    endloop
  endfacet
  facet normal 0 0.8314696123025387 0.5555702330196121
    outer loop
      vertex -29 -27.36531732776701 8.487009143206976
      vertex -21 -27.307179676972446 8.4
      vertex -29 -27.307179676972446 8.4
    endloop
  endfacet
  facet normal 0 0.6593458151000616 0.7518398074789837
    outer loop
      vertex -29 -27.43431457505076 8.565685424949239
      vertex -29 -27.51299085679302 8.634682672232987
      vertex -21 -27.51299085679302 8.634682672232987
    endloop
  endfacet
  facet normal 0 0.5555702330196042 0.8314696123025438
    outer loop
      vertex -29 -27.51299085679302 8.634682672232987
      vertex -29 -27.599999999999998 8.69282032302755
      vertex -21 -27.599999999999998 8.69282032302755
    endloop
  endfacet
  facet normal 0 0.4422886902190091 0.8968727415326844
    outer loop
      vertex -29 -27.599999999999998 8.69282032302755
      vertex -29 -27.693853254107925 8.73910362600903
      vertex -21 -27.693853254107925 8.73910362600903
    endloop
  endfacet
  facet normal 0 0.321439465303166 0.9469301294951042
    outer loop
      vertex -29 -27.693853254107925 8.73910362600903
      vertex -29 -27.79294476391798 8.772740661031255
      vertex -21 -27.79294476391798 8.772740661031255
    endloop
  endfacet
  facet normal 0 -0.0654031292301424 -0.9978589232386035
    outer loop
      vertex -29 -28.049999999999997 7.203277173140762
      vertex -21 -27.999999999999996 7.2
      vertex -21 -28.049999999999997 7.203277173140762
    endloop
  endfacet
  facet normal 0 0.06540312923014178 -0.9978589232386036
    outer loop
      vertex -29 -27.999999999999996 7.2
      vertex -21 -27.895579046223954 7.206844110900952
      vertex -21 -27.999999999999996 7.2
    endloop
  endfacet
  facet normal 0 0.19509032201613147 -0.9807852804032299
    outer loop
      vertex -29 -27.895579046223954 7.206844110900952
      vertex -21 -27.79294476391798 7.227259338968746
      vertex -21 -27.895579046223954 7.206844110900952
    endloop
  endfacet
  facet normal 0 0.32143946530315837 -0.9469301294951068
    outer loop
      vertex -29 -27.79294476391798 7.227259338968746
      vertex -21 -27.693853254107925 7.26089637399097
      vertex -21 -27.79294476391798 7.227259338968746
    endloop
  endfacet
  facet normal 0 0.4422886902190091 -0.8968727415326844
    outer loop
      vertex -29 -27.693853254107925 7.26089637399097
      vertex -21 -27.599999999999998 7.307179676972449
      vertex -21 -27.693853254107925 7.26089637399097
    endloop
  endfacet
  facet normal 0 0.5555702330195984 -0.8314696123025478
    outer loop
      vertex -29 -27.599999999999998 7.307179676972449
      vertex -21 -27.51299085679302 7.365317327767012
      vertex -21 -27.599999999999998 7.307179676972449
    endloop
  endfacet
  facet normal 0 0.6593458151000712 -0.7518398074789753
    outer loop
      vertex -29 -27.51299085679302 7.365317327767012
      vertex -21 -27.43431457505076 7.434314575050762
      vertex -21 -27.51299085679302 7.365317327767012
    endloop
  endfacet
  facet normal 0 0.7518398074789753 -0.6593458151000712
    outer loop
      vertex -29 -27.36531732776701 7.5129908567930235
      vertex -21 -27.36531732776701 7.5129908567930235
      vertex -21 -27.43431457505076 7.434314575050762
    endloop
  endfacet
  facet normal 0 0.8314696123025412 -0.5555702330196082
    outer loop
      vertex -29 -27.307179676972446 7.6
      vertex -21 -27.307179676972446 7.6
      vertex -21 -27.36531732776701 7.5129908567930235
    endloop
  endfacet
  facet normal 1 0 0
    outer loop
      vertex -21 -28.049999999999997 7.203277173140762
      vertex -21 -27.999999999999996 7.2
      vertex -21 -27.999999999999996 8.8
    endloop
  endfacet
  facet normal 1 0 0
    outer loop
      vertex -21 -27.999999999999996 7.2
      vertex -21 -27.895579046223954 7.206844110900952
      vertex -21 -27.999999999999996 8.8
    endloop
  endfacet
  facet normal 1 0 0
    outer loop
      vertex -21 -27.895579046223954 7.206844110900952
      vertex -21 -27.79294476391798 7.227259338968746
      vertex -21 -27.895579046223954 8.793155889099049
    endloop
  endfacet
  facet normal 0 0.8968727415326877 -0.4422886902190024
    outer loop
      vertex -29 -27.260896373990967 7.693853254107928
      vertex -21 -27.260896373990967 7.693853254107928
      vertex -21 -27.307179676972446 7.6
    endloop
  endfacet
  facet normal 0 0.9469301294951094 -0.3214394653031508
    outer loop
      vertex -29 -27.227259338968743 7.792944763917983
      vertex -21 -27.227259338968743 7.792944763917983
      vertex -21 -27.260896373990967 7.693853254107928
    endloop
  endfacet
  facet normal 0 0.9807852804032302 -0.19509032201612986
    outer loop
      vertex -29 -27.20684411090095 7.895579046223959
      vertex -21 -27.20684411090095 7.895579046223959
      vertex -21 -27.227259338968743 7.792944763917983
    endloop
  endfacet
  facet normal 1 0 0
    outer loop
      vertex -21 -27.79294476391798 7.227259338968746
      vertex -21 -27.693853254107925 7.26089637399097
      vertex -21 -27.79294476391798 8.772740661031255
    endloop
  endfacet
  facet normal 1 0 0
    outer loop
      vertex -21 -27.693853254107925 7.26089637399097
      vertex -21 -27.599999999999998 7.307179676972449
      vertex -21 -27.693853254107925 8.73910362600903
    endloop
  endfacet
  facet normal 1 0 0
    outer loop
      vertex -21 -27.599999999999998 7.307179676972449
      vertex -21 -27.51299085679302 7.365317327767012
      vertex -21 -27.599999999999998 8.69282032302755
    endloop
  endfacet
  facet normal 1 0 0
    outer loop
      vertex -21 -27.51299085679302 7.365317327767012
      vertex -21 -27.43431457505076 7.434314575050762
      vertex -21 -27.51299085679302 8.634682672232987
    endloop
  endfacet
  facet normal 1 0 0
    outer loop
      vertex -21 -27.43431457505076 7.434314575050762
      vertex -21 -27.36531732776701 7.5129908567930235
      vertex -21 -27.43431457505076 8.565685424949239
    endloop
  endfacet
  facet normal 1 0 0
    outer loop
      vertex -21 -27.36531732776701 7.5129908567930235
      vertex -21 -27.307179676972446 7.6
      vertex -21 -27.36531732776701 8.487009143206976
    endloop
  endfacet
  facet normal 1 0 0
    outer loop
      vertex -21 -27.307179676972446 7.6
      vertex -21 -27.260896373990967 7.693853254107928
      vertex -21 -27.307179676972446 8.4
    endloop
  endfacet
  facet normal 1 0 0
    outer loop
      vertex -21 -27.260896373990967 7.693853254107928
      vertex -21 -27.227259338968743 7.792944763917983
      vertex -21 -27.260896373990967 8.306146745892072
    endloop
  endfacet
  facet normal 0 0.9978589232386024 -0.06540312923015924
    outer loop
      vertex -29 -27.199999999999996 8
      vertex -21 -27.199999999999996 8
      vertex -21 -27.20684411090095 7.895579046223959
    endloop
  endfacet
  facet normal 0 0.9978589232386024 0.0654031292301598
    outer loop
      vertex -29 -27.20684411090095 8.10442095377604
      vertex -21 -27.20684411090095 8.10442095377604
      vertex -21 -27.199999999999996 8
    endloop
  endfacet
  facet normal 0 0.9807852804032304 0.1950903220161282
    outer loop
      vertex -29 -27.227259338968743 8.207055236082017
      vertex -21 -27.227259338968743 8.207055236082017
      vertex -21 -27.20684411090095 8.10442095377604
    endloop
  endfacet
  facet normal 1 0 0
    outer loop
      vertex -21 -27.227259338968743 7.792944763917983
      vertex -21 -27.20684411090095 7.895579046223959
      vertex -21 -27.227259338968743 8.207055236082017
    endloop
  endfacet
  facet normal 1 0 0
    outer loop
      vertex -21 -27.20684411090095 7.895579046223959
      vertex -21 -27.199999999999996 8
      vertex -21 -27.20684411090095 8.10442095377604
    endloop
  endfacet
  facet normal 1 0 0
    outer loop
      vertex -21 -27.20684411090095 7.895579046223959
      vertex -21 -27.20684411090095 8.10442095377604
      vertex -21 -27.227259338968743 8.207055236082017
    endloop
  endfacet
  facet normal 1 0 0
    outer loop
      vertex -21 -27.43431457505076 7.434314575050762
      vertex -21 -27.43431457505076 8.565685424949239
      vertex -21 -27.51299085679302 8.634682672232987
    endloop
  endfacet
  facet normal 1 0 0
    outer loop
      vertex -21 -27.36531732776701 7.5129908567930235
      vertex -21 -27.36531732776701 8.487009143206976
      vertex -21 -27.43431457505076 8.565685424949239
    endloop
  endfacet
  facet normal 1 0 0
    outer loop
      vertex -21 -27.227259338968743 7.792944763917983
      vertex -21 -27.227259338968743 8.207055236082017
      vertex -21 -27.260896373990967 8.306146745892072
    endloop
  endfacet
  facet normal 1 0 0
    outer loop
      vertex -21 -27.260896373990967 7.693853254107928
      vertex -21 -27.260896373990967 8.306146745892072
      vertex -21 -27.307179676972446 8.4
    endloop
  endfacet
  facet normal 1 0 0
    outer loop
      vertex -21 -27.307179676972446 7.6
      vertex -21 -27.307179676972446 8.4
      vertex -21 -27.36531732776701 8.487009143206976
    endloop
  endfacet
  facet normal 1 0 0
    outer loop
      vertex -21 -28.049999999999997 7.203277173140762
      vertex -21 -27.999999999999996 8.8
      vertex -21 -28.049999999999997 8.79672282685924
    endloop
  endfacet
  facet normal 1 0 0
    outer loop
      vertex -21 -27.895579046223954 7.206844110900952
      vertex -21 -27.895579046223954 8.793155889099049
      vertex -21 -27.999999999999996 8.8
    endloop
  endfacet
  facet normal 1 0 0
    outer loop
      vertex -21 -27.79294476391798 7.227259338968746
      vertex -21 -27.79294476391798 8.772740661031255
      vertex -21 -27.895579046223954 8.793155889099049
    endloop
  endfacet
  facet normal 0 -0.06540312923012474 0.9978589232386046
    outer loop
      vertex -29 -27.999999999999996 8.8
      vertex -21 -28.049999999999997 8.79672282685924
      vertex -21 -27.999999999999996 8.8
    endloop
  endfacet
  facet normal 0 0.06540312923014178 0.9978589232386036
    outer loop
      vertex -29 -27.895579046223954 8.793155889099049
      vertex -21 -27.999999999999996 8.8
      vertex -21 -27.895579046223954 8.793155889099049
    endloop
  endfacet
  facet normal 0 0.19509032201613147 0.9807852804032299
    outer loop
      vertex -29 -27.79294476391798 8.772740661031255
      vertex -21 -27.895579046223954 8.793155889099049
      vertex -21 -27.79294476391798 8.772740661031255
    endloop
  endfacet
  facet normal 0 0.9469301294951094 0.3214394653031508
    outer loop
      vertex -29 -27.260896373990967 8.306146745892072
      vertex -21 -27.260896373990967 8.306146745892072
      vertex -21 -27.227259338968743 8.207055236082017
    endloop
  endfacet
  facet normal 0 0.8968727415326877 0.4422886902190024
    outer loop
      vertex -29 -27.307179676972446 8.4
      vertex -21 -27.307179676972446 8.4
      vertex -21 -27.260896373990967 8.306146745892072
    endloop
  endfacet
  facet normal 0 0.8314696123025387 0.5555702330196121
    outer loop
      vertex -29 -27.36531732776701 8.487009143206976
      vertex -21 -27.36531732776701 8.487009143206976
      vertex -21 -27.307179676972446 8.4
    endloop
  endfacet
  facet normal 1 0 0
    outer loop
      vertex -21 -27.693853254107925 7.26089637399097
      vertex -21 -27.693853254107925 8.73910362600903
      vertex -21 -27.79294476391798 8.772740661031255
    endloop
  endfacet
  facet normal 1 0 0
    outer loop
      vertex -21 -27.599999999999998 7.307179676972449
      vertex -21 -27.599999999999998 8.69282032302755
      vertex -21 -27.693853254107925 8.73910362600903
    endloop
  endfacet
  facet normal 1 0 0
    outer loop
      vertex -21 -27.51299085679302 7.365317327767012
      vertex -21 -27.51299085679302 8.634682672232987
      vertex -21 -27.599999999999998 8.69282032302755
    endloop
  endfacet
  facet normal 0 0.7518398074789827 0.6593458151000628
    outer loop
      vertex -29 -27.43431457505076 8.565685424949239
      vertex -21 -27.43431457505076 8.565685424949239
      vertex -21 -27.36531732776701 8.487009143206976
    endloop
  endfacet
  facet normal 0 0.6593458151000616 0.7518398074789837
    outer loop
      vertex -29 -27.43431457505076 8.565685424949239
      vertex -21 -27.51299085679302 8.634682672232987
      vertex -21 -27.43431457505076 8.565685424949239
    endloop
  endfacet
  facet normal 0 0.5555702330196042 0.8314696123025438
    outer loop
      vertex -29 -27.51299085679302 8.634682672232987
      vertex -21 -27.599999999999998 8.69282032302755
      vertex -21 -27.51299085679302 8.634682672232987
    endloop
  endfacet
  facet normal 0 0.4422886902190091 0.8968727415326844
    outer loop
      vertex -29 -27.599999999999998 8.69282032302755
      vertex -21 -27.693853254107925 8.73910362600903
      vertex -21 -27.599999999999998 8.69282032302755
    endloop
  endfacet
  facet normal 0 0.321439465303166 0.9469301294951042
    outer loop
      vertex -29 -27.693853254107925 8.73910362600903
      vertex -21 -27.79294476391798 8.772740661031255
      vertex -21 -27.693853254107925 8.73910362600903
    endloop
  endfacet
  facet normal 0 -0.0654031292301424 -0.9978589232386035
    outer loop
      vertex 21 -28.049999999999997 7.203277173140762
      vertex 21 -27.999999999999996 7.2
      vertex 29 -27.999999999999996 7.2
    endloop
  endfacet
  facet normal 0 0.06540312923014178 -0.9978589232386036
    outer loop
      vertex 21 -27.999999999999996 7.2
      vertex 21 -27.895579046223954 7.206844110900952
      vertex 29 -27.895579046223954 7.206844110900952
    endloop
  endfacet
  facet normal 0 0.19509032201613147 -0.9807852804032299
    outer loop
      vertex 21 -27.895579046223954 7.206844110900952
      vertex 21 -27.79294476391798 7.227259338968746
      vertex 29 -27.79294476391798 7.227259338968746
    endloop
  endfacet
  facet normal 0 0.32143946530315837 -0.9469301294951068
    outer loop
      vertex 21 -27.79294476391798 7.227259338968746
      vertex 21 -27.693853254107925 7.26089637399097
      vertex 29 -27.693853254107925 7.26089637399097
    endloop
  endfacet
  facet normal 0 0.4422886902190091 -0.8968727415326844
    outer loop
      vertex 21 -27.693853254107925 7.26089637399097
      vertex 21 -27.599999999999998 7.307179676972449
      vertex 29 -27.599999999999998 7.307179676972449
    endloop
  endfacet
  facet normal 0 0.5555702330195984 -0.8314696123025478
    outer loop
      vertex 21 -27.599999999999998 7.307179676972449
      vertex 21 -27.51299085679302 7.365317327767012
      vertex 29 -27.51299085679302 7.365317327767012
    endloop
  endfacet
  facet normal 0 0.6593458151000712 -0.7518398074789753
    outer loop
      vertex 21 -27.51299085679302 7.365317327767012
      vertex 21 -27.43431457505076 7.434314575050762
      vertex 29 -27.43431457505076 7.434314575050762
    endloop
  endfacet
  facet normal 0 0.7518398074789753 -0.6593458151000712
    outer loop
      vertex 21 -27.43431457505076 7.434314575050762
      vertex 21 -27.36531732776701 7.5129908567930235
      vertex 29 -27.43431457505076 7.434314575050762
    endloop
  endfacet
  facet normal 0 0.8314696123025412 -0.5555702330196082
    outer loop
      vertex 21 -27.36531732776701 7.5129908567930235
      vertex 21 -27.307179676972446 7.6
      vertex 29 -27.36531732776701 7.5129908567930235
    endloop
  endfacet
  facet normal 0 0.8968727415326877 -0.4422886902190024
    outer loop
      vertex 21 -27.307179676972446 7.6
      vertex 21 -27.260896373990967 7.693853254107928
      vertex 29 -27.307179676972446 7.6
    endloop
  endfacet
  facet normal -1 0 0
    outer loop
      vertex 21 -28.049999999999997 7.203277173140762
      vertex 21 -28.049999999999997 8.79672282685924
      vertex 21 -27.999999999999996 7.2
    endloop
  endfacet
  facet normal -1 0 0
    outer loop
      vertex 21 -27.999999999999996 7.2
      vertex 21 -27.895579046223954 8.793155889099049
      vertex 21 -27.895579046223954 7.206844110900952
    endloop
  endfacet
  facet normal -1 0 0
    outer loop
      vertex 21 -27.895579046223954 7.206844110900952
      vertex 21 -27.79294476391798 8.772740661031255
      vertex 21 -27.79294476391798 7.227259338968746
    endloop
  endfacet
  facet normal -1 0 0
    outer loop
      vertex 21 -27.79294476391798 7.227259338968746
      vertex 21 -27.693853254107925 8.73910362600903
      vertex 21 -27.693853254107925 7.26089637399097
    endloop
  endfacet
  facet normal -1 0 0
    outer loop
      vertex 21 -27.693853254107925 7.26089637399097
      vertex 21 -27.599999999999998 8.69282032302755
      vertex 21 -27.599999999999998 7.307179676972449
    endloop
  endfacet
  facet normal -1 0 0
    outer loop
      vertex 21 -27.599999999999998 7.307179676972449
      vertex 21 -27.51299085679302 8.634682672232987
      vertex 21 -27.51299085679302 7.365317327767012
    endloop
  endfacet
  facet normal -1 0 0
    outer loop
      vertex 21 -27.51299085679302 7.365317327767012
      vertex 21 -27.43431457505076 8.565685424949239
      vertex 21 -27.43431457505076 7.434314575050762
    endloop
  endfacet
  facet normal -1 0 0
    outer loop
      vertex 21 -27.43431457505076 7.434314575050762
      vertex 21 -27.36531732776701 8.487009143206976
      vertex 21 -27.36531732776701 7.5129908567930235
    endloop
  endfacet
  facet normal -1 0 0
    outer loop
      vertex 21 -27.36531732776701 7.5129908567930235
      vertex 21 -27.307179676972446 8.4
      vertex 21 -27.307179676972446 7.6
    endloop
  endfacet
  facet normal -1 0 0
    outer loop
      vertex 21 -27.307179676972446 7.6
      vertex 21 -27.260896373990967 8.306146745892072
      vertex 21 -27.260896373990967 7.693853254107928
    endloop
  endfacet
  facet normal -1 0 0
    outer loop
      vertex 21 -27.260896373990967 7.693853254107928
      vertex 21 -27.227259338968743 8.207055236082017
      vertex 21 -27.227259338968743 7.792944763917983
    endloop
  endfacet
  facet normal -1 0 0
    outer loop
      vertex 21 -27.227259338968743 7.792944763917983
      vertex 21 -27.20684411090095 8.10442095377604
      vertex 21 -27.20684411090095 7.895579046223959
    endloop
  endfacet
  facet normal 0 0.9469301294951094 -0.3214394653031508
    outer loop
      vertex 21 -27.260896373990967 7.693853254107928
      vertex 21 -27.227259338968743 7.792944763917983
      vertex 29 -27.260896373990967 7.693853254107928
    endloop
  endfacet
  facet normal 0 0.9807852804032302 -0.19509032201612986
    outer loop
      vertex 21 -27.227259338968743 7.792944763917983
      vertex 21 -27.20684411090095 7.895579046223959
      vertex 29 -27.227259338968743 7.792944763917983
    endloop
  endfacet
  facet normal 0 0.9978589232386024 -0.06540312923015924
    outer loop
      vertex 21 -27.20684411090095 7.895579046223959
      vertex 21 -27.199999999999996 8
      vertex 29 -27.20684411090095 7.895579046223959
    endloop
  endfacet
  facet normal -1 0 0
    outer loop
      vertex 21 -27.20684411090095 7.895579046223959
      vertex 21 -27.20684411090095 8.10442095377604
      vertex 21 -27.199999999999996 8
    endloop
  endfacet
  facet normal -1 0 0
    outer loop
      vertex 21 -27.227259338968743 7.792944763917983
      vertex 21 -27.227259338968743 8.207055236082017
      vertex 21 -27.20684411090095 8.10442095377604
    endloop
  endfacet
  facet normal -1 0 0
    outer loop
      vertex 21 -27.260896373990967 7.693853254107928
      vertex 21 -27.260896373990967 8.306146745892072
      vertex 21 -27.227259338968743 8.207055236082017
    endloop
  endfacet
  facet normal -1 0 0
    outer loop
      vertex 21 -27.36531732776701 7.5129908567930235
      vertex 21 -27.36531732776701 8.487009143206976
      vertex 21 -27.307179676972446 8.4
    endloop
  endfacet
  facet normal -1 0 0
    outer loop
      vertex 21 -27.599999999999998 7.307179676972449
      vertex 21 -27.599999999999998 8.69282032302755
      vertex 21 -27.51299085679302 8.634682672232987
    endloop
  endfacet
  facet normal -1 0 0
    outer loop
      vertex 21 -27.43431457505076 7.434314575050762
      vertex 21 -27.43431457505076 8.565685424949239
      vertex 21 -27.36531732776701 8.487009143206976
    endloop
  endfacet
  facet normal -1 0 0
    outer loop
      vertex 21 -27.51299085679302 7.365317327767012
      vertex 21 -27.51299085679302 8.634682672232987
      vertex 21 -27.43431457505076 8.565685424949239
    endloop
  endfacet
  facet normal -1 0 0
    outer loop
      vertex 21 -27.307179676972446 7.6
      vertex 21 -27.307179676972446 8.4
      vertex 21 -27.260896373990967 8.306146745892072
    endloop
  endfacet
  facet normal 0 0.9978589232386024 0.0654031292301598
    outer loop
      vertex 21 -27.199999999999996 8
      vertex 21 -27.20684411090095 8.10442095377604
      vertex 29 -27.199999999999996 8
    endloop
  endfacet
  facet normal 0 0.9807852804032304 0.1950903220161282
    outer loop
      vertex 21 -27.20684411090095 8.10442095377604
      vertex 21 -27.227259338968743 8.207055236082017
      vertex 29 -27.20684411090095 8.10442095377604
    endloop
  endfacet
  facet normal -1 0 0
    outer loop
      vertex 21 -27.895579046223954 7.206844110900952
      vertex 21 -27.895579046223954 8.793155889099049
      vertex 21 -27.79294476391798 8.772740661031255
    endloop
  endfacet
  facet normal -1 0 0
    outer loop
      vertex 21 -27.999999999999996 7.2
      vertex 21 -28.049999999999997 8.79672282685924
      vertex 21 -27.999999999999996 8.8
    endloop
  endfacet
  facet normal -1 0 0
    outer loop
      vertex 21 -27.999999999999996 7.2
      vertex 21 -27.999999999999996 8.8
      vertex 21 -27.895579046223954 8.793155889099049
    endloop
  endfacet
  facet normal 0 -0.06540312923012474 0.9978589232386046
    outer loop
      vertex 21 -28.049999999999997 8.79672282685924
      vertex 29 -28.049999999999997 8.79672282685924
      vertex 21 -27.999999999999996 8.8
    endloop
  endfacet
  facet normal 0 0.06540312923014178 0.9978589232386036
    outer loop
      vertex 21 -27.999999999999996 8.8
      vertex 29 -27.999999999999996 8.8
      vertex 21 -27.895579046223954 8.793155889099049
    endloop
  endfacet
  facet normal 0 0.19509032201613147 0.9807852804032299
    outer loop
      vertex 21 -27.895579046223954 8.793155889099049
      vertex 29 -27.895579046223954 8.793155889099049
      vertex 21 -27.79294476391798 8.772740661031255
    endloop
  endfacet
  facet normal -1 0 0
    outer loop
      vertex 21 -27.79294476391798 7.227259338968746
      vertex 21 -27.79294476391798 8.772740661031255
      vertex 21 -27.693853254107925 8.73910362600903
    endloop
  endfacet
  facet normal -1 0 0
    outer loop
      vertex 21 -27.693853254107925 7.26089637399097
      vertex 21 -27.693853254107925 8.73910362600903
      vertex 21 -27.599999999999998 8.69282032302755
    endloop
  endfacet
  facet normal 0 0.9469301294951094 0.3214394653031508
    outer loop
      vertex 21 -27.227259338968743 8.207055236082017
      vertex 21 -27.260896373990967 8.306146745892072
      vertex 29 -27.227259338968743 8.207055236082017
    endloop
  endfacet
  facet normal 0 0.8968727415326877 0.4422886902190024
    outer loop
      vertex 21 -27.260896373990967 8.306146745892072
      vertex 21 -27.307179676972446 8.4
      vertex 29 -27.260896373990967 8.306146745892072
    endloop
  endfacet
  facet normal 0 0.7518398074789827 0.6593458151000628
    outer loop
      vertex 21 -27.36531732776701 8.487009143206976
      vertex 21 -27.43431457505076 8.565685424949239
      vertex 29 -27.36531732776701 8.487009143206976
    endloop
  endfacet
  facet normal 0 0.8314696123025387 0.5555702330196121
    outer loop
      vertex 21 -27.36531732776701 8.487009143206976
      vertex 29 -27.307179676972446 8.4
      vertex 21 -27.307179676972446 8.4
    endloop
  endfacet
  facet normal 0 0.6593458151000616 0.7518398074789837
    outer loop
      vertex 21 -27.43431457505076 8.565685424949239
      vertex 21 -27.51299085679302 8.634682672232987
      vertex 29 -27.51299085679302 8.634682672232987
    endloop
  endfacet
  facet normal 0 0.5555702330196042 0.8314696123025438
    outer loop
      vertex 21 -27.51299085679302 8.634682672232987
      vertex 21 -27.599999999999998 8.69282032302755
      vertex 29 -27.599999999999998 8.69282032302755
    endloop
  endfacet
  facet normal 0 0.4422886902190091 0.8968727415326844
    outer loop
      vertex 21 -27.599999999999998 8.69282032302755
      vertex 21 -27.693853254107925 8.73910362600903
      vertex 29 -27.693853254107925 8.73910362600903
    endloop
  endfacet
  facet normal 0 0.321439465303166 0.9469301294951042
    outer loop
      vertex 21 -27.693853254107925 8.73910362600903
      vertex 21 -27.79294476391798 8.772740661031255
      vertex 29 -27.79294476391798 8.772740661031255
    endloop
  endfacet
  facet normal 0 -0.0654031292301424 -0.9978589232386035
    outer loop
      vertex 21 -28.049999999999997 7.203277173140762
      vertex 29 -27.999999999999996 7.2
      vertex 29 -28.049999999999997 7.203277173140762
    endloop
  endfacet
  facet normal 0 0.06540312923014178 -0.9978589232386036
    outer loop
      vertex 21 -27.999999999999996 7.2
      vertex 29 -27.895579046223954 7.206844110900952
      vertex 29 -27.999999999999996 7.2
    endloop
  endfacet
  facet normal 0 0.19509032201613147 -0.9807852804032299
    outer loop
      vertex 21 -27.895579046223954 7.206844110900952
      vertex 29 -27.79294476391798 7.227259338968746
      vertex 29 -27.895579046223954 7.206844110900952
    endloop
  endfacet
  facet normal 0 0.32143946530315837 -0.9469301294951068
    outer loop
      vertex 21 -27.79294476391798 7.227259338968746
      vertex 29 -27.693853254107925 7.26089637399097
      vertex 29 -27.79294476391798 7.227259338968746
    endloop
  endfacet
  facet normal 0 0.4422886902190091 -0.8968727415326844
    outer loop
      vertex 21 -27.693853254107925 7.26089637399097
      vertex 29 -27.599999999999998 7.307179676972449
      vertex 29 -27.693853254107925 7.26089637399097
    endloop
  endfacet
  facet normal 0 0.5555702330195984 -0.8314696123025478
    outer loop
      vertex 21 -27.599999999999998 7.307179676972449
      vertex 29 -27.51299085679302 7.365317327767012
      vertex 29 -27.599999999999998 7.307179676972449
    endloop
  endfacet
  facet normal 0 0.6593458151000712 -0.7518398074789753
    outer loop
      vertex 21 -27.51299085679302 7.365317327767012
      vertex 29 -27.43431457505076 7.434314575050762
      vertex 29 -27.51299085679302 7.365317327767012
    endloop
  endfacet
  facet normal 0 0.7518398074789753 -0.6593458151000712
    outer loop
      vertex 21 -27.36531732776701 7.5129908567930235
      vertex 29 -27.36531732776701 7.5129908567930235
      vertex 29 -27.43431457505076 7.434314575050762
    endloop
  endfacet
  facet normal 0 0.8314696123025412 -0.5555702330196082
    outer loop
      vertex 21 -27.307179676972446 7.6
      vertex 29 -27.307179676972446 7.6
      vertex 29 -27.36531732776701 7.5129908567930235
    endloop
  endfacet
  facet normal 0 0.8968727415326877 -0.4422886902190024
    outer loop
      vertex 21 -27.260896373990967 7.693853254107928
      vertex 29 -27.260896373990967 7.693853254107928
      vertex 29 -27.307179676972446 7.6
    endloop
  endfacet
  facet normal 0 0.9469301294951094 -0.3214394653031508
    outer loop
      vertex 21 -27.227259338968743 7.792944763917983
      vertex 29 -27.227259338968743 7.792944763917983
      vertex 29 -27.260896373990967 7.693853254107928
    endloop
  endfacet
  facet normal 0 0.9807852804032302 -0.19509032201612986
    outer loop
      vertex 21 -27.20684411090095 7.895579046223959
      vertex 29 -27.20684411090095 7.895579046223959
      vertex 29 -27.227259338968743 7.792944763917983
    endloop
  endfacet
  facet normal 0 0.9978589232386024 -0.06540312923015924
    outer loop
      vertex 21 -27.199999999999996 8
      vertex 29 -27.199999999999996 8
      vertex 29 -27.20684411090095 7.895579046223959
    endloop
  endfacet
  facet normal 0 0.9978589232386024 0.0654031292301598
    outer loop
      vertex 21 -27.20684411090095 8.10442095377604
      vertex 29 -27.20684411090095 8.10442095377604
      vertex 29 -27.199999999999996 8
    endloop
  endfacet
  facet normal 0 0.9807852804032304 0.1950903220161282
    outer loop
      vertex 21 -27.227259338968743 8.207055236082017
      vertex 29 -27.227259338968743 8.207055236082017
      vertex 29 -27.20684411090095 8.10442095377604
    endloop
  endfacet
  facet normal 1 0 0
    outer loop
      vertex 29 -28.049999999999997 7.203277173140762
      vertex 29 -27.999999999999996 7.2
      vertex 29 -27.999999999999996 8.8
    endloop
  endfacet
  facet normal 1 0 0
    outer loop
      vertex 29 -27.999999999999996 7.2
      vertex 29 -27.895579046223954 7.206844110900952
      vertex 29 -27.999999999999996 8.8
    endloop
  endfacet
  facet normal 1 0 0
    outer loop
      vertex 29 -27.895579046223954 7.206844110900952
      vertex 29 -27.79294476391798 7.227259338968746
      vertex 29 -27.895579046223954 8.793155889099049
    endloop
  endfacet
  facet normal 1 0 0
    outer loop
      vertex 29 -27.79294476391798 7.227259338968746
      vertex 29 -27.693853254107925 7.26089637399097
      vertex 29 -27.79294476391798 8.772740661031255
    endloop
  endfacet
  facet normal 1 0 0
    outer loop
      vertex 29 -27.693853254107925 7.26089637399097
      vertex 29 -27.599999999999998 7.307179676972449
      vertex 29 -27.693853254107925 8.73910362600903
    endloop
  endfacet
  facet normal 1 0 0
    outer loop
      vertex 29 -27.599999999999998 7.307179676972449
      vertex 29 -27.51299085679302 7.365317327767012
      vertex 29 -27.599999999999998 8.69282032302755
    endloop
  endfacet
  facet normal 1 0 0
    outer loop
      vertex 29 -27.51299085679302 7.365317327767012
      vertex 29 -27.43431457505076 7.434314575050762
      vertex 29 -27.51299085679302 8.634682672232987
    endloop
  endfacet
  facet normal 1 0 0
    outer loop
      vertex 29 -27.43431457505076 7.434314575050762
      vertex 29 -27.36531732776701 7.5129908567930235
      vertex 29 -27.43431457505076 8.565685424949239
    endloop
  endfacet
  facet normal 1 0 0
    outer loop
      vertex 29 -27.36531732776701 7.5129908567930235
      vertex 29 -27.307179676972446 7.6
      vertex 29 -27.36531732776701 8.487009143206976
    endloop
  endfacet
  facet normal 1 0 0
    outer loop
      vertex 29 -27.307179676972446 7.6
      vertex 29 -27.260896373990967 7.693853254107928
      vertex 29 -27.307179676972446 8.4
    endloop
  endfacet
  facet normal 1 0 0
    outer loop
      vertex 29 -27.260896373990967 7.693853254107928
      vertex 29 -27.227259338968743 7.792944763917983
      vertex 29 -27.260896373990967 8.306146745892072
    endloop
  endfacet
  facet normal 1 0 0
    outer loop
      vertex 29 -27.227259338968743 7.792944763917983
      vertex 29 -27.20684411090095 7.895579046223959
      vertex 29 -27.227259338968743 8.207055236082017
    endloop
  endfacet
  facet normal 1 0 0
    outer loop
      vertex 29 -27.20684411090095 7.895579046223959
      vertex 29 -27.199999999999996 8
      vertex 29 -27.20684411090095 8.10442095377604
    endloop
  endfacet
  facet normal 1 0 0
    outer loop
      vertex 29 -27.20684411090095 7.895579046223959
      vertex 29 -27.20684411090095 8.10442095377604
      vertex 29 -27.227259338968743 8.207055236082017
    endloop
  endfacet
  facet normal 1 0 0
    outer loop
      vertex 29 -27.43431457505076 7.434314575050762
      vertex 29 -27.43431457505076 8.565685424949239
      vertex 29 -27.51299085679302 8.634682672232987
    endloop
  endfacet
  facet normal 1 0 0
    outer loop
      vertex 29 -27.36531732776701 7.5129908567930235
      vertex 29 -27.36531732776701 8.487009143206976
      vertex 29 -27.43431457505076 8.565685424949239
    endloop
  endfacet
  facet normal 1 0 0
    outer loop
      vertex 29 -27.227259338968743 7.792944763917983
      vertex 29 -27.227259338968743 8.207055236082017
      vertex 29 -27.260896373990967 8.306146745892072
    endloop
  endfacet
  facet normal 1 0 0
    outer loop
      vertex 29 -27.260896373990967 7.693853254107928
      vertex 29 -27.260896373990967 8.306146745892072
      vertex 29 -27.307179676972446 8.4
    endloop
  endfacet
  facet normal 1 0 0
    outer loop
      vertex 29 -27.307179676972446 7.6
      vertex 29 -27.307179676972446 8.4
      vertex 29 -27.36531732776701 8.487009143206976
    endloop
  endfacet
  facet normal 0 -0.06540312923012474 0.9978589232386046
    outer loop
      vertex 21 -27.999999999999996 8.8
      vertex 29 -28.049999999999997 8.79672282685924
      vertex 29 -27.999999999999996 8.8
    endloop
  endfacet
  facet normal 0 0.06540312923014178 0.9978589232386036
    outer loop
      vertex 21 -27.895579046223954 8.793155889099049
      vertex 29 -27.999999999999996 8.8
      vertex 29 -27.895579046223954 8.793155889099049
    endloop
  endfacet
  facet normal 0 0.19509032201613147 0.9807852804032299
    outer loop
      vertex 21 -27.79294476391798 8.772740661031255
      vertex 29 -27.895579046223954 8.793155889099049
      vertex 29 -27.79294476391798 8.772740661031255
    endloop
  endfacet
  facet normal 0 0.9469301294951094 0.3214394653031508
    outer loop
      vertex 21 -27.260896373990967 8.306146745892072
      vertex 29 -27.260896373990967 8.306146745892072
      vertex 29 -27.227259338968743 8.207055236082017
    endloop
  endfacet
  facet normal 0 0.8968727415326877 0.4422886902190024
    outer loop
      vertex 21 -27.307179676972446 8.4
      vertex 29 -27.307179676972446 8.4
      vertex 29 -27.260896373990967 8.306146745892072
    endloop
  endfacet
  facet normal 0 0.8314696123025387 0.5555702330196121
    outer loop
      vertex 21 -27.36531732776701 8.487009143206976
      vertex 29 -27.36531732776701 8.487009143206976
      vertex 29 -27.307179676972446 8.4
    endloop
  endfacet
  facet normal 0 0.7518398074789827 0.6593458151000628
    outer loop
      vertex 21 -27.43431457505076 8.565685424949239
      vertex 29 -27.43431457505076 8.565685424949239
      vertex 29 -27.36531732776701 8.487009143206976
    endloop
  endfacet
  facet normal 0 0.6593458151000616 0.7518398074789837
    outer loop
      vertex 21 -27.43431457505076 8.565685424949239
      vertex 29 -27.51299085679302 8.634682672232987
      vertex 29 -27.43431457505076 8.565685424949239
    endloop
  endfacet
  facet normal 0 0.5555702330196042 0.8314696123025438
    outer loop
      vertex 21 -27.51299085679302 8.634682672232987
      vertex 29 -27.599999999999998 8.69282032302755
      vertex 29 -27.51299085679302 8.634682672232987
    endloop
  endfacet
  facet normal 0 0.4422886902190091 0.8968727415326844
    outer loop
      vertex 21 -27.599999999999998 8.69282032302755
      vertex 29 -27.693853254107925 8.73910362600903
      vertex 29 -27.599999999999998 8.69282032302755
    endloop
  endfacet
  facet normal 0 0.321439465303166 0.9469301294951042
    outer loop
      vertex 21 -27.693853254107925 8.73910362600903
      vertex 29 -27.79294476391798 8.772740661031255
      vertex 29 -27.693853254107925 8.73910362600903
    endloop
  endfacet
  facet normal 1 0 0
    outer loop
      vertex 29 -28.049999999999997 7.203277173140762
      vertex 29 -27.999999999999996 8.8
      vertex 29 -28.049999999999997 8.79672282685924
    endloop
  endfacet
  facet normal 1 0 0
    outer loop
      vertex 29 -27.895579046223954 7.206844110900952
      vertex 29 -27.895579046223954 8.793155889099049
      vertex 29 -27.999999999999996 8.8
    endloop
  endfacet
  facet normal 1 0 0
    outer loop
      vertex 29 -27.79294476391798 7.227259338968746
      vertex 29 -27.79294476391798 8.772740661031255
      vertex 29 -27.895579046223954 8.793155889099049
    endloop
  endfacet
  facet normal 1 0 0
    outer loop
      vertex 29 -27.693853254107925 7.26089637399097
      vertex 29 -27.693853254107925 8.73910362600903
      vertex 29 -27.79294476391798 8.772740661031255
    endloop
  endfacet
  facet normal 1 0 0
    outer loop
      vertex 29 -27.599999999999998 7.307179676972449
      vertex 29 -27.599999999999998 8.69282032302755
      vertex 29 -27.693853254107925 8.73910362600903
    endloop
  endfacet
  facet normal 1 0 0
    outer loop
      vertex 29 -27.51299085679302 7.365317327767012
      vertex 29 -27.51299085679302 8.634682672232987
      vertex 29 -27.599999999999998 8.69282032302755
    endloop
  endfacet
  facet normal 0 -0.32143946530315837 -0.9469301294951068
    outer loop
      vertex -4 27.79294476391798 7.227259338968746
      vertex 4 27.79294476391798 7.227259338968746
      vertex -4 27.693853254107925 7.26089637399097
    endloop
  endfacet
  facet normal 0 -0.4422886902190091 -0.8968727415326844
    outer loop
      vertex -4 27.693853254107925 7.26089637399097
      vertex 4 27.693853254107925 7.26089637399097
      vertex -4 27.599999999999998 7.307179676972449
    endloop
  endfacet
  facet normal 0 -0.5555702330195984 -0.8314696123025478
    outer loop
      vertex -4 27.599999999999998 7.307179676972449
      vertex 4 27.599999999999998 7.307179676972449
      vertex -4 27.51299085679302 7.365317327767012
    endloop
  endfacet
  facet normal 0 -0.6593458151000712 -0.7518398074789753
    outer loop
      vertex -4 27.51299085679302 7.365317327767012
      vertex 4 27.51299085679302 7.365317327767012
      vertex -4 27.43431457505076 7.434314575050762
    endloop
  endfacet
  facet normal 0 -0.7518398074789753 -0.6593458151000712
    outer loop
      vertex -4 27.43431457505076 7.434314575050762
      vertex 4 27.36531732776701 7.5129908567930235
      vertex -4 27.36531732776701 7.5129908567930235
    endloop
  endfacet
  facet normal 0 -0.8314696123025412 -0.5555702330196082
    outer loop
      vertex -4 27.307179676972446 7.6
      vertex -4 27.36531732776701 7.5129908567930235
      vertex 4 27.307179676972446 7.6
    endloop
  endfacet
  facet normal 0 -0.19509032201613147 -0.9807852804032299
    outer loop
      vertex -4 27.79294476391798 7.227259338968746
      vertex -4 27.895579046223954 7.206844110900952
      vertex 4 27.895579046223954 7.206844110900952
    endloop
  endfacet
  facet normal 0 -0.06540312923014178 -0.9978589232386036
    outer loop
      vertex -4 27.895579046223954 7.206844110900952
      vertex -4 27.999999999999996 7.2
      vertex 4 27.999999999999996 7.2
    endloop
  endfacet
  facet normal 0 0.0654031292301424 -0.9978589232386035
    outer loop
      vertex -4 27.999999999999996 7.2
      vertex -4 28.049999999999997 7.203277173140762
      vertex 4 28.049999999999997 7.203277173140762
    endloop
  endfacet
  facet normal -1 0 0
    outer loop
      vertex -4 27.693853254107925 7.26089637399097
      vertex -4 27.599999999999998 7.307179676972449
      vertex -4 27.693853254107925 8.73910362600903
    endloop
  endfacet
  facet normal -1 0 0
    outer loop
      vertex -4 27.79294476391798 7.227259338968746
      vertex -4 27.693853254107925 7.26089637399097
      vertex -4 27.79294476391798 8.772740661031255
    endloop
  endfacet
  facet normal -1 0 0
    outer loop
      vertex -4 27.307179676972446 7.6
      vertex -4 27.260896373990967 7.693853254107928
      vertex -4 27.307179676972446 8.4
    endloop
  endfacet
  facet normal -1 0 0
    outer loop
      vertex -4 27.260896373990967 7.693853254107928
      vertex -4 27.227259338968743 7.792944763917983
      vertex -4 27.260896373990967 8.306146745892072
    endloop
  endfacet
  facet normal -1 0 0
    outer loop
      vertex -4 27.51299085679302 7.365317327767012
      vertex -4 27.43431457505076 7.434314575050762
      vertex -4 27.51299085679302 8.634682672232987
    endloop
  endfacet
  facet normal -1 0 0
    outer loop
      vertex -4 27.43431457505076 7.434314575050762
      vertex -4 27.36531732776701 7.5129908567930235
      vertex -4 27.43431457505076 8.565685424949239
    endloop
  endfacet
  facet normal -1 0 0
    outer loop
      vertex -4 27.599999999999998 7.307179676972449
      vertex -4 27.51299085679302 7.365317327767012
      vertex -4 27.599999999999998 8.69282032302755
    endloop
  endfacet
  facet normal -1 0 0
    outer loop
      vertex -4 27.307179676972446 7.6
      vertex -4 27.36531732776701 8.487009143206976
      vertex -4 27.36531732776701 7.5129908567930235
    endloop
  endfacet
  facet normal -1 0 0
    outer loop
      vertex -4 27.227259338968743 7.792944763917983
      vertex -4 27.20684411090095 7.895579046223959
      vertex -4 27.227259338968743 8.207055236082017
    endloop
  endfacet
  facet normal -1 0 0
    outer loop
      vertex -4 27.20684411090095 7.895579046223959
      vertex -4 27.199999999999996 8
      vertex -4 27.20684411090095 8.10442095377604
    endloop
  endfacet
  facet normal -1 0 0
    outer loop
      vertex -4 27.20684411090095 7.895579046223959
      vertex -4 27.20684411090095 8.10442095377604
      vertex -4 27.227259338968743 8.207055236082017
    endloop
  endfacet
  facet normal -1 0 0
    outer loop
      vertex -4 27.227259338968743 7.792944763917983
      vertex -4 27.227259338968743 8.207055236082017
      vertex -4 27.260896373990967 8.306146745892072
    endloop
  endfacet
  facet normal -1 0 0
    outer loop
      vertex -4 27.260896373990967 7.693853254107928
      vertex -4 27.260896373990967 8.306146745892072
      vertex -4 27.307179676972446 8.4
    endloop
  endfacet
  facet normal -1 0 0
    outer loop
      vertex -4 27.307179676972446 7.6
      vertex -4 27.307179676972446 8.4
      vertex -4 27.36531732776701 8.487009143206976
    endloop
  endfacet
  facet normal -1 0 0
    outer loop
      vertex -4 27.36531732776701 7.5129908567930235
      vertex -4 27.36531732776701 8.487009143206976
      vertex -4 27.43431457505076 8.565685424949239
    endloop
  endfacet
  facet normal -1 0 0
    outer loop
      vertex -4 27.43431457505076 7.434314575050762
      vertex -4 27.43431457505076 8.565685424949239
      vertex -4 27.51299085679302 8.634682672232987
    endloop
  endfacet
  facet normal -1 0 0
    outer loop
      vertex -4 27.79294476391798 7.227259338968746
      vertex -4 27.895579046223954 8.793155889099049
      vertex -4 27.895579046223954 7.206844110900952
    endloop
  endfacet
  facet normal -1 0 0
    outer loop
      vertex -4 27.895579046223954 7.206844110900952
      vertex -4 27.999999999999996 8.8
      vertex -4 27.999999999999996 7.2
    endloop
  endfacet
  facet normal -1 0 0
    outer loop
      vertex -4 27.999999999999996 7.2
      vertex -4 27.999999999999996 8.8
      vertex -4 28.049999999999997 7.203277173140762
    endloop
  endfacet
  facet normal 0 -0.8968727415326877 -0.4422886902190024
    outer loop
      vertex -4 27.307179676972446 7.6
      vertex 4 27.260896373990967 7.693853254107928
      vertex -4 27.260896373990967 7.693853254107928
    endloop
  endfacet
  facet normal 0 -0.9469301294951094 -0.3214394653031508
    outer loop
      vertex -4 27.260896373990967 7.693853254107928
      vertex 4 27.227259338968743 7.792944763917983
      vertex -4 27.227259338968743 7.792944763917983
    endloop
  endfacet
  facet normal 0 -0.9807852804032302 -0.19509032201612986
    outer loop
      vertex -4 27.227259338968743 7.792944763917983
      vertex 4 27.20684411090095 7.895579046223959
      vertex -4 27.20684411090095 7.895579046223959
    endloop
  endfacet
  facet normal 0 -0.9978589232386024 -0.06540312923015924
    outer loop
      vertex -4 27.20684411090095 7.895579046223959
      vertex 4 27.199999999999996 8
      vertex -4 27.199999999999996 8
    endloop
  endfacet
  facet normal 0 -0.9978589232386024 0.0654031292301598
    outer loop
      vertex -4 27.199999999999996 8
      vertex 4 27.20684411090095 8.10442095377604
      vertex -4 27.20684411090095 8.10442095377604
    endloop
  endfacet
  facet normal 0 -0.9807852804032304 0.1950903220161282
    outer loop
      vertex -4 27.20684411090095 8.10442095377604
      vertex 4 27.227259338968743 8.207055236082017
      vertex -4 27.227259338968743 8.207055236082017
    endloop
  endfacet
  facet normal -1 0 0
    outer loop
      vertex -4 27.51299085679302 7.365317327767012
      vertex -4 27.51299085679302 8.634682672232987
      vertex -4 27.599999999999998 8.69282032302755
    endloop
  endfacet
  facet normal -1 0 0
    outer loop
      vertex -4 27.599999999999998 7.307179676972449
      vertex -4 27.599999999999998 8.69282032302755
      vertex -4 27.693853254107925 8.73910362600903
    endloop
  endfacet
  facet normal -1 0 0
    outer loop
      vertex -4 27.693853254107925 7.26089637399097
      vertex -4 27.693853254107925 8.73910362600903
      vertex -4 27.79294476391798 8.772740661031255
    endloop
  endfacet
  facet normal -1 0 0
    outer loop
      vertex -4 27.79294476391798 7.227259338968746
      vertex -4 27.79294476391798 8.772740661031255
      vertex -4 27.895579046223954 8.793155889099049
    endloop
  endfacet
  facet normal -1 0 0
    outer loop
      vertex -4 27.895579046223954 7.206844110900952
      vertex -4 27.895579046223954 8.793155889099049
      vertex -4 27.999999999999996 8.8
    endloop
  endfacet
  facet normal -1 0 0
    outer loop
      vertex -4 28.049999999999997 7.203277173140762
      vertex -4 27.999999999999996 8.8
      vertex -4 28.049999999999997 8.79672282685924
    endloop
  endfacet
  facet normal 0 -0.9469301294951094 0.3214394653031508
    outer loop
      vertex -4 27.227259338968743 8.207055236082017
      vertex 4 27.260896373990967 8.306146745892072
      vertex -4 27.260896373990967 8.306146745892072
    endloop
  endfacet
  facet normal 0 -0.8968727415326877 0.4422886902190024
    outer loop
      vertex -4 27.260896373990967 8.306146745892072
      vertex 4 27.307179676972446 8.4
      vertex -4 27.307179676972446 8.4
    endloop
  endfacet
  facet normal 0 -0.8314696123025387 0.5555702330196121
    outer loop
      vertex -4 27.307179676972446 8.4
      vertex 4 27.36531732776701 8.487009143206976
      vertex -4 27.36531732776701 8.487009143206976
    endloop
  endfacet
  facet normal 0 -0.7518398074789827 0.6593458151000628
    outer loop
      vertex -4 27.36531732776701 8.487009143206976
      vertex 4 27.43431457505076 8.565685424949239
      vertex -4 27.43431457505076 8.565685424949239
    endloop
  endfacet
  facet normal 0 -0.6593458151000616 0.7518398074789837
    outer loop
      vertex -4 27.43431457505076 8.565685424949239
      vertex 4 27.43431457505076 8.565685424949239
      vertex -4 27.51299085679302 8.634682672232987
    endloop
  endfacet
  facet normal 0 -0.5555702330196042 0.8314696123025438
    outer loop
      vertex -4 27.51299085679302 8.634682672232987
      vertex 4 27.51299085679302 8.634682672232987
      vertex -4 27.599999999999998 8.69282032302755
    endloop
  endfacet
  facet normal 0 -0.4422886902190091 0.8968727415326844
    outer loop
      vertex -4 27.599999999999998 8.69282032302755
      vertex 4 27.599999999999998 8.69282032302755
      vertex -4 27.693853254107925 8.73910362600903
    endloop
  endfacet
  facet normal 0 -0.321439465303166 0.9469301294951042
    outer loop
      vertex -4 27.693853254107925 8.73910362600903
      vertex 4 27.693853254107925 8.73910362600903
      vertex -4 27.79294476391798 8.772740661031255
    endloop
  endfacet
  facet normal 0 -0.19509032201613147 0.9807852804032299
    outer loop
      vertex -4 27.79294476391798 8.772740661031255
      vertex 4 27.79294476391798 8.772740661031255
      vertex -4 27.895579046223954 8.793155889099049
    endloop
  endfacet
  facet normal 0 -0.06540312923014178 0.9978589232386036
    outer loop
      vertex -4 27.895579046223954 8.793155889099049
      vertex 4 27.895579046223954 8.793155889099049
      vertex -4 27.999999999999996 8.8
    endloop
  endfacet
  facet normal 0 0.06540312923012474 0.9978589232386046
    outer loop
      vertex -4 27.999999999999996 8.8
      vertex 4 27.999999999999996 8.8
      vertex -4 28.049999999999997 8.79672282685924
    endloop
  endfacet
  facet normal 0 -0.32143946530315837 -0.9469301294951068
    outer loop
      vertex -4 27.693853254107925 7.26089637399097
      vertex 4 27.79294476391798 7.227259338968746
      vertex 4 27.693853254107925 7.26089637399097
    endloop
  endfacet
  facet normal 0 -0.4422886902190091 -0.8968727415326844
    outer loop
      vertex -4 27.599999999999998 7.307179676972449
      vertex 4 27.693853254107925 7.26089637399097
      vertex 4 27.599999999999998 7.307179676972449
    endloop
  endfacet
  facet normal 0 -0.5555702330195984 -0.8314696123025478
    outer loop
      vertex -4 27.51299085679302 7.365317327767012
      vertex 4 27.599999999999998 7.307179676972449
      vertex 4 27.51299085679302 7.365317327767012
    endloop
  endfacet
  facet normal 0 -0.6593458151000712 -0.7518398074789753
    outer loop
      vertex -4 27.43431457505076 7.434314575050762
      vertex 4 27.51299085679302 7.365317327767012
      vertex 4 27.43431457505076 7.434314575050762
    endloop
  endfacet
  facet normal 0 -0.7518398074789753 -0.6593458151000712
    outer loop
      vertex -4 27.43431457505076 7.434314575050762
      vertex 4 27.43431457505076 7.434314575050762
      vertex 4 27.36531732776701 7.5129908567930235
    endloop
  endfacet
  facet normal 0 -0.8968727415326877 -0.4422886902190024
    outer loop
      vertex -4 27.307179676972446 7.6
      vertex 4 27.307179676972446 7.6
      vertex 4 27.260896373990967 7.693853254107928
    endloop
  endfacet
  facet normal 0 -0.8314696123025412 -0.5555702330196082
    outer loop
      vertex -4 27.36531732776701 7.5129908567930235
      vertex 4 27.36531732776701 7.5129908567930235
      vertex 4 27.307179676972446 7.6
    endloop
  endfacet
  facet normal 0 -0.19509032201613147 -0.9807852804032299
    outer loop
      vertex -4 27.79294476391798 7.227259338968746
      vertex 4 27.895579046223954 7.206844110900952
      vertex 4 27.79294476391798 7.227259338968746
    endloop
  endfacet
  facet normal 0 -0.06540312923014178 -0.9978589232386036
    outer loop
      vertex -4 27.895579046223954 7.206844110900952
      vertex 4 27.999999999999996 7.2
      vertex 4 27.895579046223954 7.206844110900952
    endloop
  endfacet
  facet normal 0 0.0654031292301424 -0.9978589232386035
    outer loop
      vertex -4 27.999999999999996 7.2
      vertex 4 28.049999999999997 7.203277173140762
      vertex 4 27.999999999999996 7.2
    endloop
  endfacet
  facet normal 0 -0.9469301294951094 -0.3214394653031508
    outer loop
      vertex -4 27.260896373990967 7.693853254107928
      vertex 4 27.260896373990967 7.693853254107928
      vertex 4 27.227259338968743 7.792944763917983
    endloop
  endfacet
  facet normal 0 -0.9807852804032302 -0.19509032201612986
    outer loop
      vertex -4 27.227259338968743 7.792944763917983
      vertex 4 27.227259338968743 7.792944763917983
      vertex 4 27.20684411090095 7.895579046223959
    endloop
  endfacet
  facet normal 0 -0.9978589232386024 -0.06540312923015924
    outer loop
      vertex -4 27.20684411090095 7.895579046223959
      vertex 4 27.20684411090095 7.895579046223959
      vertex 4 27.199999999999996 8
    endloop
  endfacet
  facet normal 0 -0.9978589232386024 0.0654031292301598
    outer loop
      vertex -4 27.199999999999996 8
      vertex 4 27.199999999999996 8
      vertex 4 27.20684411090095 8.10442095377604
    endloop
  endfacet
  facet normal 0 -0.9807852804032304 0.1950903220161282
    outer loop
      vertex -4 27.20684411090095 8.10442095377604
      vertex 4 27.20684411090095 8.10442095377604
      vertex 4 27.227259338968743 8.207055236082017
    endloop
  endfacet
  facet normal 1 0 0
    outer loop
      vertex 4 27.599999999999998 7.307179676972449
      vertex 4 27.51299085679302 8.634682672232987
      vertex 4 27.51299085679302 7.365317327767012
    endloop
  endfacet
  facet normal 1 0 0
    outer loop
      vertex 4 27.79294476391798 7.227259338968746
      vertex 4 27.693853254107925 8.73910362600903
      vertex 4 27.693853254107925 7.26089637399097
    endloop
  endfacet
  facet normal 1 0 0
    outer loop
      vertex 4 27.693853254107925 7.26089637399097
      vertex 4 27.599999999999998 8.69282032302755
      vertex 4 27.599999999999998 7.307179676972449
    endloop
  endfacet
  facet normal 1 0 0
    outer loop
      vertex 4 27.307179676972446 7.6
      vertex 4 27.36531732776701 7.5129908567930235
      vertex 4 27.307179676972446 8.4
    endloop
  endfacet
  facet normal 1 0 0
    outer loop
      vertex 4 27.307179676972446 7.6
      vertex 4 27.260896373990967 8.306146745892072
      vertex 4 27.260896373990967 7.693853254107928
    endloop
  endfacet
  facet normal 1 0 0
    outer loop
      vertex 4 27.227259338968743 7.792944763917983
      vertex 4 27.20684411090095 8.10442095377604
      vertex 4 27.20684411090095 7.895579046223959
    endloop
  endfacet
  facet normal 1 0 0
    outer loop
      vertex 4 27.260896373990967 7.693853254107928
      vertex 4 27.227259338968743 8.207055236082017
      vertex 4 27.227259338968743 7.792944763917983
    endloop
  endfacet
  facet normal 1 0 0
    outer loop
      vertex 4 27.43431457505076 7.434314575050762
      vertex 4 27.36531732776701 8.487009143206976
      vertex 4 27.36531732776701 7.5129908567930235
    endloop
  endfacet
  facet normal 1 0 0
    outer loop
      vertex 4 27.51299085679302 7.365317327767012
      vertex 4 27.43431457505076 8.565685424949239
      vertex 4 27.43431457505076 7.434314575050762
    endloop
  endfacet
  facet normal 1 0 0
    outer loop
      vertex 4 27.20684411090095 7.895579046223959
      vertex 4 27.20684411090095 8.10442095377604
      vertex 4 27.199999999999996 8
    endloop
  endfacet
  facet normal 1 0 0
    outer loop
      vertex 4 27.227259338968743 7.792944763917983
      vertex 4 27.227259338968743 8.207055236082017
      vertex 4 27.20684411090095 8.10442095377604
    endloop
  endfacet
  facet normal 1 0 0
    outer loop
      vertex 4 27.260896373990967 7.693853254107928
      vertex 4 27.260896373990967 8.306146745892072
      vertex 4 27.227259338968743 8.207055236082017
    endloop
  endfacet
  facet normal 1 0 0
    outer loop
      vertex 4 27.307179676972446 7.6
      vertex 4 27.307179676972446 8.4
      vertex 4 27.260896373990967 8.306146745892072
    endloop
  endfacet
  facet normal 1 0 0
    outer loop
      vertex 4 27.36531732776701 7.5129908567930235
      vertex 4 27.36531732776701 8.487009143206976
      vertex 4 27.307179676972446 8.4
    endloop
  endfacet
  facet normal 1 0 0
    outer loop
      vertex 4 27.43431457505076 7.434314575050762
      vertex 4 27.43431457505076 8.565685424949239
      vertex 4 27.36531732776701 8.487009143206976
    endloop
  endfacet
  facet normal 1 0 0
    outer loop
      vertex 4 27.51299085679302 7.365317327767012
      vertex 4 27.51299085679302 8.634682672232987
      vertex 4 27.43431457505076 8.565685424949239
    endloop
  endfacet
  facet normal 1 0 0
    outer loop
      vertex 4 27.599999999999998 7.307179676972449
      vertex 4 27.599999999999998 8.69282032302755
      vertex 4 27.51299085679302 8.634682672232987
    endloop
  endfacet
  facet normal 1 0 0
    outer loop
      vertex 4 27.79294476391798 7.227259338968746
      vertex 4 27.895579046223954 7.206844110900952
      vertex 4 27.79294476391798 8.772740661031255
    endloop
  endfacet
  facet normal 1 0 0
    outer loop
      vertex 4 27.895579046223954 7.206844110900952
      vertex 4 27.999999999999996 7.2
      vertex 4 27.895579046223954 8.793155889099049
    endloop
  endfacet
  facet normal 1 0 0
    outer loop
      vertex 4 27.999999999999996 7.2
      vertex 4 28.049999999999997 7.203277173140762
      vertex 4 28.049999999999997 8.79672282685924
    endloop
  endfacet
  facet normal 0 -0.9469301294951094 0.3214394653031508
    outer loop
      vertex -4 27.227259338968743 8.207055236082017
      vertex 4 27.227259338968743 8.207055236082017
      vertex 4 27.260896373990967 8.306146745892072
    endloop
  endfacet
  facet normal 0 -0.8968727415326877 0.4422886902190024
    outer loop
      vertex -4 27.260896373990967 8.306146745892072
      vertex 4 27.260896373990967 8.306146745892072
      vertex 4 27.307179676972446 8.4
    endloop
  endfacet
  facet normal 0 -0.8314696123025387 0.5555702330196121
    outer loop
      vertex -4 27.307179676972446 8.4
      vertex 4 27.307179676972446 8.4
      vertex 4 27.36531732776701 8.487009143206976
    endloop
  endfacet
  facet normal 0 -0.7518398074789827 0.6593458151000628
    outer loop
      vertex -4 27.36531732776701 8.487009143206976
      vertex 4 27.36531732776701 8.487009143206976
      vertex 4 27.43431457505076 8.565685424949239
    endloop
  endfacet
  facet normal 0 -0.6593458151000616 0.7518398074789837
    outer loop
      vertex -4 27.51299085679302 8.634682672232987
      vertex 4 27.43431457505076 8.565685424949239
      vertex 4 27.51299085679302 8.634682672232987
    endloop
  endfacet
  facet normal 0 -0.5555702330196042 0.8314696123025438
    outer loop
      vertex -4 27.599999999999998 8.69282032302755
      vertex 4 27.51299085679302 8.634682672232987
      vertex 4 27.599999999999998 8.69282032302755
    endloop
  endfacet
  facet normal 0 -0.4422886902190091 0.8968727415326844
    outer loop
      vertex -4 27.693853254107925 8.73910362600903
      vertex 4 27.599999999999998 8.69282032302755
      vertex 4 27.693853254107925 8.73910362600903
    endloop
  endfacet
  facet normal 0 -0.321439465303166 0.9469301294951042
    outer loop
      vertex -4 27.79294476391798 8.772740661031255
      vertex 4 27.693853254107925 8.73910362600903
      vertex 4 27.79294476391798 8.772740661031255
    endloop
  endfacet
  facet normal 0 -0.19509032201613147 0.9807852804032299
    outer loop
      vertex -4 27.895579046223954 8.793155889099049
      vertex 4 27.79294476391798 8.772740661031255
      vertex 4 27.895579046223954 8.793155889099049
    endloop
  endfacet
  facet normal 0 -0.06540312923014178 0.9978589232386036
    outer loop
      vertex -4 27.999999999999996 8.8
      vertex 4 27.895579046223954 8.793155889099049
      vertex 4 27.999999999999996 8.8
    endloop
  endfacet
  facet normal 0 0.06540312923012474 0.9978589232386046
    outer loop
      vertex -4 28.049999999999997 8.79672282685924
      vertex 4 27.999999999999996 8.8
      vertex 4 28.049999999999997 8.79672282685924
    endloop
  endfacet
  facet normal 1 0 0
    outer loop
      vertex 4 27.693853254107925 7.26089637399097
      vertex 4 27.693853254107925 8.73910362600903
      vertex 4 27.599999999999998 8.69282032302755
    endloop
  endfacet
  facet normal 1 0 0
    outer loop
      vertex 4 27.79294476391798 7.227259338968746
      vertex 4 27.79294476391798 8.772740661031255
      vertex 4 27.693853254107925 8.73910362600903
    endloop
  endfacet
  facet normal 1 0 0
    outer loop
      vertex 4 27.895579046223954 7.206844110900952
      vertex 4 27.895579046223954 8.793155889099049
      vertex 4 27.79294476391798 8.772740661031255
    endloop
  endfacet
  facet normal 1 0 0
    outer loop
      vertex 4 27.999999999999996 7.2
      vertex 4 27.999999999999996 8.8
      vertex 4 27.895579046223954 8.793155889099049
    endloop
  endfacet
  facet normal 1 0 0
    outer loop
      vertex 4 27.999999999999996 7.2
      vertex 4 28.049999999999997 8.79672282685924
      vertex 4 27.999999999999996 8.8
    endloop
  endfacet
  facet normal 0 -0.32143946530315837 -0.9469301294951068
    outer loop
      vertex 21 27.79294476391798 7.227259338968746
      vertex 29 27.79294476391798 7.227259338968746
      vertex 21 27.693853254107925 7.26089637399097
    endloop
  endfacet
  facet normal 0 -0.4422886902190091 -0.8968727415326844
    outer loop
      vertex 21 27.693853254107925 7.26089637399097
      vertex 29 27.693853254107925 7.26089637399097
      vertex 21 27.599999999999998 7.307179676972449
    endloop
  endfacet
  facet normal 0 -0.5555702330195984 -0.8314696123025478
    outer loop
      vertex 21 27.599999999999998 7.307179676972449
      vertex 29 27.599999999999998 7.307179676972449
      vertex 21 27.51299085679302 7.365317327767012
    endloop
  endfacet
  facet normal 0 -0.6593458151000712 -0.7518398074789753
    outer loop
      vertex 21 27.51299085679302 7.365317327767012
      vertex 29 27.51299085679302 7.365317327767012
      vertex 21 27.43431457505076 7.434314575050762
    endloop
  endfacet
  facet normal 0 -0.7518398074789753 -0.6593458151000712
    outer loop
      vertex 21 27.43431457505076 7.434314575050762
      vertex 29 27.36531732776701 7.5129908567930235
      vertex 21 27.36531732776701 7.5129908567930235
    endloop
  endfacet
  facet normal 0 -0.8314696123025412 -0.5555702330196082
    outer loop
      vertex 21 27.307179676972446 7.6
      vertex 21 27.36531732776701 7.5129908567930235
      vertex 29 27.307179676972446 7.6
    endloop
  endfacet
  facet normal 0 -0.19509032201613147 -0.9807852804032299
    outer loop
      vertex 21 27.79294476391798 7.227259338968746
      vertex 21 27.895579046223954 7.206844110900952
      vertex 29 27.895579046223954 7.206844110900952
    endloop
  endfacet
  facet normal 0 -0.06540312923014178 -0.9978589232386036
    outer loop
      vertex 21 27.895579046223954 7.206844110900952
      vertex 21 27.999999999999996 7.2
      vertex 29 27.999999999999996 7.2
    endloop
  endfacet
  facet normal 0 0.0654031292301424 -0.9978589232386035
    outer loop
      vertex 21 27.999999999999996 7.2
      vertex 21 28.049999999999997 7.203277173140762
      vertex 29 28.049999999999997 7.203277173140762
    endloop
  endfacet
  facet normal -1 0 0
    outer loop
      vertex 21 27.693853254107925 7.26089637399097
      vertex 21 27.599999999999998 7.307179676972449
      vertex 21 27.693853254107925 8.73910362600903
    endloop
  endfacet
  facet normal -1 0 0
    outer loop
      vertex 21 27.79294476391798 7.227259338968746
      vertex 21 27.693853254107925 7.26089637399097
      vertex 21 27.79294476391798 8.772740661031255
    endloop
  endfacet
  facet normal -1 0 0
    outer loop
      vertex 21 27.307179676972446 7.6
      vertex 21 27.260896373990967 7.693853254107928
      vertex 21 27.307179676972446 8.4
    endloop
  endfacet
  facet normal -1 0 0
    outer loop
      vertex 21 27.260896373990967 7.693853254107928
      vertex 21 27.227259338968743 7.792944763917983
      vertex 21 27.260896373990967 8.306146745892072
    endloop
  endfacet
  facet normal -1 0 0
    outer loop
      vertex 21 27.51299085679302 7.365317327767012
      vertex 21 27.43431457505076 7.434314575050762
      vertex 21 27.51299085679302 8.634682672232987
    endloop
  endfacet
  facet normal -1 0 0
    outer loop
      vertex 21 27.43431457505076 7.434314575050762
      vertex 21 27.36531732776701 7.5129908567930235
      vertex 21 27.43431457505076 8.565685424949239
    endloop
  endfacet
  facet normal -1 0 0
    outer loop
      vertex 21 27.599999999999998 7.307179676972449
      vertex 21 27.51299085679302 7.365317327767012
      vertex 21 27.599999999999998 8.69282032302755
    endloop
  endfacet
  facet normal -1 0 0
    outer loop
      vertex 21 27.307179676972446 7.6
      vertex 21 27.36531732776701 8.487009143206976
      vertex 21 27.36531732776701 7.5129908567930235
    endloop
  endfacet
  facet normal 0 -0.8968727415326877 -0.4422886902190024
    outer loop
      vertex 21 27.307179676972446 7.6
      vertex 29 27.260896373990967 7.693853254107928
      vertex 21 27.260896373990967 7.693853254107928
    endloop
  endfacet
  facet normal 0 -0.9469301294951094 -0.3214394653031508
    outer loop
      vertex 21 27.260896373990967 7.693853254107928
      vertex 29 27.227259338968743 7.792944763917983
      vertex 21 27.227259338968743 7.792944763917983
    endloop
  endfacet
  facet normal 0 -0.9807852804032302 -0.19509032201612986
    outer loop
      vertex 21 27.227259338968743 7.792944763917983
      vertex 29 27.20684411090095 7.895579046223959
      vertex 21 27.20684411090095 7.895579046223959
    endloop
  endfacet
  facet normal -1 0 0
    outer loop
      vertex 21 27.227259338968743 7.792944763917983
      vertex 21 27.20684411090095 7.895579046223959
      vertex 21 27.227259338968743 8.207055236082017
    endloop
  endfacet
  facet normal -1 0 0
    outer loop
      vertex 21 27.20684411090095 7.895579046223959
      vertex 21 27.199999999999996 8
      vertex 21 27.20684411090095 8.10442095377604
    endloop
  endfacet
  facet normal -1 0 0
    outer loop
      vertex 21 27.20684411090095 7.895579046223959
      vertex 21 27.20684411090095 8.10442095377604
      vertex 21 27.227259338968743 8.207055236082017
    endloop
  endfacet
  facet normal -1 0 0
    outer loop
      vertex 21 27.227259338968743 7.792944763917983
      vertex 21 27.227259338968743 8.207055236082017
      vertex 21 27.260896373990967 8.306146745892072
    endloop
  endfacet
  facet normal -1 0 0
    outer loop
      vertex 21 27.260896373990967 7.693853254107928
      vertex 21 27.260896373990967 8.306146745892072
      vertex 21 27.307179676972446 8.4
    endloop
  endfacet
  facet normal -1 0 0
    outer loop
      vertex 21 27.307179676972446 7.6
      vertex 21 27.307179676972446 8.4
      vertex 21 27.36531732776701 8.487009143206976
    endloop
  endfacet
  facet normal -1 0 0
    outer loop
      vertex 21 27.36531732776701 7.5129908567930235
      vertex 21 27.36531732776701 8.487009143206976
      vertex 21 27.43431457505076 8.565685424949239
    endloop
  endfacet
  facet normal -1 0 0
    outer loop
      vertex 21 27.43431457505076 7.434314575050762
      vertex 21 27.43431457505076 8.565685424949239
      vertex 21 27.51299085679302 8.634682672232987
    endloop
  endfacet
  facet normal 0 -0.9978589232386024 -0.06540312923015924
    outer loop
      vertex 21 27.20684411090095 7.895579046223959
      vertex 29 27.199999999999996 8
      vertex 21 27.199999999999996 8
    endloop
  endfacet
  facet normal 0 -0.9978589232386024 0.0654031292301598
    outer loop
      vertex 21 27.199999999999996 8
      vertex 29 27.20684411090095 8.10442095377604
      vertex 21 27.20684411090095 8.10442095377604
    endloop
  endfacet
  facet normal 0 -0.9807852804032304 0.1950903220161282
    outer loop
      vertex 21 27.20684411090095 8.10442095377604
      vertex 29 27.227259338968743 8.207055236082017
      vertex 21 27.227259338968743 8.207055236082017
    endloop
  endfacet
  facet normal -1 0 0
    outer loop
      vertex 21 27.79294476391798 7.227259338968746
      vertex 21 27.895579046223954 8.793155889099049
      vertex 21 27.895579046223954 7.206844110900952
    endloop
  endfacet
  facet normal -1 0 0
    outer loop
      vertex 21 27.895579046223954 7.206844110900952
      vertex 21 27.999999999999996 8.8
      vertex 21 27.999999999999996 7.2
    endloop
  endfacet
  facet normal -1 0 0
    outer loop
      vertex 21 27.999999999999996 7.2
      vertex 21 27.999999999999996 8.8
      vertex 21 28.049999999999997 7.203277173140762
    endloop
  endfacet
  facet normal -1 0 0
    outer loop
      vertex 21 27.51299085679302 7.365317327767012
      vertex 21 27.51299085679302 8.634682672232987
      vertex 21 27.599999999999998 8.69282032302755
    endloop
  endfacet
  facet normal -1 0 0
    outer loop
      vertex 21 27.599999999999998 7.307179676972449
      vertex 21 27.599999999999998 8.69282032302755
      vertex 21 27.693853254107925 8.73910362600903
    endloop
  endfacet
  facet normal -1 0 0
    outer loop
      vertex 21 27.693853254107925 7.26089637399097
      vertex 21 27.693853254107925 8.73910362600903
      vertex 21 27.79294476391798 8.772740661031255
    endloop
  endfacet
  facet normal 0 -0.9469301294951094 0.3214394653031508
    outer loop
      vertex 21 27.227259338968743 8.207055236082017
      vertex 29 27.260896373990967 8.306146745892072
      vertex 21 27.260896373990967 8.306146745892072
    endloop
  endfacet
  facet normal 0 -0.8968727415326877 0.4422886902190024
    outer loop
      vertex 21 27.260896373990967 8.306146745892072
      vertex 29 27.307179676972446 8.4
      vertex 21 27.307179676972446 8.4
    endloop
  endfacet
  facet normal 0 -0.8314696123025387 0.5555702330196121
    outer loop
      vertex 21 27.307179676972446 8.4
      vertex 29 27.36531732776701 8.487009143206976
      vertex 21 27.36531732776701 8.487009143206976
    endloop
  endfacet
  facet normal 0 -0.7518398074789827 0.6593458151000628
    outer loop
      vertex 21 27.36531732776701 8.487009143206976
      vertex 29 27.43431457505076 8.565685424949239
      vertex 21 27.43431457505076 8.565685424949239
    endloop
  endfacet
  facet normal 0 -0.6593458151000616 0.7518398074789837
    outer loop
      vertex 21 27.43431457505076 8.565685424949239
      vertex 29 27.43431457505076 8.565685424949239
      vertex 21 27.51299085679302 8.634682672232987
    endloop
  endfacet
  facet normal 0 -0.5555702330196042 0.8314696123025438
    outer loop
      vertex 21 27.51299085679302 8.634682672232987
      vertex 29 27.51299085679302 8.634682672232987
      vertex 21 27.599999999999998 8.69282032302755
    endloop
  endfacet
  facet normal 0 -0.4422886902190091 0.8968727415326844
    outer loop
      vertex 21 27.599999999999998 8.69282032302755
      vertex 29 27.599999999999998 8.69282032302755
      vertex 21 27.693853254107925 8.73910362600903
    endloop
  endfacet
  facet normal 0 -0.321439465303166 0.9469301294951042
    outer loop
      vertex 21 27.693853254107925 8.73910362600903
      vertex 29 27.693853254107925 8.73910362600903
      vertex 21 27.79294476391798 8.772740661031255
    endloop
  endfacet
  facet normal -1 0 0
    outer loop
      vertex 21 27.79294476391798 7.227259338968746
      vertex 21 27.79294476391798 8.772740661031255
      vertex 21 27.895579046223954 8.793155889099049
    endloop
  endfacet
  facet normal -1 0 0
    outer loop
      vertex 21 27.895579046223954 7.206844110900952
      vertex 21 27.895579046223954 8.793155889099049
      vertex 21 27.999999999999996 8.8
    endloop
  endfacet
  facet normal -1 0 0
    outer loop
      vertex 21 28.049999999999997 7.203277173140762
      vertex 21 27.999999999999996 8.8
      vertex 21 28.049999999999997 8.79672282685924
    endloop
  endfacet
  facet normal 0 -0.19509032201613147 0.9807852804032299
    outer loop
      vertex 21 27.79294476391798 8.772740661031255
      vertex 29 27.79294476391798 8.772740661031255
      vertex 21 27.895579046223954 8.793155889099049
    endloop
  endfacet
  facet normal 0 -0.06540312923014178 0.9978589232386036
    outer loop
      vertex 21 27.895579046223954 8.793155889099049
      vertex 29 27.895579046223954 8.793155889099049
      vertex 21 27.999999999999996 8.8
    endloop
  endfacet
  facet normal 0 0.06540312923012474 0.9978589232386046
    outer loop
      vertex 21 27.999999999999996 8.8
      vertex 29 27.999999999999996 8.8
      vertex 21 28.049999999999997 8.79672282685924
    endloop
  endfacet
  facet normal 0 -0.32143946530315837 -0.9469301294951068
    outer loop
      vertex 21 27.693853254107925 7.26089637399097
      vertex 29 27.79294476391798 7.227259338968746
      vertex 29 27.693853254107925 7.26089637399097
    endloop
  endfacet
  facet normal 0 -0.4422886902190091 -0.8968727415326844
    outer loop
      vertex 21 27.599999999999998 7.307179676972449
      vertex 29 27.693853254107925 7.26089637399097
      vertex 29 27.599999999999998 7.307179676972449
    endloop
  endfacet
  facet normal 0 -0.5555702330195984 -0.8314696123025478
    outer loop
      vertex 21 27.51299085679302 7.365317327767012
      vertex 29 27.599999999999998 7.307179676972449
      vertex 29 27.51299085679302 7.365317327767012
    endloop
  endfacet
  facet normal 0 -0.6593458151000712 -0.7518398074789753
    outer loop
      vertex 21 27.43431457505076 7.434314575050762
      vertex 29 27.51299085679302 7.365317327767012
      vertex 29 27.43431457505076 7.434314575050762
    endloop
  endfacet
  facet normal 0 -0.7518398074789753 -0.6593458151000712
    outer loop
      vertex 21 27.43431457505076 7.434314575050762
      vertex 29 27.43431457505076 7.434314575050762
      vertex 29 27.36531732776701 7.5129908567930235
    endloop
  endfacet
  facet normal 0 -0.8968727415326877 -0.4422886902190024
    outer loop
      vertex 21 27.307179676972446 7.6
      vertex 29 27.307179676972446 7.6
      vertex 29 27.260896373990967 7.693853254107928
    endloop
  endfacet
  facet normal 0 -0.8314696123025412 -0.5555702330196082
    outer loop
      vertex 21 27.36531732776701 7.5129908567930235
      vertex 29 27.36531732776701 7.5129908567930235
      vertex 29 27.307179676972446 7.6
    endloop
  endfacet
  facet normal 0 -0.19509032201613147 -0.9807852804032299
    outer loop
      vertex 21 27.79294476391798 7.227259338968746
      vertex 29 27.895579046223954 7.206844110900952
      vertex 29 27.79294476391798 7.227259338968746
    endloop
  endfacet
  facet normal 0 -0.06540312923014178 -0.9978589232386036
    outer loop
      vertex 21 27.895579046223954 7.206844110900952
      vertex 29 27.999999999999996 7.2
      vertex 29 27.895579046223954 7.206844110900952
    endloop
  endfacet
  facet normal 0 0.0654031292301424 -0.9978589232386035
    outer loop
      vertex 21 27.999999999999996 7.2
      vertex 29 28.049999999999997 7.203277173140762
      vertex 29 27.999999999999996 7.2
    endloop
  endfacet
  facet normal 0 -0.9469301294951094 -0.3214394653031508
    outer loop
      vertex 21 27.260896373990967 7.693853254107928
      vertex 29 27.260896373990967 7.693853254107928
      vertex 29 27.227259338968743 7.792944763917983
    endloop
  endfacet
  facet normal 0 -0.9807852804032302 -0.19509032201612986
    outer loop
      vertex 21 27.227259338968743 7.792944763917983
      vertex 29 27.227259338968743 7.792944763917983
      vertex 29 27.20684411090095 7.895579046223959
    endloop
  endfacet
  facet normal 0 -0.9978589232386024 -0.06540312923015924
    outer loop
      vertex 21 27.20684411090095 7.895579046223959
      vertex 29 27.20684411090095 7.895579046223959
      vertex 29 27.199999999999996 8
    endloop
  endfacet
  facet normal 0 -0.9978589232386024 0.0654031292301598
    outer loop
      vertex 21 27.199999999999996 8
      vertex 29 27.199999999999996 8
      vertex 29 27.20684411090095 8.10442095377604
    endloop
  endfacet
  facet normal 0 -0.9807852804032304 0.1950903220161282
    outer loop
      vertex 21 27.20684411090095 8.10442095377604
      vertex 29 27.20684411090095 8.10442095377604
      vertex 29 27.227259338968743 8.207055236082017
    endloop
  endfacet
  facet normal 1 0 0
    outer loop
      vertex 29 27.599999999999998 7.307179676972449
      vertex 29 27.51299085679302 8.634682672232987
      vertex 29 27.51299085679302 7.365317327767012
    endloop
  endfacet
  facet normal 1 0 0
    outer loop
      vertex 29 27.79294476391798 7.227259338968746
      vertex 29 27.693853254107925 8.73910362600903
      vertex 29 27.693853254107925 7.26089637399097
    endloop
  endfacet
  facet normal 1 0 0
    outer loop
      vertex 29 27.693853254107925 7.26089637399097
      vertex 29 27.599999999999998 8.69282032302755
      vertex 29 27.599999999999998 7.307179676972449
    endloop
  endfacet
  facet normal 1 0 0
    outer loop
      vertex 29 27.307179676972446 7.6
      vertex 29 27.36531732776701 7.5129908567930235
      vertex 29 27.307179676972446 8.4
    endloop
  endfacet
  facet normal 1 0 0
    outer loop
      vertex 29 27.307179676972446 7.6
      vertex 29 27.260896373990967 8.306146745892072
      vertex 29 27.260896373990967 7.693853254107928
    endloop
  endfacet
  facet normal 1 0 0
    outer loop
      vertex 29 27.227259338968743 7.792944763917983
      vertex 29 27.20684411090095 8.10442095377604
      vertex 29 27.20684411090095 7.895579046223959
    endloop
  endfacet
  facet normal 1 0 0
    outer loop
      vertex 29 27.260896373990967 7.693853254107928
      vertex 29 27.227259338968743 8.207055236082017
      vertex 29 27.227259338968743 7.792944763917983
    endloop
  endfacet
  facet normal 1 0 0
    outer loop
      vertex 29 27.43431457505076 7.434314575050762
      vertex 29 27.36531732776701 8.487009143206976
      vertex 29 27.36531732776701 7.5129908567930235
    endloop
  endfacet
  facet normal 1 0 0
    outer loop
      vertex 29 27.51299085679302 7.365317327767012
      vertex 29 27.43431457505076 8.565685424949239
      vertex 29 27.43431457505076 7.434314575050762
    endloop
  endfacet
  facet normal 1 0 0
    outer loop
      vertex 29 27.20684411090095 7.895579046223959
      vertex 29 27.20684411090095 8.10442095377604
      vertex 29 27.199999999999996 8
    endloop
  endfacet
  facet normal 1 0 0
    outer loop
      vertex 29 27.227259338968743 7.792944763917983
      vertex 29 27.227259338968743 8.207055236082017
      vertex 29 27.20684411090095 8.10442095377604
    endloop
  endfacet
  facet normal 1 0 0
    outer loop
      vertex 29 27.260896373990967 7.693853254107928
      vertex 29 27.260896373990967 8.306146745892072
      vertex 29 27.227259338968743 8.207055236082017
    endloop
  endfacet
  facet normal 1 0 0
    outer loop
      vertex 29 27.307179676972446 7.6
      vertex 29 27.307179676972446 8.4
      vertex 29 27.260896373990967 8.306146745892072
    endloop
  endfacet
  facet normal 1 0 0
    outer loop
      vertex 29 27.36531732776701 7.5129908567930235
      vertex 29 27.36531732776701 8.487009143206976
      vertex 29 27.307179676972446 8.4
    endloop
  endfacet
  facet normal 1 0 0
    outer loop
      vertex 29 27.43431457505076 7.434314575050762
      vertex 29 27.43431457505076 8.565685424949239
      vertex 29 27.36531732776701 8.487009143206976
    endloop
  endfacet
  facet normal 1 0 0
    outer loop
      vertex 29 27.51299085679302 7.365317327767012
      vertex 29 27.51299085679302 8.634682672232987
      vertex 29 27.43431457505076 8.565685424949239
    endloop
  endfacet
  facet normal 1 0 0
    outer loop
      vertex 29 27.599999999999998 7.307179676972449
      vertex 29 27.599999999999998 8.69282032302755
      vertex 29 27.51299085679302 8.634682672232987
    endloop
  endfacet
  facet normal 1 0 0
    outer loop
      vertex 29 27.79294476391798 7.227259338968746
      vertex 29 27.895579046223954 7.206844110900952
      vertex 29 27.79294476391798 8.772740661031255
    endloop
  endfacet
  facet normal 1 0 0
    outer loop
      vertex 29 27.895579046223954 7.206844110900952
      vertex 29 27.999999999999996 7.2
      vertex 29 27.895579046223954 8.793155889099049
    endloop
  endfacet
  facet normal 1 0 0
    outer loop
      vertex 29 27.999999999999996 7.2
      vertex 29 28.049999999999997 7.203277173140762
      vertex 29 28.049999999999997 8.79672282685924
    endloop
  endfacet
  facet normal 0 -0.9469301294951094 0.3214394653031508
    outer loop
      vertex 21 27.227259338968743 8.207055236082017
      vertex 29 27.227259338968743 8.207055236082017
      vertex 29 27.260896373990967 8.306146745892072
    endloop
  endfacet
  facet normal 0 -0.8968727415326877 0.4422886902190024
    outer loop
      vertex 21 27.260896373990967 8.306146745892072
      vertex 29 27.260896373990967 8.306146745892072
      vertex 29 27.307179676972446 8.4
    endloop
  endfacet
  facet normal 0 -0.8314696123025387 0.5555702330196121
    outer loop
      vertex 21 27.307179676972446 8.4
      vertex 29 27.307179676972446 8.4
      vertex 29 27.36531732776701 8.487009143206976
    endloop
  endfacet
  facet normal 0 -0.7518398074789827 0.6593458151000628
    outer loop
      vertex 21 27.36531732776701 8.487009143206976
      vertex 29 27.36531732776701 8.487009143206976
      vertex 29 27.43431457505076 8.565685424949239
    endloop
  endfacet
  facet normal 0 -0.6593458151000616 0.7518398074789837
    outer loop
      vertex 21 27.51299085679302 8.634682672232987
      vertex 29 27.43431457505076 8.565685424949239
      vertex 29 27.51299085679302 8.634682672232987
    endloop
  endfacet
  facet normal 0 -0.5555702330196042 0.8314696123025438
    outer loop
      vertex 21 27.599999999999998 8.69282032302755
      vertex 29 27.51299085679302 8.634682672232987
      vertex 29 27.599999999999998 8.69282032302755
    endloop
  endfacet
  facet normal 0 -0.4422886902190091 0.8968727415326844
    outer loop
      vertex 21 27.693853254107925 8.73910362600903
      vertex 29 27.599999999999998 8.69282032302755
      vertex 29 27.693853254107925 8.73910362600903
    endloop
  endfacet
  facet normal 0 -0.321439465303166 0.9469301294951042
    outer loop
      vertex 21 27.79294476391798 8.772740661031255
      vertex 29 27.693853254107925 8.73910362600903
      vertex 29 27.79294476391798 8.772740661031255
    endloop
  endfacet
  facet normal 0 -0.19509032201613147 0.9807852804032299
    outer loop
      vertex 21 27.895579046223954 8.793155889099049
      vertex 29 27.79294476391798 8.772740661031255
      vertex 29 27.895579046223954 8.793155889099049
    endloop
  endfacet
  facet normal 0 -0.06540312923014178 0.9978589232386036
    outer loop
      vertex 21 27.999999999999996 8.8
      vertex 29 27.895579046223954 8.793155889099049
      vertex 29 27.999999999999996 8.8
    endloop
  endfacet
  facet normal 0 0.06540312923012474 0.9978589232386046
    outer loop
      vertex 21 28.049999999999997 8.79672282685924
      vertex 29 27.999999999999996 8.8
      vertex 29 28.049999999999997 8.79672282685924
    endloop
  endfacet
  facet normal 1 0 0
    outer loop
      vertex 29 27.693853254107925 7.26089637399097
      vertex 29 27.693853254107925 8.73910362600903
      vertex 29 27.599999999999998 8.69282032302755
    endloop
  endfacet
  facet normal 1 0 0
    outer loop
      vertex 29 27.79294476391798 7.227259338968746
      vertex 29 27.79294476391798 8.772740661031255
      vertex 29 27.693853254107925 8.73910362600903
    endloop
  endfacet
  facet normal 1 0 0
    outer loop
      vertex 29 27.895579046223954 7.206844110900952
      vertex 29 27.895579046223954 8.793155889099049
      vertex 29 27.79294476391798 8.772740661031255
    endloop
  endfacet
  facet normal 1 0 0
    outer loop
      vertex 29 27.999999999999996 7.2
      vertex 29 27.999999999999996 8.8
      vertex 29 27.895579046223954 8.793155889099049
    endloop
  endfacet
  facet normal 1 0 0
    outer loop
      vertex 29 27.999999999999996 7.2
      vertex 29 28.049999999999997 8.79672282685924
      vertex 29 27.999999999999996 8.8
    endloop
  endfacet
  facet normal 0 0.3214394653031614 0.9469301294951057
    outer loop
      vertex -47.64999999999999 -5.265366864730179 3.9766789349774236
      vertex -46.050000000000004 -5.265366864730179 3.9766789349774236
      vertex -47.64999999999999 -5.0176380902050415 3.8925863474218607
    endloop
  endfacet
  facet normal 0 0.19509032201612952 0.9807852804032302
    outer loop
      vertex -47.64999999999999 -5.0176380902050415 3.8925863474218607
      vertex -46.050000000000004 -5.0176380902050415 3.8925863474218607
      vertex -47.64999999999999 -4.761052384440103 3.841548277252376
    endloop
  endfacet
  facet normal 0 0.06540312923014245 0.9978589232386036
    outer loop
      vertex -47.64999999999999 -4.761052384440103 3.841548277252376
      vertex -46.050000000000004 -4.761052384440103 3.841548277252376
      vertex -47.64999999999999 -4.5 3.824437999999997
    endloop
  endfacet
  facet normal 0 0.3214394653031614 0.9469301294951057
    outer loop
      vertex -47.64999999999999 -5.0176380902050415 3.8925863474218607
      vertex -46.050000000000004 -5.265366864730179 3.9766789349774236
      vertex -46.050000000000004 -5.0176380902050415 3.8925863474218607
    endloop
  endfacet
  facet normal 0 0.19509032201612952 0.9807852804032302
    outer loop
      vertex -47.64999999999999 -4.761052384440103 3.841548277252376
      vertex -46.050000000000004 -5.0176380902050415 3.8925863474218607
      vertex -46.050000000000004 -4.761052384440103 3.841548277252376
    endloop
  endfacet
  facet normal 0 0.44228869021900236 0.8968727415326877
    outer loop
      vertex -47.64999999999999 -5.265366864730179 3.9766789349774236
      vertex -47.64999999999999 -5.5 4.09238719243112
      vertex -46.050000000000004 -5.5 4.09238719243112
    endloop
  endfacet
  facet normal 0 0.44228869021900236 0.8968727415326877
    outer loop
      vertex -47.64999999999999 -5.265366864730179 3.9766789349774236
      vertex -46.050000000000004 -5.5 4.09238719243112
      vertex -46.050000000000004 -5.265366864730179 3.9766789349774236
    endloop
  endfacet
  facet normal 0 0.06540312923014245 0.9978589232386036
    outer loop
      vertex -47.64999999999999 -4.5 3.824437999999997
      vertex -46.050000000000004 -4.761052384440103 3.841548277252376
      vertex -46.050000000000004 -4.5 3.824437999999997
    endloop
  endfacet
  facet normal 0 0.5555702330196027 0.831469612302545
    outer loop
      vertex -47.64999999999999 -5.5 4.09238719243112
      vertex -47.64999999999999 -5.717522858017441 4.237731319417527
      vertex -46.050000000000004 -5.717522858017441 4.237731319417527
    endloop
  endfacet
  facet normal 0 0.5555702330196027 0.831469612302545
    outer loop
      vertex -47.64999999999999 -5.5 4.09238719243112
      vertex -46.050000000000004 -5.717522858017441 4.237731319417527
      vertex -46.050000000000004 -5.5 4.09238719243112
    endloop
  endfacet
  facet normal 0 0.6593458151000676 0.7518398074789784
    outer loop
      vertex -47.64999999999999 -5.717522858017441 4.237731319417527
      vertex -47.64999999999999 -5.914213562373095 4.410224437626902
      vertex -46.050000000000004 -5.914213562373095 4.410224437626902
    endloop
  endfacet
  facet normal 0 0.6593458151000676 0.7518398074789784
    outer loop
      vertex -46.050000000000004 -5.914213562373095 4.410224437626902
      vertex -46.050000000000004 -5.717522858017441 4.237731319417527
      vertex -47.64999999999999 -5.717522858017441 4.237731319417527
    endloop
  endfacet
  facet normal 0 0.7518398074789784 0.6593458151000676
    outer loop
      vertex -47.64999999999999 -5.914213562373095 4.410224437626902
      vertex -47.64999999999999 -6.08670668058247 4.606915141982556
      vertex -46.050000000000004 -6.08670668058247 4.606915141982556
    endloop
  endfacet
  facet normal 0 0.7518398074789784 0.6593458151000676
    outer loop
      vertex -47.64999999999999 -5.914213562373095 4.410224437626902
      vertex -46.050000000000004 -6.08670668058247 4.606915141982556
      vertex -46.050000000000004 -5.914213562373095 4.410224437626902
    endloop
  endfacet
  facet normal 0 0.831469612302545 0.5555702330196027
    outer loop
      vertex -47.64999999999999 -6.08670668058247 4.606915141982556
      vertex -46.050000000000004 -6.232050807568877 4.824437999999997
      vertex -46.050000000000004 -6.08670668058247 4.606915141982556
    endloop
  endfacet
  facet normal 0 0 1
    outer loop
      vertex -47.64999999999999 -4.5 3.824437999999997
      vertex -46.050000000000004 -4.5 3.824437999999997
      vertex -47.64999999999999 4.5 3.824437999999997
    endloop
  endfacet
  facet normal 0 0.831469612302545 0.5555702330196027
    outer loop
      vertex -47.64999999999999 -6.232050807568877 4.824437999999997
      vertex -46.050000000000004 -6.232050807568877 4.824437999999997
      vertex -47.64999999999999 -6.08670668058247 4.606915141982556
    endloop
  endfacet
  facet normal 0 0.896872741532687 0.44228869021900374
    outer loop
      vertex -46.050000000000004 -6.347759065022574 5.059071135269818
      vertex -47.64999999999999 -6.232050807568877 4.824437999999997
      vertex -47.64999999999999 -6.347759065022574 5.059071135269818
    endloop
  endfacet
  facet normal 0 0.896872741532687 0.44228869021900374
    outer loop
      vertex -47.64999999999999 -6.232050807568877 4.824437999999997
      vertex -46.050000000000004 -6.347759065022574 5.059071135269818
      vertex -46.050000000000004 -6.232050807568877 4.824437999999997
    endloop
  endfacet
  facet normal 0 0.9469301294951062 0.3214394653031599
    outer loop
      vertex -47.64999999999999 -6.347759065022574 5.059071135269818
      vertex -47.64999999999999 -6.431851652578136 5.306799909794956
      vertex -46.050000000000004 -6.431851652578136 5.306799909794956
    endloop
  endfacet
  facet normal 0 0.9469301294951062 0.3214394653031599
    outer loop
      vertex -47.64999999999999 -6.347759065022574 5.059071135269818
      vertex -46.050000000000004 -6.431851652578136 5.306799909794956
      vertex -46.050000000000004 -6.347759065022574 5.059071135269818
    endloop
  endfacet
  facet normal 0 0.9807852804032302 0.19509032201612952
    outer loop
      vertex -47.64999999999999 -6.431851652578136 5.306799909794956
      vertex -46.050000000000004 -6.482889722747621 5.563385615559894
      vertex -46.050000000000004 -6.431851652578136 5.306799909794956
    endloop
  endfacet
  facet normal 0 0.9807852804032302 0.19509032201612952
    outer loop
      vertex -47.64999999999999 -6.431851652578136 5.306799909794956
      vertex -47.64999999999999 -6.482889722747621 5.563385615559894
      vertex -46.050000000000004 -6.482889722747621 5.563385615559894
    endloop
  endfacet
  facet normal 0 0.9978589232386036 0.06540312923014245
    outer loop
      vertex -47.64999999999999 -6.482889722747621 5.563385615559894
      vertex -46.050000000000004 -6.5 5.824437999999997
      vertex -46.050000000000004 -6.482889722747621 5.563385615559894
    endloop
  endfacet
  facet normal 0 0.9978589232386036 0.06540312923014245
    outer loop
      vertex -47.64999999999999 -6.482889722747621 5.563385615559894
      vertex -47.64999999999999 -6.5 5.824437999999997
      vertex -46.050000000000004 -6.5 5.824437999999997
    endloop
  endfacet
  facet normal 0 1 0
    outer loop
      vertex -46.050000000000004 -6.5 5.824437999999997
      vertex -47.64999999999999 -6.5 5.824437999999997
      vertex -46.050000000000004 -6.5 9.4
    endloop
  endfacet
  facet normal 0 1 0
    outer loop
      vertex -47.64999999999999 -6.5 9.4
      vertex -46.050000000000004 -6.5 9.4
      vertex -47.64999999999999 -6.5 5.824437999999997
    endloop
  endfacet
  facet normal 0 0 1
    outer loop
      vertex -46.050000000000004 -4.5 3.824437999999997
      vertex -46.050000000000004 4.5 3.824437999999997
      vertex -47.64999999999999 4.5 3.824437999999997
    endloop
  endfacet
  facet normal 0 -0.06540312923014245 0.9978589232386036
    outer loop
      vertex -47.64999999999999 4.5 3.824437999999997
      vertex -46.050000000000004 4.5 3.824437999999997
      vertex -47.64999999999999 4.761052384440103 3.841548277252376
    endloop
  endfacet
  facet normal 0 -0.19509032201612952 0.9807852804032302
    outer loop
      vertex -47.64999999999999 5.0176380902050415 3.8925863474218607
      vertex -47.64999999999999 4.761052384440103 3.841548277252376
      vertex -46.050000000000004 4.761052384440103 3.841548277252376
    endloop
  endfacet
  facet normal 0 -0.3214394653031614 0.9469301294951057
    outer loop
      vertex -47.64999999999999 5.265366864730179 3.9766789349774236
      vertex -47.64999999999999 5.0176380902050415 3.8925863474218607
      vertex -46.050000000000004 5.0176380902050415 3.8925863474218607
    endloop
  endfacet
  facet normal 0 -0.06540312923014245 0.9978589232386036
    outer loop
      vertex -47.64999999999999 4.761052384440103 3.841548277252376
      vertex -46.050000000000004 4.5 3.824437999999997
      vertex -46.050000000000004 4.761052384440103 3.841548277252376
    endloop
  endfacet
  facet normal 0 -0.19509032201612952 0.9807852804032302
    outer loop
      vertex -47.64999999999999 5.0176380902050415 3.8925863474218607
      vertex -46.050000000000004 4.761052384440103 3.841548277252376
      vertex -46.050000000000004 5.0176380902050415 3.8925863474218607
    endloop
  endfacet
  facet normal 0 -0.3214394653031614 0.9469301294951057
    outer loop
      vertex -47.64999999999999 5.265366864730179 3.9766789349774236
      vertex -46.050000000000004 5.0176380902050415 3.8925863474218607
      vertex -46.050000000000004 5.265366864730179 3.9766789349774236
    endloop
  endfacet
  facet normal 0 -0.44228869021900236 0.8968727415326877
    outer loop
      vertex -47.64999999999999 5.265366864730179 3.9766789349774236
      vertex -46.050000000000004 5.265366864730179 3.9766789349774236
      vertex -47.64999999999999 5.5 4.09238719243112
    endloop
  endfacet
  facet normal 0 -0.44228869021900236 0.8968727415326877
    outer loop
      vertex -47.64999999999999 5.5 4.09238719243112
      vertex -46.050000000000004 5.265366864730179 3.9766789349774236
      vertex -46.050000000000004 5.5 4.09238719243112
    endloop
  endfacet
  facet normal 0 -0.5555702330196027 0.831469612302545
    outer loop
      vertex -47.64999999999999 5.5 4.09238719243112
      vertex -46.050000000000004 5.5 4.09238719243112
      vertex -47.64999999999999 5.717522858017441 4.237731319417527
    endloop
  endfacet
  facet normal 0 -0.5555702330196027 0.831469612302545
    outer loop
      vertex -47.64999999999999 5.717522858017441 4.237731319417527
      vertex -46.050000000000004 5.5 4.09238719243112
      vertex -46.050000000000004 5.717522858017441 4.237731319417527
    endloop
  endfacet
  facet normal 0 -0.6593458151000676 0.7518398074789784
    outer loop
      vertex -47.64999999999999 5.717522858017441 4.237731319417527
      vertex -46.050000000000004 5.717522858017441 4.237731319417527
      vertex -47.64999999999999 5.914213562373095 4.410224437626902
    endloop
  endfacet
  facet normal 0 -0.6593458151000676 0.7518398074789784
    outer loop
      vertex -46.050000000000004 5.914213562373095 4.410224437626902
      vertex -47.64999999999999 5.914213562373095 4.410224437626902
      vertex -46.050000000000004 5.717522858017441 4.237731319417527
    endloop
  endfacet
  facet normal 0 -0.7518398074789784 0.6593458151000676
    outer loop
      vertex -47.64999999999999 5.914213562373095 4.410224437626902
      vertex -46.050000000000004 5.914213562373095 4.410224437626902
      vertex -47.64999999999999 6.08670668058247 4.606915141982556
    endloop
  endfacet
  facet normal 0 -0.7518398074789784 0.6593458151000676
    outer loop
      vertex -47.64999999999999 6.08670668058247 4.606915141982556
      vertex -46.050000000000004 5.914213562373095 4.410224437626902
      vertex -46.050000000000004 6.08670668058247 4.606915141982556
    endloop
  endfacet
  facet normal 0 -0.831469612302545 0.5555702330196027
    outer loop
      vertex -47.64999999999999 6.08670668058247 4.606915141982556
      vertex -46.050000000000004 6.08670668058247 4.606915141982556
      vertex -47.64999999999999 6.232050807568877 4.824437999999997
    endloop
  endfacet
  facet normal 0 -0.831469612302545 0.5555702330196027
    outer loop
      vertex -47.64999999999999 6.232050807568877 4.824437999999997
      vertex -46.050000000000004 6.08670668058247 4.606915141982556
      vertex -46.050000000000004 6.232050807568877 4.824437999999997
    endloop
  endfacet
  facet normal 0 -0.896872741532687 0.44228869021900374
    outer loop
      vertex -47.64999999999999 6.232050807568877 4.824437999999997
      vertex -46.050000000000004 6.232050807568877 4.824437999999997
      vertex -47.64999999999999 6.347759065022574 5.059071135269818
    endloop
  endfacet
  facet normal 0 -0.896872741532687 0.44228869021900374
    outer loop
      vertex -46.050000000000004 6.347759065022574 5.059071135269818
      vertex -47.64999999999999 6.347759065022574 5.059071135269818
      vertex -46.050000000000004 6.232050807568877 4.824437999999997
    endloop
  endfacet
  facet normal 0 -0.9469301294951062 0.3214394653031599
    outer loop
      vertex -46.050000000000004 6.347759065022574 5.059071135269818
      vertex -47.64999999999999 6.431851652578136 5.306799909794956
      vertex -47.64999999999999 6.347759065022574 5.059071135269818
    endloop
  endfacet
  facet normal 0 -0.9469301294951062 0.3214394653031599
    outer loop
      vertex -46.050000000000004 6.347759065022574 5.059071135269818
      vertex -46.050000000000004 6.431851652578136 5.306799909794956
      vertex -47.64999999999999 6.431851652578136 5.306799909794956
    endloop
  endfacet
  facet normal 0 -0.9807852804032302 0.19509032201612952
    outer loop
      vertex -47.64999999999999 6.431851652578136 5.306799909794956
      vertex -46.050000000000004 6.431851652578136 5.306799909794956
      vertex -47.64999999999999 6.482889722747621 5.563385615559894
    endloop
  endfacet
  facet normal 0 -0.9807852804032302 0.19509032201612952
    outer loop
      vertex -46.050000000000004 6.431851652578136 5.306799909794956
      vertex -46.050000000000004 6.482889722747621 5.563385615559894
      vertex -47.64999999999999 6.482889722747621 5.563385615559894
    endloop
  endfacet
  facet normal 0 -0.9978589232386036 0.06540312923014245
    outer loop
      vertex -46.050000000000004 6.482889722747621 5.563385615559894
      vertex -47.64999999999999 6.5 5.824437999999997
      vertex -47.64999999999999 6.482889722747621 5.563385615559894
    endloop
  endfacet
  facet normal 0 -0.9978589232386036 0.06540312923014245
    outer loop
      vertex -46.050000000000004 6.482889722747621 5.563385615559894
      vertex -46.050000000000004 6.5 5.824437999999997
      vertex -47.64999999999999 6.5 5.824437999999997
    endloop
  endfacet
  facet normal 0 -1 0
    outer loop
      vertex -46.050000000000004 6.5 5.824437999999997
      vertex -47.64999999999999 6.5 9.4
      vertex -47.64999999999999 6.5 5.824437999999997
    endloop
  endfacet
  facet normal 0 -1 0
    outer loop
      vertex -46.050000000000004 6.5 9.4
      vertex -47.64999999999999 6.5 9.4
      vertex -46.050000000000004 6.5 5.824437999999997
    endloop
  endfacet
  facet normal 1 0 0
    outer loop
      vertex -34.8 -25.2 2.4
      vertex -34.8 -25.2 0
      vertex -34.8 25.2 2.4
    endloop
  endfacet
  facet normal 0 1 0
    outer loop
      vertex -34.8 -25.2 0
      vertex -34.8 -25.2 2.4
      vertex 35.2 -25.2 0
    endloop
  endfacet
  facet normal 1 0 0
    outer loop
      vertex -34.8 -25.2 0
      vertex -34.8 25.2 0
      vertex -34.8 25.2 2.4
    endloop
  endfacet
  facet normal 0 -1 0
    outer loop
      vertex 35.2 25.2 2.4
      vertex -34.8 25.2 2.4
      vertex -34.8 25.2 0
    endloop
  endfacet
  facet normal 0 1 0
    outer loop
      vertex -34.8 -25.2 2.4
      vertex 35.2 -25.2 2.4
      vertex 35.2 -25.2 0
    endloop
  endfacet
  facet normal -1 0 0
    outer loop
      vertex 35.2 25.2 0
      vertex 35.2 -25.2 0
      vertex 35.2 -25.2 2.4
    endloop
  endfacet
  facet normal -1 0 0
    outer loop
      vertex 35.2 -25.2 2.4
      vertex 35.2 -20.053576774333994 2.4
      vertex 35.2 25.2 0
    endloop
  endfacet
  facet normal 0 -1 0
    outer loop
      vertex -34.8 25.2 0
      vertex 35.2 25.2 0
      vertex 35.2 25.2 2.4
    endloop
  endfacet
  facet normal -1 0 0
    outer loop
      vertex 35.2 -20.053576774333994 2.4
      vertex 35.2 25.2 2.4
      vertex 35.2 25.2 0
    endloop
  endfacet
  facet normal 0 0 1
    outer loop
      vertex -31 29.65 5.75
      vertex -31 28.049999999999997 5.75
      vertex -19 29.65 5.75
    endloop
  endfacet
  facet normal 1 0 0
    outer loop
      vertex -31 28.049999999999997 5.75
      vertex -31 29.65 5.75
      vertex -31 28.049999999999997 9.4
    endloop
  endfacet
  facet normal 1 0 0
    outer loop
      vertex -31 29.65 5.75
      vertex -31 29.65 9.4
      vertex -31 28.049999999999997 9.4
    endloop
  endfacet
  facet normal 0 0 1
    outer loop
      vertex -31 28.049999999999997 5.75
      vertex -19 28.049999999999997 5.75
      vertex -19 29.65 5.75
    endloop
  endfacet
  facet normal -1 0 0
    outer loop
      vertex -19 29.65 9.4
      vertex -19 29.65 5.75
      vertex -19 28.049999999999997 5.75
    endloop
  endfacet
  facet normal -1 0 0
    outer loop
      vertex -19 28.049999999999997 9.4
      vertex -19 29.65 9.4
      vertex -19 28.049999999999997 5.75
    endloop
  endfacet
endsolid OpenSCAD_Model
